project,dataset_path,variable,rank,value,count_in_profile,profile_basis,profile_rows
insurance_churn_unwinding,data_clean/cms/cms_sipp_merge_ready_state_month_2023.csv,state_name,1,Alaska,10,full_file,510
insurance_churn_unwinding,data_clean/cms/cms_sipp_merge_ready_state_month_2023.csv,state_name,2,Alabama,10,full_file,510
insurance_churn_unwinding,data_clean/cms/cms_sipp_merge_ready_state_month_2023.csv,state_name,3,Arkansas,10,full_file,510
insurance_churn_unwinding,data_clean/cms/cms_sipp_merge_ready_state_month_2023.csv,state_name,4,Arizona,10,full_file,510
insurance_churn_unwinding,data_clean/cms/cms_sipp_merge_ready_state_month_2023.csv,state_name,5,California,10,full_file,510
insurance_churn_unwinding,data_clean/cms/cms_sipp_merge_ready_state_month_2023.csv,state_name,6,Colorado,10,full_file,510
insurance_churn_unwinding,data_clean/cms/cms_sipp_merge_ready_state_month_2023.csv,state_name,7,Connecticut,10,full_file,510
insurance_churn_unwinding,data_clean/cms/cms_sipp_merge_ready_state_month_2023.csv,state_name,8,District of Columbia,10,full_file,510
insurance_churn_unwinding,data_clean/cms/cms_sipp_merge_ready_state_month_2023.csv,state_name,9,Delaware,10,full_file,510
insurance_churn_unwinding,data_clean/cms/cms_sipp_merge_ready_state_month_2023.csv,state_name,10,Florida,10,full_file,510
insurance_churn_unwinding,data_clean/cms/cms_sipp_merge_ready_state_month_2023.csv,state_abbr,1,AK,10,full_file,510
insurance_churn_unwinding,data_clean/cms/cms_sipp_merge_ready_state_month_2023.csv,state_abbr,2,AL,10,full_file,510
insurance_churn_unwinding,data_clean/cms/cms_sipp_merge_ready_state_month_2023.csv,state_abbr,3,AR,10,full_file,510
insurance_churn_unwinding,data_clean/cms/cms_sipp_merge_ready_state_month_2023.csv,state_abbr,4,AZ,10,full_file,510
insurance_churn_unwinding,data_clean/cms/cms_sipp_merge_ready_state_month_2023.csv,state_abbr,5,CA,10,full_file,510
insurance_churn_unwinding,data_clean/cms/cms_sipp_merge_ready_state_month_2023.csv,state_abbr,6,CO,10,full_file,510
insurance_churn_unwinding,data_clean/cms/cms_sipp_merge_ready_state_month_2023.csv,state_abbr,7,CT,10,full_file,510
insurance_churn_unwinding,data_clean/cms/cms_sipp_merge_ready_state_month_2023.csv,state_abbr,8,DC,10,full_file,510
insurance_churn_unwinding,data_clean/cms/cms_sipp_merge_ready_state_month_2023.csv,state_abbr,9,DE,10,full_file,510
insurance_churn_unwinding,data_clean/cms/cms_sipp_merge_ready_state_month_2023.csv,state_abbr,10,FL,10,full_file,510
insurance_churn_unwinding,data_clean/cms/cms_sipp_merge_ready_state_month_2023.csv,state_fips,1,2,10,full_file,510
insurance_churn_unwinding,data_clean/cms/cms_sipp_merge_ready_state_month_2023.csv,state_fips,2,1,10,full_file,510
insurance_churn_unwinding,data_clean/cms/cms_sipp_merge_ready_state_month_2023.csv,state_fips,3,5,10,full_file,510
insurance_churn_unwinding,data_clean/cms/cms_sipp_merge_ready_state_month_2023.csv,state_fips,4,4,10,full_file,510
insurance_churn_unwinding,data_clean/cms/cms_sipp_merge_ready_state_month_2023.csv,state_fips,5,6,10,full_file,510
insurance_churn_unwinding,data_clean/cms/cms_sipp_merge_ready_state_month_2023.csv,state_fips,6,8,10,full_file,510
insurance_churn_unwinding,data_clean/cms/cms_sipp_merge_ready_state_month_2023.csv,state_fips,7,9,10,full_file,510
insurance_churn_unwinding,data_clean/cms/cms_sipp_merge_ready_state_month_2023.csv,state_fips,8,11,10,full_file,510
insurance_churn_unwinding,data_clean/cms/cms_sipp_merge_ready_state_month_2023.csv,state_fips,9,10,10,full_file,510
insurance_churn_unwinding,data_clean/cms/cms_sipp_merge_ready_state_month_2023.csv,state_fips,10,12,10,full_file,510
insurance_churn_unwinding,data_clean/cms/cms_sipp_merge_ready_state_month_2023.csv,cms_reporting_year,1,2023,510,full_file,510
insurance_churn_unwinding,data_clean/cms/cms_sipp_merge_ready_state_month_2023.csv,cms_reporting_month,1,3,51,full_file,510
insurance_churn_unwinding,data_clean/cms/cms_sipp_merge_ready_state_month_2023.csv,cms_reporting_month,2,4,51,full_file,510
insurance_churn_unwinding,data_clean/cms/cms_sipp_merge_ready_state_month_2023.csv,cms_reporting_month,3,5,51,full_file,510
insurance_churn_unwinding,data_clean/cms/cms_sipp_merge_ready_state_month_2023.csv,cms_reporting_month,4,6,51,full_file,510
insurance_churn_unwinding,data_clean/cms/cms_sipp_merge_ready_state_month_2023.csv,cms_reporting_month,5,7,51,full_file,510
insurance_churn_unwinding,data_clean/cms/cms_sipp_merge_ready_state_month_2023.csv,cms_reporting_month,6,8,51,full_file,510
insurance_churn_unwinding,data_clean/cms/cms_sipp_merge_ready_state_month_2023.csv,cms_reporting_month,7,9,51,full_file,510
insurance_churn_unwinding,data_clean/cms/cms_sipp_merge_ready_state_month_2023.csv,cms_reporting_month,8,10,51,full_file,510
insurance_churn_unwinding,data_clean/cms/cms_sipp_merge_ready_state_month_2023.csv,cms_reporting_month,9,11,51,full_file,510
insurance_churn_unwinding,data_clean/cms/cms_sipp_merge_ready_state_month_2023.csv,cms_reporting_month,10,12,51,full_file,510
insurance_churn_unwinding,data_clean/cms/cms_sipp_merge_ready_state_month_2023.csv,sipp_month_same,1,3,51,full_file,510
insurance_churn_unwinding,data_clean/cms/cms_sipp_merge_ready_state_month_2023.csv,sipp_month_same,2,4,51,full_file,510
insurance_churn_unwinding,data_clean/cms/cms_sipp_merge_ready_state_month_2023.csv,sipp_month_same,3,5,51,full_file,510
insurance_churn_unwinding,data_clean/cms/cms_sipp_merge_ready_state_month_2023.csv,sipp_month_same,4,6,51,full_file,510
insurance_churn_unwinding,data_clean/cms/cms_sipp_merge_ready_state_month_2023.csv,sipp_month_same,5,7,51,full_file,510
insurance_churn_unwinding,data_clean/cms/cms_sipp_merge_ready_state_month_2023.csv,sipp_month_same,6,8,51,full_file,510
insurance_churn_unwinding,data_clean/cms/cms_sipp_merge_ready_state_month_2023.csv,sipp_month_same,7,9,51,full_file,510
insurance_churn_unwinding,data_clean/cms/cms_sipp_merge_ready_state_month_2023.csv,sipp_month_same,8,10,51,full_file,510
insurance_churn_unwinding,data_clean/cms/cms_sipp_merge_ready_state_month_2023.csv,sipp_month_same,9,11,51,full_file,510
insurance_churn_unwinding,data_clean/cms/cms_sipp_merge_ready_state_month_2023.csv,sipp_month_same,10,12,51,full_file,510
insurance_churn_unwinding,data_clean/cms/cms_sipp_merge_ready_state_month_2023.csv,sipp_month_plus1,1,4,51,full_file,510
insurance_churn_unwinding,data_clean/cms/cms_sipp_merge_ready_state_month_2023.csv,sipp_month_plus1,2,5,51,full_file,510
insurance_churn_unwinding,data_clean/cms/cms_sipp_merge_ready_state_month_2023.csv,sipp_month_plus1,3,6,51,full_file,510
insurance_churn_unwinding,data_clean/cms/cms_sipp_merge_ready_state_month_2023.csv,sipp_month_plus1,4,7,51,full_file,510
insurance_churn_unwinding,data_clean/cms/cms_sipp_merge_ready_state_month_2023.csv,sipp_month_plus1,5,8,51,full_file,510
insurance_churn_unwinding,data_clean/cms/cms_sipp_merge_ready_state_month_2023.csv,sipp_month_plus1,6,9,51,full_file,510
insurance_churn_unwinding,data_clean/cms/cms_sipp_merge_ready_state_month_2023.csv,sipp_month_plus1,7,10,51,full_file,510
insurance_churn_unwinding,data_clean/cms/cms_sipp_merge_ready_state_month_2023.csv,sipp_month_plus1,8,11,51,full_file,510
insurance_churn_unwinding,data_clean/cms/cms_sipp_merge_ready_state_month_2023.csv,sipp_month_plus1,9,12,51,full_file,510
insurance_churn_unwinding,data_clean/cms/cms_sipp_merge_ready_state_month_2023.csv,sipp_month_plus1,10,13,51,full_file,510
insurance_churn_unwinding,data_clean/cms/cms_sipp_merge_ready_state_month_2023.csv,renewals_due,1,31863.0,2,full_file,510
insurance_churn_unwinding,data_clean/cms/cms_sipp_merge_ready_state_month_2023.csv,renewals_due,2,0.0,2,full_file,510
insurance_churn_unwinding,data_clean/cms/cms_sipp_merge_ready_state_month_2023.csv,renewals_due,3,83078.0,1,full_file,510
insurance_churn_unwinding,data_clean/cms/cms_sipp_merge_ready_state_month_2023.csv,renewals_due,4,38547.0,1,full_file,510
insurance_churn_unwinding,data_clean/cms/cms_sipp_merge_ready_state_month_2023.csv,renewals_due,5,33185.0,1,full_file,510
insurance_churn_unwinding,data_clean/cms/cms_sipp_merge_ready_state_month_2023.csv,renewals_due,6,43579.0,1,full_file,510
insurance_churn_unwinding,data_clean/cms/cms_sipp_merge_ready_state_month_2023.csv,renewals_due,7,230588.0,1,full_file,510
insurance_churn_unwinding,data_clean/cms/cms_sipp_merge_ready_state_month_2023.csv,renewals_due,8,207542.0,1,full_file,510
insurance_churn_unwinding,data_clean/cms/cms_sipp_merge_ready_state_month_2023.csv,renewals_due,9,232626.0,1,full_file,510
insurance_churn_unwinding,data_clean/cms/cms_sipp_merge_ready_state_month_2023.csv,renewals_due,10,223281.0,1,full_file,510
insurance_churn_unwinding,data_clean/cms/cms_sipp_merge_ready_state_month_2023.csv,renewed_total,1,0.0,2,full_file,510
insurance_churn_unwinding,data_clean/cms/cms_sipp_merge_ready_state_month_2023.csv,renewed_total,2,31305.0,1,full_file,510
insurance_churn_unwinding,data_clean/cms/cms_sipp_merge_ready_state_month_2023.csv,renewed_total,3,28710.0,1,full_file,510
insurance_churn_unwinding,data_clean/cms/cms_sipp_merge_ready_state_month_2023.csv,renewed_total,4,38394.0,1,full_file,510
insurance_churn_unwinding,data_clean/cms/cms_sipp_merge_ready_state_month_2023.csv,renewed_total,5,162693.0,1,full_file,510
insurance_churn_unwinding,data_clean/cms/cms_sipp_merge_ready_state_month_2023.csv,renewed_total,6,130592.0,1,full_file,510
insurance_churn_unwinding,data_clean/cms/cms_sipp_merge_ready_state_month_2023.csv,renewed_total,7,159426.0,1,full_file,510
insurance_churn_unwinding,data_clean/cms/cms_sipp_merge_ready_state_month_2023.csv,renewed_total,8,168663.0,1,full_file,510
insurance_churn_unwinding,data_clean/cms/cms_sipp_merge_ready_state_month_2023.csv,renewed_total,9,181807.0,1,full_file,510
insurance_churn_unwinding,data_clean/cms/cms_sipp_merge_ready_state_month_2023.csv,renewed_total,10,184093.0,1,full_file,510
insurance_churn_unwinding,data_clean/cms/cms_sipp_merge_ready_state_month_2023.csv,ex_parte_renewed,1,0.0,3,full_file,510
insurance_churn_unwinding,data_clean/cms/cms_sipp_merge_ready_state_month_2023.csv,ex_parte_renewed,2,2.0,2,full_file,510
insurance_churn_unwinding,data_clean/cms/cms_sipp_merge_ready_state_month_2023.csv,ex_parte_renewed,3,4880.0,2,full_file,510
insurance_churn_unwinding,data_clean/cms/cms_sipp_merge_ready_state_month_2023.csv,ex_parte_renewed,4,12031.0,2,full_file,510
insurance_churn_unwinding,data_clean/cms/cms_sipp_merge_ready_state_month_2023.csv,ex_parte_renewed,5,29432.0,1,full_file,510
insurance_churn_unwinding,data_clean/cms/cms_sipp_merge_ready_state_month_2023.csv,ex_parte_renewed,6,33845.0,1,full_file,510
insurance_churn_unwinding,data_clean/cms/cms_sipp_merge_ready_state_month_2023.csv,ex_parte_renewed,7,36466.0,1,full_file,510
insurance_churn_unwinding,data_clean/cms/cms_sipp_merge_ready_state_month_2023.csv,ex_parte_renewed,8,32357.0,1,full_file,510
insurance_churn_unwinding,data_clean/cms/cms_sipp_merge_ready_state_month_2023.csv,ex_parte_renewed,9,27349.0,1,full_file,510
insurance_churn_unwinding,data_clean/cms/cms_sipp_merge_ready_state_month_2023.csv,ex_parte_renewed,10,24170.0,1,full_file,510
insurance_churn_unwinding,data_clean/cms/cms_sipp_merge_ready_state_month_2023.csv,form_renewed,1,0.0,7,full_file,510
insurance_churn_unwinding,data_clean/cms/cms_sipp_merge_ready_state_month_2023.csv,form_renewed,2,32766.0,3,full_file,510
insurance_churn_unwinding,data_clean/cms/cms_sipp_merge_ready_state_month_2023.csv,form_renewed,3,27958.0,1,full_file,510
insurance_churn_unwinding,data_clean/cms/cms_sipp_merge_ready_state_month_2023.csv,form_renewed,4,17304.0,1,full_file,510
insurance_churn_unwinding,data_clean/cms/cms_sipp_merge_ready_state_month_2023.csv,form_renewed,5,16756.0,1,full_file,510
insurance_churn_unwinding,data_clean/cms/cms_sipp_merge_ready_state_month_2023.csv,form_renewed,6,25650.0,1,full_file,510
insurance_churn_unwinding,data_clean/cms/cms_sipp_merge_ready_state_month_2023.csv,form_renewed,7,22937.0,1,full_file,510
insurance_churn_unwinding,data_clean/cms/cms_sipp_merge_ready_state_month_2023.csv,form_renewed,8,25549.0,1,full_file,510
insurance_churn_unwinding,data_clean/cms/cms_sipp_merge_ready_state_month_2023.csv,form_renewed,9,22128.0,1,full_file,510
insurance_churn_unwinding,data_clean/cms/cms_sipp_merge_ready_state_month_2023.csv,form_renewed,10,7135.0,1,full_file,510
insurance_churn_unwinding,data_clean/cms/cms_sipp_merge_ready_state_month_2023.csv,ineligible_terminations,1,1895.0,2,full_file,510
insurance_churn_unwinding,data_clean/cms/cms_sipp_merge_ready_state_month_2023.csv,ineligible_terminations,2,8181.0,2,full_file,510
insurance_churn_unwinding,data_clean/cms/cms_sipp_merge_ready_state_month_2023.csv,ineligible_terminations,3,1480.0,2,full_file,510
insurance_churn_unwinding,data_clean/cms/cms_sipp_merge_ready_state_month_2023.csv,ineligible_terminations,4,894.0,2,full_file,510
insurance_churn_unwinding,data_clean/cms/cms_sipp_merge_ready_state_month_2023.csv,ineligible_terminations,5,0.0,2,full_file,510
insurance_churn_unwinding,data_clean/cms/cms_sipp_merge_ready_state_month_2023.csv,ineligible_terminations,6,8083.0,1,full_file,510
insurance_churn_unwinding,data_clean/cms/cms_sipp_merge_ready_state_month_2023.csv,ineligible_terminations,7,7103.0,1,full_file,510
insurance_churn_unwinding,data_clean/cms/cms_sipp_merge_ready_state_month_2023.csv,ineligible_terminations,8,1320.0,1,full_file,510
insurance_churn_unwinding,data_clean/cms/cms_sipp_merge_ready_state_month_2023.csv,ineligible_terminations,9,944.0,1,full_file,510
insurance_churn_unwinding,data_clean/cms/cms_sipp_merge_ready_state_month_2023.csv,ineligible_terminations,10,1110.0,1,full_file,510
insurance_churn_unwinding,data_clean/cms/cms_sipp_merge_ready_state_month_2023.csv,procedural_terminations,1,0.0,13,full_file,510
insurance_churn_unwinding,data_clean/cms/cms_sipp_merge_ready_state_month_2023.csv,procedural_terminations,2,58834.0,2,full_file,510
insurance_churn_unwinding,data_clean/cms/cms_sipp_merge_ready_state_month_2023.csv,procedural_terminations,3,2648.0,2,full_file,510
insurance_churn_unwinding,data_clean/cms/cms_sipp_merge_ready_state_month_2023.csv,procedural_terminations,4,30569.0,1,full_file,510
insurance_churn_unwinding,data_clean/cms/cms_sipp_merge_ready_state_month_2023.csv,procedural_terminations,5,40474.0,1,full_file,510
insurance_churn_unwinding,data_clean/cms/cms_sipp_merge_ready_state_month_2023.csv,procedural_terminations,6,34286.0,1,full_file,510
insurance_churn_unwinding,data_clean/cms/cms_sipp_merge_ready_state_month_2023.csv,procedural_terminations,7,31350.0,1,full_file,510
insurance_churn_unwinding,data_clean/cms/cms_sipp_merge_ready_state_month_2023.csv,procedural_terminations,8,29449.0,1,full_file,510
insurance_churn_unwinding,data_clean/cms/cms_sipp_merge_ready_state_month_2023.csv,procedural_terminations,9,26868.0,1,full_file,510
insurance_churn_unwinding,data_clean/cms/cms_sipp_merge_ready_state_month_2023.csv,procedural_terminations,10,29881.0,1,full_file,510
insurance_churn_unwinding,data_clean/cms/cms_sipp_merge_ready_state_month_2023.csv,pending_renewals,1,0.0,69,full_file,510
insurance_churn_unwinding,data_clean/cms/cms_sipp_merge_ready_state_month_2023.csv,pending_renewals,2,1.0,3,full_file,510
insurance_churn_unwinding,data_clean/cms/cms_sipp_merge_ready_state_month_2023.csv,pending_renewals,3,5689.0,2,full_file,510
insurance_churn_unwinding,data_clean/cms/cms_sipp_merge_ready_state_month_2023.csv,pending_renewals,4,147.0,2,full_file,510
insurance_churn_unwinding,data_clean/cms/cms_sipp_merge_ready_state_month_2023.csv,pending_renewals,5,435.0,2,full_file,510
insurance_churn_unwinding,data_clean/cms/cms_sipp_merge_ready_state_month_2023.csv,pending_renewals,6,37.0,2,full_file,510
insurance_churn_unwinding,data_clean/cms/cms_sipp_merge_ready_state_month_2023.csv,pending_renewals,7,22.0,2,full_file,510
insurance_churn_unwinding,data_clean/cms/cms_sipp_merge_ready_state_month_2023.csv,pending_renewals,8,35.0,2,full_file,510
insurance_churn_unwinding,data_clean/cms/cms_sipp_merge_ready_state_month_2023.csv,pending_renewals,9,39.0,2,full_file,510
insurance_churn_unwinding,data_clean/cms/cms_sipp_merge_ready_state_month_2023.csv,pending_renewals,10,1270.0,2,full_file,510
insurance_churn_unwinding,data_clean/cms/cms_sipp_merge_ready_state_month_2023.csv,renewal_success_rate_due,1,0.3690166692154764,1,full_file,510
insurance_churn_unwinding,data_clean/cms/cms_sipp_merge_ready_state_month_2023.csv,renewal_success_rate_due,2,0.4026560424966799,1,full_file,510
insurance_churn_unwinding,data_clean/cms/cms_sipp_merge_ready_state_month_2023.csv,renewal_success_rate_due,3,0.3952280701754386,1,full_file,510
insurance_churn_unwinding,data_clean/cms/cms_sipp_merge_ready_state_month_2023.csv,renewal_success_rate_due,4,0.395648912228057,1,full_file,510
insurance_churn_unwinding,data_clean/cms/cms_sipp_merge_ready_state_month_2023.csv,renewal_success_rate_due,5,0.4418658801614405,1,full_file,510
insurance_churn_unwinding,data_clean/cms/cms_sipp_merge_ready_state_month_2023.csv,renewal_success_rate_due,6,0.512232286464065,1,full_file,510
insurance_churn_unwinding,data_clean/cms/cms_sipp_merge_ready_state_month_2023.csv,renewal_success_rate_due,7,0.519205789571349,1,full_file,510
insurance_churn_unwinding,data_clean/cms/cms_sipp_merge_ready_state_month_2023.csv,renewal_success_rate_due,8,0.5477707006369427,1,full_file,510
insurance_churn_unwinding,data_clean/cms/cms_sipp_merge_ready_state_month_2023.csv,renewal_success_rate_due,9,0.7045000117616617,1,full_file,510
insurance_churn_unwinding,data_clean/cms/cms_sipp_merge_ready_state_month_2023.csv,renewal_success_rate_due,10,0.6503124715590207,1,full_file,510
insurance_churn_unwinding,data_clean/cms/cms_sipp_merge_ready_state_month_2023.csv,termination_rate_due,1,0.4788193913442422,1,full_file,510
insurance_churn_unwinding,data_clean/cms/cms_sipp_merge_ready_state_month_2023.csv,termination_rate_due,2,0.4778220451527224,1,full_file,510
insurance_churn_unwinding,data_clean/cms/cms_sipp_merge_ready_state_month_2023.csv,termination_rate_due,3,0.5332631578947369,1,full_file,510
insurance_churn_unwinding,data_clean/cms/cms_sipp_merge_ready_state_month_2023.csv,termination_rate_due,4,0.5277319329832458,1,full_file,510
insurance_churn_unwinding,data_clean/cms/cms_sipp_merge_ready_state_month_2023.csv,termination_rate_due,5,0.2059919279726793,1,full_file,510
insurance_churn_unwinding,data_clean/cms/cms_sipp_merge_ready_state_month_2023.csv,termination_rate_due,6,0.1973249809531871,1,full_file,510
insurance_churn_unwinding,data_clean/cms/cms_sipp_merge_ready_state_month_2023.csv,termination_rate_due,7,0.1930784932269438,1,full_file,510
insurance_churn_unwinding,data_clean/cms/cms_sipp_merge_ready_state_month_2023.csv,termination_rate_due,8,0.2010694346150821,1,full_file,510
insurance_churn_unwinding,data_clean/cms/cms_sipp_merge_ready_state_month_2023.csv,termination_rate_due,9,0.2944257564708742,1,full_file,510
insurance_churn_unwinding,data_clean/cms/cms_sipp_merge_ready_state_month_2023.csv,termination_rate_due,10,0.3496192700907077,1,full_file,510
insurance_churn_unwinding,data_clean/cms/cms_sipp_merge_ready_state_month_2023.csv,procedural_burden_due,1,0.0,11,full_file,510
insurance_churn_unwinding,data_clean/cms/cms_sipp_merge_ready_state_month_2023.csv,procedural_burden_due,2,0.3069653854321512,1,full_file,510
insurance_churn_unwinding,data_clean/cms/cms_sipp_merge_ready_state_month_2023.csv,procedural_burden_due,3,0.2906553861021863,1,full_file,510
insurance_churn_unwinding,data_clean/cms/cms_sipp_merge_ready_state_month_2023.csv,procedural_burden_due,4,0.2923294977713955,1,full_file,510
insurance_churn_unwinding,data_clean/cms/cms_sipp_merge_ready_state_month_2023.csv,procedural_burden_due,5,0.2831062958441084,1,full_file,510
insurance_churn_unwinding,data_clean/cms/cms_sipp_merge_ready_state_month_2023.csv,procedural_burden_due,6,0.2839178722010292,1,full_file,510
insurance_churn_unwinding,data_clean/cms/cms_sipp_merge_ready_state_month_2023.csv,procedural_burden_due,7,0.2898001144419982,1,full_file,510
insurance_churn_unwinding,data_clean/cms/cms_sipp_merge_ready_state_month_2023.csv,procedural_burden_due,8,0.4409707604930613,1,full_file,510
insurance_churn_unwinding,data_clean/cms/cms_sipp_merge_ready_state_month_2023.csv,procedural_burden_due,9,0.3746902262607539,1,full_file,510
insurance_churn_unwinding,data_clean/cms/cms_sipp_merge_ready_state_month_2023.csv,procedural_burden_due,10,0.3731843488538459,1,full_file,510
insurance_churn_unwinding,data_clean/cms/cms_sipp_merge_ready_state_month_2023.csv,procedural_share_terminations,1,0.0,11,full_file,510
insurance_churn_unwinding,data_clean/cms/cms_sipp_merge_ready_state_month_2023.csv,procedural_share_terminations,2,0.8779990455117359,1,full_file,510
insurance_churn_unwinding,data_clean/cms/cms_sipp_merge_ready_state_month_2023.csv,procedural_share_terminations,3,0.879940457858536,1,full_file,510
insurance_churn_unwinding,data_clean/cms/cms_sipp_merge_ready_state_month_2023.csv,procedural_share_terminations,4,0.8728214265827718,1,full_file,510
insurance_churn_unwinding,data_clean/cms/cms_sipp_merge_ready_state_month_2023.csv,procedural_share_terminations,5,0.8658669254064861,1,full_file,510
insurance_churn_unwinding,data_clean/cms/cms_sipp_merge_ready_state_month_2023.csv,procedural_share_terminations,6,0.870726253362284,1,full_file,510
insurance_churn_unwinding,data_clean/cms/cms_sipp_merge_ready_state_month_2023.csv,procedural_share_terminations,7,0.8690631998371288,1,full_file,510
insurance_churn_unwinding,data_clean/cms/cms_sipp_merge_ready_state_month_2023.csv,procedural_share_terminations,8,0.8665747460087083,1,full_file,510
insurance_churn_unwinding,data_clean/cms/cms_sipp_merge_ready_state_month_2023.csv,procedural_share_terminations,9,0.7232247024966945,1,full_file,510
insurance_churn_unwinding,data_clean/cms/cms_sipp_merge_ready_state_month_2023.csv,procedural_share_terminations,10,0.7321139823656833,1,full_file,510
insurance_churn_unwinding,data_clean/cms/cms_sipp_merge_ready_state_month_2023.csv,ex_parte_rate_due,1,0.1824437987459856,1,full_file,510
insurance_churn_unwinding,data_clean/cms/cms_sipp_merge_ready_state_month_2023.csv,ex_parte_rate_due,2,0.247941567065073,1,full_file,510
insurance_churn_unwinding,data_clean/cms/cms_sipp_merge_ready_state_month_2023.csv,ex_parte_rate_due,3,0.2814736842105263,1,full_file,510
insurance_churn_unwinding,data_clean/cms/cms_sipp_merge_ready_state_month_2023.csv,ex_parte_rate_due,4,0.2817704426106526,1,full_file,510
insurance_churn_unwinding,data_clean/cms/cms_sipp_merge_ready_state_month_2023.csv,ex_parte_rate_due,5,0.2371158025457932,1,full_file,510
insurance_churn_unwinding,data_clean/cms/cms_sipp_merge_ready_state_month_2023.csv,ex_parte_rate_due,6,0.2735968847879454,1,full_file,510
insurance_churn_unwinding,data_clean/cms/cms_sipp_merge_ready_state_month_2023.csv,ex_parte_rate_due,7,0.2742623863425496,1,full_file,510
insurance_churn_unwinding,data_clean/cms/cms_sipp_merge_ready_state_month_2023.csv,ex_parte_rate_due,8,0.258551545175749,1,full_file,510
insurance_churn_unwinding,data_clean/cms/cms_sipp_merge_ready_state_month_2023.csv,ex_parte_rate_due,9,0.3621101989289046,1,full_file,510
insurance_churn_unwinding,data_clean/cms/cms_sipp_merge_ready_state_month_2023.csv,ex_parte_rate_due,10,0.3281482267997451,1,full_file,510
insurance_churn_unwinding,data_clean/cms/cms_sipp_merge_ready_state_month_2023.csv,ex_parte_rate_renewed,1,1.0,5,full_file,510
insurance_churn_unwinding,data_clean/cms/cms_sipp_merge_ready_state_month_2023.csv,ex_parte_rate_renewed,2,0.7313961069199962,1,full_file,510
insurance_churn_unwinding,data_clean/cms/cms_sipp_merge_ready_state_month_2023.csv,ex_parte_rate_renewed,3,0.6372217892093185,1,full_file,510
insurance_churn_unwinding,data_clean/cms/cms_sipp_merge_ready_state_month_2023.csv,ex_parte_rate_renewed,4,0.5688713337255231,1,full_file,510
insurance_churn_unwinding,data_clean/cms/cms_sipp_merge_ready_state_month_2023.csv,ex_parte_rate_renewed,5,0.6138747201319799,1,full_file,510
insurance_churn_unwinding,data_clean/cms/cms_sipp_merge_ready_state_month_2023.csv,ex_parte_rate_renewed,6,0.5587849272959624,1,full_file,510
insurance_churn_unwinding,data_clean/cms/cms_sipp_merge_ready_state_month_2023.csv,ex_parte_rate_renewed,7,0.5527618893627342,1,full_file,510
insurance_churn_unwinding,data_clean/cms/cms_sipp_merge_ready_state_month_2023.csv,ex_parte_rate_renewed,8,0.7720811371985306,1,full_file,510
insurance_churn_unwinding,data_clean/cms/cms_sipp_merge_ready_state_month_2023.csv,ex_parte_rate_renewed,9,0.8098920236851271,1,full_file,510
insurance_churn_unwinding,data_clean/cms/cms_sipp_merge_ready_state_month_2023.csv,ex_parte_rate_renewed,10,0.8754753346877117,1,full_file,510
insurance_churn_unwinding,data_clean/cms/cms_sipp_merge_ready_state_month_2023.csv,form_rate_due,1,0.0,5,full_file,510
insurance_churn_unwinding,data_clean/cms/cms_sipp_merge_ready_state_month_2023.csv,form_rate_due,2,0.1278000576075155,1,full_file,510
insurance_churn_unwinding,data_clean/cms/cms_sipp_merge_ready_state_month_2023.csv,form_rate_due,3,0.1687989845465718,1,full_file,510
insurance_churn_unwinding,data_clean/cms/cms_sipp_merge_ready_state_month_2023.csv,form_rate_due,4,0.1994494728002239,1,full_file,510
insurance_churn_unwinding,data_clean/cms/cms_sipp_merge_ready_state_month_2023.csv,form_rate_due,5,0.1802755574418586,1,full_file,510
insurance_churn_unwinding,data_clean/cms/cms_sipp_merge_ready_state_month_2023.csv,form_rate_due,6,0.270093981584261,1,full_file,510
insurance_churn_unwinding,data_clean/cms/cms_sipp_merge_ready_state_month_2023.csv,form_rate_due,7,0.2663521028431113,1,full_file,510
insurance_churn_unwinding,data_clean/cms/cms_sipp_merge_ready_state_month_2023.csv,form_rate_due,8,0.1850987106649025,1,full_file,510
insurance_churn_unwinding,data_clean/cms/cms_sipp_merge_ready_state_month_2023.csv,form_rate_due,9,0.1644718999547988,1,full_file,510
insurance_churn_unwinding,data_clean/cms/cms_sipp_merge_ready_state_month_2023.csv,form_rate_due,10,0.1097088046995112,1,full_file,510
insurance_churn_unwinding,data_clean/cms/cms_sipp_merge_ready_state_month_2023.csv,form_rate_renewed,1,0.0,5,full_file,510
insurance_churn_unwinding,data_clean/cms/cms_sipp_merge_ready_state_month_2023.csv,form_rate_renewed,2,0.2686038930800037,1,full_file,510
insurance_churn_unwinding,data_clean/cms/cms_sipp_merge_ready_state_month_2023.csv,form_rate_renewed,3,0.3627782107906815,1,full_file,510
insurance_churn_unwinding,data_clean/cms/cms_sipp_merge_ready_state_month_2023.csv,form_rate_renewed,4,0.4311286662744768,1,full_file,510
insurance_churn_unwinding,data_clean/cms/cms_sipp_merge_ready_state_month_2023.csv,form_rate_renewed,5,0.3861252798680201,1,full_file,510
insurance_churn_unwinding,data_clean/cms/cms_sipp_merge_ready_state_month_2023.csv,form_rate_renewed,6,0.4412150727040376,1,full_file,510
insurance_churn_unwinding,data_clean/cms/cms_sipp_merge_ready_state_month_2023.csv,form_rate_renewed,7,0.4472381106372658,1,full_file,510
insurance_churn_unwinding,data_clean/cms/cms_sipp_merge_ready_state_month_2023.csv,form_rate_renewed,8,0.2279188628014694,1,full_file,510
insurance_churn_unwinding,data_clean/cms/cms_sipp_merge_ready_state_month_2023.csv,form_rate_renewed,9,0.1901079763148728,1,full_file,510
insurance_churn_unwinding,data_clean/cms/cms_sipp_merge_ready_state_month_2023.csv,form_rate_renewed,10,0.1245246653122883,1,full_file,510
insurance_churn_unwinding,data_clean/cms/cms_sipp_merge_ready_state_month_2023.csv,pending_rate_due,1,0.0,67,full_file,510
insurance_churn_unwinding,data_clean/cms/cms_sipp_merge_ready_state_month_2023.csv,pending_rate_due,2,0.0276429971073994,1,full_file,510
insurance_churn_unwinding,data_clean/cms/cms_sipp_merge_ready_state_month_2023.csv,pending_rate_due,3,0.0049829839742834,1,full_file,510
insurance_churn_unwinding,data_clean/cms/cms_sipp_merge_ready_state_month_2023.csv,pending_rate_due,4,0.0148002494899199,1,full_file,510
insurance_churn_unwinding,data_clean/cms/cms_sipp_merge_ready_state_month_2023.csv,pending_rate_due,5,0.0220034184742049,1,full_file,510
insurance_churn_unwinding,data_clean/cms/cms_sipp_merge_ready_state_month_2023.csv,pending_rate_due,6,0.0128933509741354,1,full_file,510
insurance_churn_unwinding,data_clean/cms/cms_sipp_merge_ready_state_month_2023.csv,pending_rate_due,7,0.0093717040831701,1,full_file,510
insurance_churn_unwinding,data_clean/cms/cms_sipp_merge_ready_state_month_2023.csv,pending_rate_due,8,0.0030519286812455,1,full_file,510
insurance_churn_unwinding,data_clean/cms/cms_sipp_merge_ready_state_month_2023.csv,pending_rate_due,9,0.0049346016646848,1,full_file,510
insurance_churn_unwinding,data_clean/cms/cms_sipp_merge_ready_state_month_2023.csv,pending_rate_due,10,0.1008545486914723,1,full_file,510
insurance_churn_unwinding,data_clean/cms/cms_sipp_merge_ready_state_month_2023.csv,completion_rate_due,1,1.0,67,full_file,510
insurance_churn_unwinding,data_clean/cms/cms_sipp_merge_ready_state_month_2023.csv,completion_rate_due,2,0.9723570028926004,1,full_file,510
insurance_churn_unwinding,data_clean/cms/cms_sipp_merge_ready_state_month_2023.csv,completion_rate_due,3,0.9950170160257166,1,full_file,510
insurance_churn_unwinding,data_clean/cms/cms_sipp_merge_ready_state_month_2023.csv,completion_rate_due,4,0.98519975051008,1,full_file,510
insurance_churn_unwinding,data_clean/cms/cms_sipp_merge_ready_state_month_2023.csv,completion_rate_due,5,0.977996581525795,1,full_file,510
insurance_churn_unwinding,data_clean/cms/cms_sipp_merge_ready_state_month_2023.csv,completion_rate_due,6,0.9871066490258644,1,full_file,510
insurance_churn_unwinding,data_clean/cms/cms_sipp_merge_ready_state_month_2023.csv,completion_rate_due,7,0.99062829591683,1,full_file,510
insurance_churn_unwinding,data_clean/cms/cms_sipp_merge_ready_state_month_2023.csv,completion_rate_due,8,0.9969480713187544,1,full_file,510
insurance_churn_unwinding,data_clean/cms/cms_sipp_merge_ready_state_month_2023.csv,completion_rate_due,9,0.9950653983353152,1,full_file,510
insurance_churn_unwinding,data_clean/cms/cms_sipp_merge_ready_state_month_2023.csv,completion_rate_due,10,0.8991454513085276,1,full_file,510
insurance_churn_unwinding,data_clean/cms/cms_sipp_merge_ready_state_month_2023.csv,burden_index_simple,1,1.918058373315351,1,full_file,510
insurance_churn_unwinding,data_clean/cms/cms_sipp_merge_ready_state_month_2023.csv,burden_index_simple,2,0.9512724753239956,1,full_file,510
insurance_churn_unwinding,data_clean/cms/cms_sipp_merge_ready_state_month_2023.csv,burden_index_simple,3,0.7915127313270736,1,full_file,510
insurance_churn_unwinding,data_clean/cms/cms_sipp_merge_ready_state_month_2023.csv,burden_index_simple,4,0.8925161904237389,1,full_file,510
insurance_churn_unwinding,data_clean/cms/cms_sipp_merge_ready_state_month_2023.csv,burden_index_simple,5,2.353914980284252,1,full_file,510
insurance_churn_unwinding,data_clean/cms/cms_sipp_merge_ready_state_month_2023.csv,burden_index_simple,6,1.7416809376445,1,full_file,510
insurance_churn_unwinding,data_clean/cms/cms_sipp_merge_ready_state_month_2023.csv,burden_index_simple,7,1.7825455089806583,1,full_file,510
insurance_churn_unwinding,data_clean/cms/cms_sipp_merge_ready_state_month_2023.csv,burden_index_simple,8,1.690612281894926,1,full_file,510
insurance_churn_unwinding,data_clean/cms/cms_sipp_merge_ready_state_month_2023.csv,burden_index_simple,9,-0.0131236755322408,1,full_file,510
insurance_churn_unwinding,data_clean/cms/cms_sipp_merge_ready_state_month_2023.csv,burden_index_simple,10,0.4924565666362949,1,full_file,510
insurance_churn_unwinding,data_clean/cms/cms_sipp_merge_ready_state_month_2023.csv,metric5_identity_gap,1,0.0,415,full_file,510
insurance_churn_unwinding,data_clean/cms/cms_sipp_merge_ready_state_month_2023.csv,metric5_identity_gap_rate,1,0.0,413,full_file,510
insurance_churn_unwinding,data_clean/cms/cms_sipp_merge_ready_state_month_2023.csv,metric5a_identity_gap,1,0.0,415,full_file,510
insurance_churn_unwinding,data_clean/cms/cms_sipp_merge_ready_state_month_2023.csv,metric5a_identity_gap_rate,1,0.0,413,full_file,510
insurance_churn_unwinding,data_clean/cms/cms_updated_renewal_outcomes_state_month_2023.csv,state_name,1,Alaska,10,full_file,510
insurance_churn_unwinding,data_clean/cms/cms_updated_renewal_outcomes_state_month_2023.csv,state_name,2,Alabama,10,full_file,510
insurance_churn_unwinding,data_clean/cms/cms_updated_renewal_outcomes_state_month_2023.csv,state_name,3,Arkansas,10,full_file,510
insurance_churn_unwinding,data_clean/cms/cms_updated_renewal_outcomes_state_month_2023.csv,state_name,4,Arizona,10,full_file,510
insurance_churn_unwinding,data_clean/cms/cms_updated_renewal_outcomes_state_month_2023.csv,state_name,5,California,10,full_file,510
insurance_churn_unwinding,data_clean/cms/cms_updated_renewal_outcomes_state_month_2023.csv,state_name,6,Colorado,10,full_file,510
insurance_churn_unwinding,data_clean/cms/cms_updated_renewal_outcomes_state_month_2023.csv,state_name,7,Connecticut,10,full_file,510
insurance_churn_unwinding,data_clean/cms/cms_updated_renewal_outcomes_state_month_2023.csv,state_name,8,District of Columbia,10,full_file,510
insurance_churn_unwinding,data_clean/cms/cms_updated_renewal_outcomes_state_month_2023.csv,state_name,9,Delaware,10,full_file,510
insurance_churn_unwinding,data_clean/cms/cms_updated_renewal_outcomes_state_month_2023.csv,state_name,10,Florida,10,full_file,510
insurance_churn_unwinding,data_clean/cms/cms_updated_renewal_outcomes_state_month_2023.csv,state_abbr,1,AK,10,full_file,510
insurance_churn_unwinding,data_clean/cms/cms_updated_renewal_outcomes_state_month_2023.csv,state_abbr,2,AL,10,full_file,510
insurance_churn_unwinding,data_clean/cms/cms_updated_renewal_outcomes_state_month_2023.csv,state_abbr,3,AR,10,full_file,510
insurance_churn_unwinding,data_clean/cms/cms_updated_renewal_outcomes_state_month_2023.csv,state_abbr,4,AZ,10,full_file,510
insurance_churn_unwinding,data_clean/cms/cms_updated_renewal_outcomes_state_month_2023.csv,state_abbr,5,CA,10,full_file,510
insurance_churn_unwinding,data_clean/cms/cms_updated_renewal_outcomes_state_month_2023.csv,state_abbr,6,CO,10,full_file,510
insurance_churn_unwinding,data_clean/cms/cms_updated_renewal_outcomes_state_month_2023.csv,state_abbr,7,CT,10,full_file,510
insurance_churn_unwinding,data_clean/cms/cms_updated_renewal_outcomes_state_month_2023.csv,state_abbr,8,DC,10,full_file,510
insurance_churn_unwinding,data_clean/cms/cms_updated_renewal_outcomes_state_month_2023.csv,state_abbr,9,DE,10,full_file,510
insurance_churn_unwinding,data_clean/cms/cms_updated_renewal_outcomes_state_month_2023.csv,state_abbr,10,FL,10,full_file,510
insurance_churn_unwinding,data_clean/cms/cms_updated_renewal_outcomes_state_month_2023.csv,state_fips,1,2,10,full_file,510
insurance_churn_unwinding,data_clean/cms/cms_updated_renewal_outcomes_state_month_2023.csv,state_fips,2,1,10,full_file,510
insurance_churn_unwinding,data_clean/cms/cms_updated_renewal_outcomes_state_month_2023.csv,state_fips,3,5,10,full_file,510
insurance_churn_unwinding,data_clean/cms/cms_updated_renewal_outcomes_state_month_2023.csv,state_fips,4,4,10,full_file,510
insurance_churn_unwinding,data_clean/cms/cms_updated_renewal_outcomes_state_month_2023.csv,state_fips,5,6,10,full_file,510
insurance_churn_unwinding,data_clean/cms/cms_updated_renewal_outcomes_state_month_2023.csv,state_fips,6,8,10,full_file,510
insurance_churn_unwinding,data_clean/cms/cms_updated_renewal_outcomes_state_month_2023.csv,state_fips,7,9,10,full_file,510
insurance_churn_unwinding,data_clean/cms/cms_updated_renewal_outcomes_state_month_2023.csv,state_fips,8,11,10,full_file,510
insurance_churn_unwinding,data_clean/cms/cms_updated_renewal_outcomes_state_month_2023.csv,state_fips,9,10,10,full_file,510
insurance_churn_unwinding,data_clean/cms/cms_updated_renewal_outcomes_state_month_2023.csv,state_fips,10,12,10,full_file,510
insurance_churn_unwinding,data_clean/cms/cms_updated_renewal_outcomes_state_month_2023.csv,cms_reporting_yyyymm,1,202303,51,full_file,510
insurance_churn_unwinding,data_clean/cms/cms_updated_renewal_outcomes_state_month_2023.csv,cms_reporting_yyyymm,2,202304,51,full_file,510
insurance_churn_unwinding,data_clean/cms/cms_updated_renewal_outcomes_state_month_2023.csv,cms_reporting_yyyymm,3,202305,51,full_file,510
insurance_churn_unwinding,data_clean/cms/cms_updated_renewal_outcomes_state_month_2023.csv,cms_reporting_yyyymm,4,202306,51,full_file,510
insurance_churn_unwinding,data_clean/cms/cms_updated_renewal_outcomes_state_month_2023.csv,cms_reporting_yyyymm,5,202307,51,full_file,510
insurance_churn_unwinding,data_clean/cms/cms_updated_renewal_outcomes_state_month_2023.csv,cms_reporting_yyyymm,6,202308,51,full_file,510
insurance_churn_unwinding,data_clean/cms/cms_updated_renewal_outcomes_state_month_2023.csv,cms_reporting_yyyymm,7,202309,51,full_file,510
insurance_churn_unwinding,data_clean/cms/cms_updated_renewal_outcomes_state_month_2023.csv,cms_reporting_yyyymm,8,202310,51,full_file,510
insurance_churn_unwinding,data_clean/cms/cms_updated_renewal_outcomes_state_month_2023.csv,cms_reporting_yyyymm,9,202311,51,full_file,510
insurance_churn_unwinding,data_clean/cms/cms_updated_renewal_outcomes_state_month_2023.csv,cms_reporting_yyyymm,10,202312,51,full_file,510
insurance_churn_unwinding,data_clean/cms/cms_updated_renewal_outcomes_state_month_2023.csv,cms_reporting_year,1,2023,510,full_file,510
insurance_churn_unwinding,data_clean/cms/cms_updated_renewal_outcomes_state_month_2023.csv,cms_reporting_month,1,3,51,full_file,510
insurance_churn_unwinding,data_clean/cms/cms_updated_renewal_outcomes_state_month_2023.csv,cms_reporting_month,2,4,51,full_file,510
insurance_churn_unwinding,data_clean/cms/cms_updated_renewal_outcomes_state_month_2023.csv,cms_reporting_month,3,5,51,full_file,510
insurance_churn_unwinding,data_clean/cms/cms_updated_renewal_outcomes_state_month_2023.csv,cms_reporting_month,4,6,51,full_file,510
insurance_churn_unwinding,data_clean/cms/cms_updated_renewal_outcomes_state_month_2023.csv,cms_reporting_month,5,7,51,full_file,510
insurance_churn_unwinding,data_clean/cms/cms_updated_renewal_outcomes_state_month_2023.csv,cms_reporting_month,6,8,51,full_file,510
insurance_churn_unwinding,data_clean/cms/cms_updated_renewal_outcomes_state_month_2023.csv,cms_reporting_month,7,9,51,full_file,510
insurance_churn_unwinding,data_clean/cms/cms_updated_renewal_outcomes_state_month_2023.csv,cms_reporting_month,8,10,51,full_file,510
insurance_churn_unwinding,data_clean/cms/cms_updated_renewal_outcomes_state_month_2023.csv,cms_reporting_month,9,11,51,full_file,510
insurance_churn_unwinding,data_clean/cms/cms_updated_renewal_outcomes_state_month_2023.csv,cms_reporting_month,10,12,51,full_file,510
insurance_churn_unwinding,data_clean/cms/cms_updated_renewal_outcomes_state_month_2023.csv,sipp_month_same,1,3,51,full_file,510
insurance_churn_unwinding,data_clean/cms/cms_updated_renewal_outcomes_state_month_2023.csv,sipp_month_same,2,4,51,full_file,510
insurance_churn_unwinding,data_clean/cms/cms_updated_renewal_outcomes_state_month_2023.csv,sipp_month_same,3,5,51,full_file,510
insurance_churn_unwinding,data_clean/cms/cms_updated_renewal_outcomes_state_month_2023.csv,sipp_month_same,4,6,51,full_file,510
insurance_churn_unwinding,data_clean/cms/cms_updated_renewal_outcomes_state_month_2023.csv,sipp_month_same,5,7,51,full_file,510
insurance_churn_unwinding,data_clean/cms/cms_updated_renewal_outcomes_state_month_2023.csv,sipp_month_same,6,8,51,full_file,510
insurance_churn_unwinding,data_clean/cms/cms_updated_renewal_outcomes_state_month_2023.csv,sipp_month_same,7,9,51,full_file,510
insurance_churn_unwinding,data_clean/cms/cms_updated_renewal_outcomes_state_month_2023.csv,sipp_month_same,8,10,51,full_file,510
insurance_churn_unwinding,data_clean/cms/cms_updated_renewal_outcomes_state_month_2023.csv,sipp_month_same,9,11,51,full_file,510
insurance_churn_unwinding,data_clean/cms/cms_updated_renewal_outcomes_state_month_2023.csv,sipp_month_same,10,12,51,full_file,510
insurance_churn_unwinding,data_clean/cms/cms_updated_renewal_outcomes_state_month_2023.csv,sipp_month_plus1,1,4,51,full_file,510
insurance_churn_unwinding,data_clean/cms/cms_updated_renewal_outcomes_state_month_2023.csv,sipp_month_plus1,2,5,51,full_file,510
insurance_churn_unwinding,data_clean/cms/cms_updated_renewal_outcomes_state_month_2023.csv,sipp_month_plus1,3,6,51,full_file,510
insurance_churn_unwinding,data_clean/cms/cms_updated_renewal_outcomes_state_month_2023.csv,sipp_month_plus1,4,7,51,full_file,510
insurance_churn_unwinding,data_clean/cms/cms_updated_renewal_outcomes_state_month_2023.csv,sipp_month_plus1,5,8,51,full_file,510
insurance_churn_unwinding,data_clean/cms/cms_updated_renewal_outcomes_state_month_2023.csv,sipp_month_plus1,6,9,51,full_file,510
insurance_churn_unwinding,data_clean/cms/cms_updated_renewal_outcomes_state_month_2023.csv,sipp_month_plus1,7,10,51,full_file,510
insurance_churn_unwinding,data_clean/cms/cms_updated_renewal_outcomes_state_month_2023.csv,sipp_month_plus1,8,11,51,full_file,510
insurance_churn_unwinding,data_clean/cms/cms_updated_renewal_outcomes_state_month_2023.csv,sipp_month_plus1,9,12,51,full_file,510
insurance_churn_unwinding,data_clean/cms/cms_updated_renewal_outcomes_state_month_2023.csv,sipp_month_plus1,10,13,51,full_file,510
insurance_churn_unwinding,data_clean/cms/cms_updated_renewal_outcomes_state_month_2023.csv,renewals_due,1,31863.0,2,full_file,510
insurance_churn_unwinding,data_clean/cms/cms_updated_renewal_outcomes_state_month_2023.csv,renewals_due,2,0.0,2,full_file,510
insurance_churn_unwinding,data_clean/cms/cms_updated_renewal_outcomes_state_month_2023.csv,renewals_due,3,83078.0,1,full_file,510
insurance_churn_unwinding,data_clean/cms/cms_updated_renewal_outcomes_state_month_2023.csv,renewals_due,4,38547.0,1,full_file,510
insurance_churn_unwinding,data_clean/cms/cms_updated_renewal_outcomes_state_month_2023.csv,renewals_due,5,33185.0,1,full_file,510
insurance_churn_unwinding,data_clean/cms/cms_updated_renewal_outcomes_state_month_2023.csv,renewals_due,6,43579.0,1,full_file,510
insurance_churn_unwinding,data_clean/cms/cms_updated_renewal_outcomes_state_month_2023.csv,renewals_due,7,230588.0,1,full_file,510
insurance_churn_unwinding,data_clean/cms/cms_updated_renewal_outcomes_state_month_2023.csv,renewals_due,8,207542.0,1,full_file,510
insurance_churn_unwinding,data_clean/cms/cms_updated_renewal_outcomes_state_month_2023.csv,renewals_due,9,232626.0,1,full_file,510
insurance_churn_unwinding,data_clean/cms/cms_updated_renewal_outcomes_state_month_2023.csv,renewals_due,10,223281.0,1,full_file,510
insurance_churn_unwinding,data_clean/cms/cms_updated_renewal_outcomes_state_month_2023.csv,renewed_total,1,0.0,2,full_file,510
insurance_churn_unwinding,data_clean/cms/cms_updated_renewal_outcomes_state_month_2023.csv,renewed_total,2,31305.0,1,full_file,510
insurance_churn_unwinding,data_clean/cms/cms_updated_renewal_outcomes_state_month_2023.csv,renewed_total,3,28710.0,1,full_file,510
insurance_churn_unwinding,data_clean/cms/cms_updated_renewal_outcomes_state_month_2023.csv,renewed_total,4,38394.0,1,full_file,510
insurance_churn_unwinding,data_clean/cms/cms_updated_renewal_outcomes_state_month_2023.csv,renewed_total,5,162693.0,1,full_file,510
insurance_churn_unwinding,data_clean/cms/cms_updated_renewal_outcomes_state_month_2023.csv,renewed_total,6,130592.0,1,full_file,510
insurance_churn_unwinding,data_clean/cms/cms_updated_renewal_outcomes_state_month_2023.csv,renewed_total,7,159426.0,1,full_file,510
insurance_churn_unwinding,data_clean/cms/cms_updated_renewal_outcomes_state_month_2023.csv,renewed_total,8,168663.0,1,full_file,510
insurance_churn_unwinding,data_clean/cms/cms_updated_renewal_outcomes_state_month_2023.csv,renewed_total,9,181807.0,1,full_file,510
insurance_churn_unwinding,data_clean/cms/cms_updated_renewal_outcomes_state_month_2023.csv,renewed_total,10,184093.0,1,full_file,510
insurance_churn_unwinding,data_clean/cms/cms_updated_renewal_outcomes_state_month_2023.csv,ex_parte_renewed,1,0.0,3,full_file,510
insurance_churn_unwinding,data_clean/cms/cms_updated_renewal_outcomes_state_month_2023.csv,ex_parte_renewed,2,2.0,2,full_file,510
insurance_churn_unwinding,data_clean/cms/cms_updated_renewal_outcomes_state_month_2023.csv,ex_parte_renewed,3,4880.0,2,full_file,510
insurance_churn_unwinding,data_clean/cms/cms_updated_renewal_outcomes_state_month_2023.csv,ex_parte_renewed,4,12031.0,2,full_file,510
insurance_churn_unwinding,data_clean/cms/cms_updated_renewal_outcomes_state_month_2023.csv,ex_parte_renewed,5,29432.0,1,full_file,510
insurance_churn_unwinding,data_clean/cms/cms_updated_renewal_outcomes_state_month_2023.csv,ex_parte_renewed,6,33845.0,1,full_file,510
insurance_churn_unwinding,data_clean/cms/cms_updated_renewal_outcomes_state_month_2023.csv,ex_parte_renewed,7,36466.0,1,full_file,510
insurance_churn_unwinding,data_clean/cms/cms_updated_renewal_outcomes_state_month_2023.csv,ex_parte_renewed,8,32357.0,1,full_file,510
insurance_churn_unwinding,data_clean/cms/cms_updated_renewal_outcomes_state_month_2023.csv,ex_parte_renewed,9,27349.0,1,full_file,510
insurance_churn_unwinding,data_clean/cms/cms_updated_renewal_outcomes_state_month_2023.csv,ex_parte_renewed,10,24170.0,1,full_file,510
insurance_churn_unwinding,data_clean/cms/cms_updated_renewal_outcomes_state_month_2023.csv,form_renewed,1,0.0,7,full_file,510
insurance_churn_unwinding,data_clean/cms/cms_updated_renewal_outcomes_state_month_2023.csv,form_renewed,2,32766.0,3,full_file,510
insurance_churn_unwinding,data_clean/cms/cms_updated_renewal_outcomes_state_month_2023.csv,form_renewed,3,27958.0,1,full_file,510
insurance_churn_unwinding,data_clean/cms/cms_updated_renewal_outcomes_state_month_2023.csv,form_renewed,4,17304.0,1,full_file,510
insurance_churn_unwinding,data_clean/cms/cms_updated_renewal_outcomes_state_month_2023.csv,form_renewed,5,16756.0,1,full_file,510
insurance_churn_unwinding,data_clean/cms/cms_updated_renewal_outcomes_state_month_2023.csv,form_renewed,6,25650.0,1,full_file,510
insurance_churn_unwinding,data_clean/cms/cms_updated_renewal_outcomes_state_month_2023.csv,form_renewed,7,22937.0,1,full_file,510
insurance_churn_unwinding,data_clean/cms/cms_updated_renewal_outcomes_state_month_2023.csv,form_renewed,8,25549.0,1,full_file,510
insurance_churn_unwinding,data_clean/cms/cms_updated_renewal_outcomes_state_month_2023.csv,form_renewed,9,22128.0,1,full_file,510
insurance_churn_unwinding,data_clean/cms/cms_updated_renewal_outcomes_state_month_2023.csv,form_renewed,10,7135.0,1,full_file,510
insurance_churn_unwinding,data_clean/cms/cms_updated_renewal_outcomes_state_month_2023.csv,ineligible_terminations,1,1895.0,2,full_file,510
insurance_churn_unwinding,data_clean/cms/cms_updated_renewal_outcomes_state_month_2023.csv,ineligible_terminations,2,8181.0,2,full_file,510
insurance_churn_unwinding,data_clean/cms/cms_updated_renewal_outcomes_state_month_2023.csv,ineligible_terminations,3,1480.0,2,full_file,510
insurance_churn_unwinding,data_clean/cms/cms_updated_renewal_outcomes_state_month_2023.csv,ineligible_terminations,4,894.0,2,full_file,510
insurance_churn_unwinding,data_clean/cms/cms_updated_renewal_outcomes_state_month_2023.csv,ineligible_terminations,5,0.0,2,full_file,510
insurance_churn_unwinding,data_clean/cms/cms_updated_renewal_outcomes_state_month_2023.csv,ineligible_terminations,6,8083.0,1,full_file,510
insurance_churn_unwinding,data_clean/cms/cms_updated_renewal_outcomes_state_month_2023.csv,ineligible_terminations,7,7103.0,1,full_file,510
insurance_churn_unwinding,data_clean/cms/cms_updated_renewal_outcomes_state_month_2023.csv,ineligible_terminations,8,1320.0,1,full_file,510
insurance_churn_unwinding,data_clean/cms/cms_updated_renewal_outcomes_state_month_2023.csv,ineligible_terminations,9,944.0,1,full_file,510
insurance_churn_unwinding,data_clean/cms/cms_updated_renewal_outcomes_state_month_2023.csv,ineligible_terminations,10,1110.0,1,full_file,510
insurance_churn_unwinding,data_clean/cms/cms_updated_renewal_outcomes_state_month_2023.csv,procedural_terminations,1,0.0,13,full_file,510
insurance_churn_unwinding,data_clean/cms/cms_updated_renewal_outcomes_state_month_2023.csv,procedural_terminations,2,58834.0,2,full_file,510
insurance_churn_unwinding,data_clean/cms/cms_updated_renewal_outcomes_state_month_2023.csv,procedural_terminations,3,2648.0,2,full_file,510
insurance_churn_unwinding,data_clean/cms/cms_updated_renewal_outcomes_state_month_2023.csv,procedural_terminations,4,30569.0,1,full_file,510
insurance_churn_unwinding,data_clean/cms/cms_updated_renewal_outcomes_state_month_2023.csv,procedural_terminations,5,40474.0,1,full_file,510
insurance_churn_unwinding,data_clean/cms/cms_updated_renewal_outcomes_state_month_2023.csv,procedural_terminations,6,34286.0,1,full_file,510
insurance_churn_unwinding,data_clean/cms/cms_updated_renewal_outcomes_state_month_2023.csv,procedural_terminations,7,31350.0,1,full_file,510
insurance_churn_unwinding,data_clean/cms/cms_updated_renewal_outcomes_state_month_2023.csv,procedural_terminations,8,29449.0,1,full_file,510
insurance_churn_unwinding,data_clean/cms/cms_updated_renewal_outcomes_state_month_2023.csv,procedural_terminations,9,26868.0,1,full_file,510
insurance_churn_unwinding,data_clean/cms/cms_updated_renewal_outcomes_state_month_2023.csv,procedural_terminations,10,29881.0,1,full_file,510
insurance_churn_unwinding,data_clean/cms/cms_updated_renewal_outcomes_state_month_2023.csv,pending_renewals,1,0.0,69,full_file,510
insurance_churn_unwinding,data_clean/cms/cms_updated_renewal_outcomes_state_month_2023.csv,pending_renewals,2,1.0,3,full_file,510
insurance_churn_unwinding,data_clean/cms/cms_updated_renewal_outcomes_state_month_2023.csv,pending_renewals,3,5689.0,2,full_file,510
insurance_churn_unwinding,data_clean/cms/cms_updated_renewal_outcomes_state_month_2023.csv,pending_renewals,4,147.0,2,full_file,510
insurance_churn_unwinding,data_clean/cms/cms_updated_renewal_outcomes_state_month_2023.csv,pending_renewals,5,435.0,2,full_file,510
insurance_churn_unwinding,data_clean/cms/cms_updated_renewal_outcomes_state_month_2023.csv,pending_renewals,6,37.0,2,full_file,510
insurance_churn_unwinding,data_clean/cms/cms_updated_renewal_outcomes_state_month_2023.csv,pending_renewals,7,22.0,2,full_file,510
insurance_churn_unwinding,data_clean/cms/cms_updated_renewal_outcomes_state_month_2023.csv,pending_renewals,8,35.0,2,full_file,510
insurance_churn_unwinding,data_clean/cms/cms_updated_renewal_outcomes_state_month_2023.csv,pending_renewals,9,39.0,2,full_file,510
insurance_churn_unwinding,data_clean/cms/cms_updated_renewal_outcomes_state_month_2023.csv,pending_renewals,10,1270.0,2,full_file,510
insurance_churn_unwinding,data_clean/cms/cms_updated_renewal_outcomes_state_month_2023.csv,renewal_success_rate_due,1,0.3690166692154764,1,full_file,510
insurance_churn_unwinding,data_clean/cms/cms_updated_renewal_outcomes_state_month_2023.csv,renewal_success_rate_due,2,0.4026560424966799,1,full_file,510
insurance_churn_unwinding,data_clean/cms/cms_updated_renewal_outcomes_state_month_2023.csv,renewal_success_rate_due,3,0.3952280701754386,1,full_file,510
insurance_churn_unwinding,data_clean/cms/cms_updated_renewal_outcomes_state_month_2023.csv,renewal_success_rate_due,4,0.395648912228057,1,full_file,510
insurance_churn_unwinding,data_clean/cms/cms_updated_renewal_outcomes_state_month_2023.csv,renewal_success_rate_due,5,0.4418658801614405,1,full_file,510
insurance_churn_unwinding,data_clean/cms/cms_updated_renewal_outcomes_state_month_2023.csv,renewal_success_rate_due,6,0.512232286464065,1,full_file,510
insurance_churn_unwinding,data_clean/cms/cms_updated_renewal_outcomes_state_month_2023.csv,renewal_success_rate_due,7,0.519205789571349,1,full_file,510
insurance_churn_unwinding,data_clean/cms/cms_updated_renewal_outcomes_state_month_2023.csv,renewal_success_rate_due,8,0.5477707006369427,1,full_file,510
insurance_churn_unwinding,data_clean/cms/cms_updated_renewal_outcomes_state_month_2023.csv,renewal_success_rate_due,9,0.7045000117616617,1,full_file,510
insurance_churn_unwinding,data_clean/cms/cms_updated_renewal_outcomes_state_month_2023.csv,renewal_success_rate_due,10,0.6503124715590207,1,full_file,510
insurance_churn_unwinding,data_clean/cms/cms_updated_renewal_outcomes_state_month_2023.csv,termination_rate_due,1,0.4788193913442422,1,full_file,510
insurance_churn_unwinding,data_clean/cms/cms_updated_renewal_outcomes_state_month_2023.csv,termination_rate_due,2,0.4778220451527224,1,full_file,510
insurance_churn_unwinding,data_clean/cms/cms_updated_renewal_outcomes_state_month_2023.csv,termination_rate_due,3,0.5332631578947369,1,full_file,510
insurance_churn_unwinding,data_clean/cms/cms_updated_renewal_outcomes_state_month_2023.csv,termination_rate_due,4,0.5277319329832458,1,full_file,510
insurance_churn_unwinding,data_clean/cms/cms_updated_renewal_outcomes_state_month_2023.csv,termination_rate_due,5,0.2059919279726793,1,full_file,510
insurance_churn_unwinding,data_clean/cms/cms_updated_renewal_outcomes_state_month_2023.csv,termination_rate_due,6,0.1973249809531871,1,full_file,510
insurance_churn_unwinding,data_clean/cms/cms_updated_renewal_outcomes_state_month_2023.csv,termination_rate_due,7,0.1930784932269438,1,full_file,510
insurance_churn_unwinding,data_clean/cms/cms_updated_renewal_outcomes_state_month_2023.csv,termination_rate_due,8,0.2010694346150821,1,full_file,510
insurance_churn_unwinding,data_clean/cms/cms_updated_renewal_outcomes_state_month_2023.csv,termination_rate_due,9,0.2944257564708742,1,full_file,510
insurance_churn_unwinding,data_clean/cms/cms_updated_renewal_outcomes_state_month_2023.csv,termination_rate_due,10,0.3496192700907077,1,full_file,510
insurance_churn_unwinding,data_clean/cms/cms_updated_renewal_outcomes_state_month_2023.csv,ineligible_termination_rate_due,1,0.1827496559106897,1,full_file,510
insurance_churn_unwinding,data_clean/cms/cms_updated_renewal_outcomes_state_month_2023.csv,ineligible_termination_rate_due,2,0.1891102257636122,1,full_file,510
insurance_churn_unwinding,data_clean/cms/cms_updated_renewal_outcomes_state_month_2023.csv,ineligible_termination_rate_due,3,0.1304561403508772,1,full_file,510
insurance_churn_unwinding,data_clean/cms/cms_updated_renewal_outcomes_state_month_2023.csv,ineligible_termination_rate_due,4,0.1191297824456114,1,full_file,510
insurance_churn_unwinding,data_clean/cms/cms_updated_renewal_outcomes_state_month_2023.csv,ineligible_termination_rate_due,5,0.1452964917727414,1,full_file,510
insurance_churn_unwinding,data_clean/cms/cms_updated_renewal_outcomes_state_month_2023.csv,ineligible_termination_rate_due,6,0.1315499873021247,1,full_file,510
insurance_churn_unwinding,data_clean/cms/cms_updated_renewal_outcomes_state_month_2023.csv,ineligible_termination_rate_due,7,0.1230283911671924,1,full_file,510
insurance_churn_unwinding,data_clean/cms/cms_updated_renewal_outcomes_state_month_2023.csv,ineligible_termination_rate_due,8,0.1384760556735079,1,full_file,510
insurance_churn_unwinding,data_clean/cms/cms_updated_renewal_outcomes_state_month_2023.csv,ineligible_termination_rate_due,9,0.0547309323861275,1,full_file,510
insurance_churn_unwinding,data_clean/cms/cms_updated_renewal_outcomes_state_month_2023.csv,ineligible_termination_rate_due,10,0.0426538846585565,1,full_file,510
insurance_churn_unwinding,data_clean/cms/cms_updated_renewal_outcomes_state_month_2023.csv,procedural_burden_due,1,0.0,11,full_file,510
insurance_churn_unwinding,data_clean/cms/cms_updated_renewal_outcomes_state_month_2023.csv,procedural_burden_due,2,0.3069653854321512,1,full_file,510
insurance_churn_unwinding,data_clean/cms/cms_updated_renewal_outcomes_state_month_2023.csv,procedural_burden_due,3,0.2906553861021863,1,full_file,510
insurance_churn_unwinding,data_clean/cms/cms_updated_renewal_outcomes_state_month_2023.csv,procedural_burden_due,4,0.2923294977713955,1,full_file,510
insurance_churn_unwinding,data_clean/cms/cms_updated_renewal_outcomes_state_month_2023.csv,procedural_burden_due,5,0.2831062958441084,1,full_file,510
insurance_churn_unwinding,data_clean/cms/cms_updated_renewal_outcomes_state_month_2023.csv,procedural_burden_due,6,0.2839178722010292,1,full_file,510
insurance_churn_unwinding,data_clean/cms/cms_updated_renewal_outcomes_state_month_2023.csv,procedural_burden_due,7,0.2898001144419982,1,full_file,510
insurance_churn_unwinding,data_clean/cms/cms_updated_renewal_outcomes_state_month_2023.csv,procedural_burden_due,8,0.4409707604930613,1,full_file,510
insurance_churn_unwinding,data_clean/cms/cms_updated_renewal_outcomes_state_month_2023.csv,procedural_burden_due,9,0.3746902262607539,1,full_file,510
insurance_churn_unwinding,data_clean/cms/cms_updated_renewal_outcomes_state_month_2023.csv,procedural_burden_due,10,0.3731843488538459,1,full_file,510
insurance_churn_unwinding,data_clean/cms/cms_updated_renewal_outcomes_state_month_2023.csv,procedural_share_terminations,1,0.0,11,full_file,510
insurance_churn_unwinding,data_clean/cms/cms_updated_renewal_outcomes_state_month_2023.csv,procedural_share_terminations,2,0.8779990455117359,1,full_file,510
insurance_churn_unwinding,data_clean/cms/cms_updated_renewal_outcomes_state_month_2023.csv,procedural_share_terminations,3,0.879940457858536,1,full_file,510
insurance_churn_unwinding,data_clean/cms/cms_updated_renewal_outcomes_state_month_2023.csv,procedural_share_terminations,4,0.8728214265827718,1,full_file,510
insurance_churn_unwinding,data_clean/cms/cms_updated_renewal_outcomes_state_month_2023.csv,procedural_share_terminations,5,0.8658669254064861,1,full_file,510
insurance_churn_unwinding,data_clean/cms/cms_updated_renewal_outcomes_state_month_2023.csv,procedural_share_terminations,6,0.870726253362284,1,full_file,510
insurance_churn_unwinding,data_clean/cms/cms_updated_renewal_outcomes_state_month_2023.csv,procedural_share_terminations,7,0.8690631998371288,1,full_file,510
insurance_churn_unwinding,data_clean/cms/cms_updated_renewal_outcomes_state_month_2023.csv,procedural_share_terminations,8,0.8665747460087083,1,full_file,510
insurance_churn_unwinding,data_clean/cms/cms_updated_renewal_outcomes_state_month_2023.csv,procedural_share_terminations,9,0.7232247024966945,1,full_file,510
insurance_churn_unwinding,data_clean/cms/cms_updated_renewal_outcomes_state_month_2023.csv,procedural_share_terminations,10,0.7321139823656833,1,full_file,510
insurance_churn_unwinding,data_clean/cms/cms_updated_renewal_outcomes_state_month_2023.csv,ex_parte_rate_due,1,0.1824437987459856,1,full_file,510
insurance_churn_unwinding,data_clean/cms/cms_updated_renewal_outcomes_state_month_2023.csv,ex_parte_rate_due,2,0.247941567065073,1,full_file,510
insurance_churn_unwinding,data_clean/cms/cms_updated_renewal_outcomes_state_month_2023.csv,ex_parte_rate_due,3,0.2814736842105263,1,full_file,510
insurance_churn_unwinding,data_clean/cms/cms_updated_renewal_outcomes_state_month_2023.csv,ex_parte_rate_due,4,0.2817704426106526,1,full_file,510
insurance_churn_unwinding,data_clean/cms/cms_updated_renewal_outcomes_state_month_2023.csv,ex_parte_rate_due,5,0.2371158025457932,1,full_file,510
insurance_churn_unwinding,data_clean/cms/cms_updated_renewal_outcomes_state_month_2023.csv,ex_parte_rate_due,6,0.2735968847879454,1,full_file,510
insurance_churn_unwinding,data_clean/cms/cms_updated_renewal_outcomes_state_month_2023.csv,ex_parte_rate_due,7,0.2742623863425496,1,full_file,510
insurance_churn_unwinding,data_clean/cms/cms_updated_renewal_outcomes_state_month_2023.csv,ex_parte_rate_due,8,0.258551545175749,1,full_file,510
insurance_churn_unwinding,data_clean/cms/cms_updated_renewal_outcomes_state_month_2023.csv,ex_parte_rate_due,9,0.3621101989289046,1,full_file,510
insurance_churn_unwinding,data_clean/cms/cms_updated_renewal_outcomes_state_month_2023.csv,ex_parte_rate_due,10,0.3281482267997451,1,full_file,510
insurance_churn_unwinding,data_clean/cms/cms_updated_renewal_outcomes_state_month_2023.csv,ex_parte_rate_renewed,1,1.0,5,full_file,510
insurance_churn_unwinding,data_clean/cms/cms_updated_renewal_outcomes_state_month_2023.csv,ex_parte_rate_renewed,2,0.7313961069199962,1,full_file,510
insurance_churn_unwinding,data_clean/cms/cms_updated_renewal_outcomes_state_month_2023.csv,ex_parte_rate_renewed,3,0.6372217892093185,1,full_file,510
insurance_churn_unwinding,data_clean/cms/cms_updated_renewal_outcomes_state_month_2023.csv,ex_parte_rate_renewed,4,0.5688713337255231,1,full_file,510
insurance_churn_unwinding,data_clean/cms/cms_updated_renewal_outcomes_state_month_2023.csv,ex_parte_rate_renewed,5,0.6138747201319799,1,full_file,510
insurance_churn_unwinding,data_clean/cms/cms_updated_renewal_outcomes_state_month_2023.csv,ex_parte_rate_renewed,6,0.5587849272959624,1,full_file,510
insurance_churn_unwinding,data_clean/cms/cms_updated_renewal_outcomes_state_month_2023.csv,ex_parte_rate_renewed,7,0.5527618893627342,1,full_file,510
insurance_churn_unwinding,data_clean/cms/cms_updated_renewal_outcomes_state_month_2023.csv,ex_parte_rate_renewed,8,0.7720811371985306,1,full_file,510
insurance_churn_unwinding,data_clean/cms/cms_updated_renewal_outcomes_state_month_2023.csv,ex_parte_rate_renewed,9,0.8098920236851271,1,full_file,510
insurance_churn_unwinding,data_clean/cms/cms_updated_renewal_outcomes_state_month_2023.csv,ex_parte_rate_renewed,10,0.8754753346877117,1,full_file,510
insurance_churn_unwinding,data_clean/cms/cms_updated_renewal_outcomes_state_month_2023.csv,form_rate_due,1,0.0,5,full_file,510
insurance_churn_unwinding,data_clean/cms/cms_updated_renewal_outcomes_state_month_2023.csv,form_rate_due,2,0.1278000576075155,1,full_file,510
insurance_churn_unwinding,data_clean/cms/cms_updated_renewal_outcomes_state_month_2023.csv,form_rate_due,3,0.1687989845465718,1,full_file,510
insurance_churn_unwinding,data_clean/cms/cms_updated_renewal_outcomes_state_month_2023.csv,form_rate_due,4,0.1994494728002239,1,full_file,510
insurance_churn_unwinding,data_clean/cms/cms_updated_renewal_outcomes_state_month_2023.csv,form_rate_due,5,0.1802755574418586,1,full_file,510
insurance_churn_unwinding,data_clean/cms/cms_updated_renewal_outcomes_state_month_2023.csv,form_rate_due,6,0.270093981584261,1,full_file,510
insurance_churn_unwinding,data_clean/cms/cms_updated_renewal_outcomes_state_month_2023.csv,form_rate_due,7,0.2663521028431113,1,full_file,510
insurance_churn_unwinding,data_clean/cms/cms_updated_renewal_outcomes_state_month_2023.csv,form_rate_due,8,0.1850987106649025,1,full_file,510
insurance_churn_unwinding,data_clean/cms/cms_updated_renewal_outcomes_state_month_2023.csv,form_rate_due,9,0.1644718999547988,1,full_file,510
insurance_churn_unwinding,data_clean/cms/cms_updated_renewal_outcomes_state_month_2023.csv,form_rate_due,10,0.1097088046995112,1,full_file,510
insurance_churn_unwinding,data_clean/cms/cms_updated_renewal_outcomes_state_month_2023.csv,form_rate_renewed,1,0.0,5,full_file,510
insurance_churn_unwinding,data_clean/cms/cms_updated_renewal_outcomes_state_month_2023.csv,form_rate_renewed,2,0.2686038930800037,1,full_file,510
insurance_churn_unwinding,data_clean/cms/cms_updated_renewal_outcomes_state_month_2023.csv,form_rate_renewed,3,0.3627782107906815,1,full_file,510
insurance_churn_unwinding,data_clean/cms/cms_updated_renewal_outcomes_state_month_2023.csv,form_rate_renewed,4,0.4311286662744768,1,full_file,510
insurance_churn_unwinding,data_clean/cms/cms_updated_renewal_outcomes_state_month_2023.csv,form_rate_renewed,5,0.3861252798680201,1,full_file,510
insurance_churn_unwinding,data_clean/cms/cms_updated_renewal_outcomes_state_month_2023.csv,form_rate_renewed,6,0.4412150727040376,1,full_file,510
insurance_churn_unwinding,data_clean/cms/cms_updated_renewal_outcomes_state_month_2023.csv,form_rate_renewed,7,0.4472381106372658,1,full_file,510
insurance_churn_unwinding,data_clean/cms/cms_updated_renewal_outcomes_state_month_2023.csv,form_rate_renewed,8,0.2279188628014694,1,full_file,510
insurance_churn_unwinding,data_clean/cms/cms_updated_renewal_outcomes_state_month_2023.csv,form_rate_renewed,9,0.1901079763148728,1,full_file,510
insurance_churn_unwinding,data_clean/cms/cms_updated_renewal_outcomes_state_month_2023.csv,form_rate_renewed,10,0.1245246653122883,1,full_file,510
insurance_churn_unwinding,data_clean/cms/cms_updated_renewal_outcomes_state_month_2023.csv,pending_rate_due,1,0.0,67,full_file,510
insurance_churn_unwinding,data_clean/cms/cms_updated_renewal_outcomes_state_month_2023.csv,pending_rate_due,2,0.0276429971073994,1,full_file,510
insurance_churn_unwinding,data_clean/cms/cms_updated_renewal_outcomes_state_month_2023.csv,pending_rate_due,3,0.0049829839742834,1,full_file,510
insurance_churn_unwinding,data_clean/cms/cms_updated_renewal_outcomes_state_month_2023.csv,pending_rate_due,4,0.0148002494899199,1,full_file,510
insurance_churn_unwinding,data_clean/cms/cms_updated_renewal_outcomes_state_month_2023.csv,pending_rate_due,5,0.0220034184742049,1,full_file,510
insurance_churn_unwinding,data_clean/cms/cms_updated_renewal_outcomes_state_month_2023.csv,pending_rate_due,6,0.0128933509741354,1,full_file,510
insurance_churn_unwinding,data_clean/cms/cms_updated_renewal_outcomes_state_month_2023.csv,pending_rate_due,7,0.0093717040831701,1,full_file,510
insurance_churn_unwinding,data_clean/cms/cms_updated_renewal_outcomes_state_month_2023.csv,pending_rate_due,8,0.0030519286812455,1,full_file,510
insurance_churn_unwinding,data_clean/cms/cms_updated_renewal_outcomes_state_month_2023.csv,pending_rate_due,9,0.0049346016646848,1,full_file,510
insurance_churn_unwinding,data_clean/cms/cms_updated_renewal_outcomes_state_month_2023.csv,pending_rate_due,10,0.1008545486914723,1,full_file,510
insurance_churn_unwinding,data_clean/cms/cms_updated_renewal_outcomes_state_month_2023.csv,completion_rate_due,1,1.0,67,full_file,510
insurance_churn_unwinding,data_clean/cms/cms_updated_renewal_outcomes_state_month_2023.csv,completion_rate_due,2,0.9723570028926004,1,full_file,510
insurance_churn_unwinding,data_clean/cms/cms_updated_renewal_outcomes_state_month_2023.csv,completion_rate_due,3,0.9950170160257166,1,full_file,510
insurance_churn_unwinding,data_clean/cms/cms_updated_renewal_outcomes_state_month_2023.csv,completion_rate_due,4,0.98519975051008,1,full_file,510
insurance_churn_unwinding,data_clean/cms/cms_updated_renewal_outcomes_state_month_2023.csv,completion_rate_due,5,0.977996581525795,1,full_file,510
insurance_churn_unwinding,data_clean/cms/cms_updated_renewal_outcomes_state_month_2023.csv,completion_rate_due,6,0.9871066490258644,1,full_file,510
insurance_churn_unwinding,data_clean/cms/cms_updated_renewal_outcomes_state_month_2023.csv,completion_rate_due,7,0.99062829591683,1,full_file,510
insurance_churn_unwinding,data_clean/cms/cms_updated_renewal_outcomes_state_month_2023.csv,completion_rate_due,8,0.9969480713187544,1,full_file,510
insurance_churn_unwinding,data_clean/cms/cms_updated_renewal_outcomes_state_month_2023.csv,completion_rate_due,9,0.9950653983353152,1,full_file,510
insurance_churn_unwinding,data_clean/cms/cms_updated_renewal_outcomes_state_month_2023.csv,completion_rate_due,10,0.8991454513085276,1,full_file,510
insurance_churn_unwinding,data_clean/cms/cms_updated_renewal_outcomes_state_month_2023.csv,burden_index_simple,1,1.918058373315351,1,full_file,510
insurance_churn_unwinding,data_clean/cms/cms_updated_renewal_outcomes_state_month_2023.csv,burden_index_simple,2,0.9512724753239956,1,full_file,510
insurance_churn_unwinding,data_clean/cms/cms_updated_renewal_outcomes_state_month_2023.csv,burden_index_simple,3,0.7915127313270736,1,full_file,510
insurance_churn_unwinding,data_clean/cms/cms_updated_renewal_outcomes_state_month_2023.csv,burden_index_simple,4,0.8925161904237389,1,full_file,510
insurance_churn_unwinding,data_clean/cms/cms_updated_renewal_outcomes_state_month_2023.csv,burden_index_simple,5,2.353914980284252,1,full_file,510
insurance_churn_unwinding,data_clean/cms/cms_updated_renewal_outcomes_state_month_2023.csv,burden_index_simple,6,1.7416809376445,1,full_file,510
insurance_churn_unwinding,data_clean/cms/cms_updated_renewal_outcomes_state_month_2023.csv,burden_index_simple,7,1.7825455089806583,1,full_file,510
insurance_churn_unwinding,data_clean/cms/cms_updated_renewal_outcomes_state_month_2023.csv,burden_index_simple,8,1.690612281894926,1,full_file,510
insurance_churn_unwinding,data_clean/cms/cms_updated_renewal_outcomes_state_month_2023.csv,burden_index_simple,9,-0.0131236755322408,1,full_file,510
insurance_churn_unwinding,data_clean/cms/cms_updated_renewal_outcomes_state_month_2023.csv,burden_index_simple,10,0.4924565666362949,1,full_file,510
insurance_churn_unwinding,data_clean/cms/cms_updated_renewal_outcomes_state_month_2023.csv,metric5_identity_gap,1,0.0,415,full_file,510
insurance_churn_unwinding,data_clean/cms/cms_updated_renewal_outcomes_state_month_2023.csv,metric5_identity_gap_rate,1,0.0,413,full_file,510
insurance_churn_unwinding,data_clean/cms/cms_updated_renewal_outcomes_state_month_2023.csv,metric5a_identity_gap,1,0.0,415,full_file,510
insurance_churn_unwinding,data_clean/cms/cms_updated_renewal_outcomes_state_month_2023.csv,metric5a_identity_gap_rate,1,0.0,413,full_file,510
insurance_churn_unwinding,data_clean/cms/cms_updated_renewal_outcomes_state_month_2023.csv,cms_release_yyyymm,1,202404,306,full_file,510
insurance_churn_unwinding,data_clean/cms/cms_updated_renewal_outcomes_state_month_2023.csv,cms_release_yyyymm,2,202405,102,full_file,510
insurance_churn_unwinding,data_clean/cms/cms_updated_renewal_outcomes_state_month_2023.csv,cms_release_yyyymm,3,202406,51,full_file,510
insurance_churn_unwinding,data_clean/cms/cms_updated_renewal_outcomes_state_month_2023.csv,cms_release_yyyymm,4,202407,51,full_file,510
insurance_churn_unwinding,data_clean/cms/cms_updated_renewal_outcomes_state_month_2023.csv,cms_data_type,1,Updated,510,full_file,510
insurance_churn_unwinding,data_clean/cms/cms_updated_renewal_outcomes_state_month_2023.csv,renewals_due_raw,1,31863,2,full_file,510
insurance_churn_unwinding,data_clean/cms/cms_updated_renewal_outcomes_state_month_2023.csv,renewals_due_raw,2,0,2,full_file,510
insurance_churn_unwinding,data_clean/cms/cms_updated_renewal_outcomes_state_month_2023.csv,renewals_due_raw,3,38547,1,full_file,510
insurance_churn_unwinding,data_clean/cms/cms_updated_renewal_outcomes_state_month_2023.csv,renewals_due_raw,4,33185,1,full_file,510
insurance_churn_unwinding,data_clean/cms/cms_updated_renewal_outcomes_state_month_2023.csv,renewals_due_raw,5,43579,1,full_file,510
insurance_churn_unwinding,data_clean/cms/cms_updated_renewal_outcomes_state_month_2023.csv,renewals_due_raw,6,230588,1,full_file,510
insurance_churn_unwinding,data_clean/cms/cms_updated_renewal_outcomes_state_month_2023.csv,renewals_due_raw,7,207542,1,full_file,510
insurance_churn_unwinding,data_clean/cms/cms_updated_renewal_outcomes_state_month_2023.csv,renewals_due_raw,8,232626,1,full_file,510
insurance_churn_unwinding,data_clean/cms/cms_updated_renewal_outcomes_state_month_2023.csv,renewals_due_raw,9,223281,1,full_file,510
insurance_churn_unwinding,data_clean/cms/cms_updated_renewal_outcomes_state_month_2023.csv,renewals_due_raw,10,223149,1,full_file,510
insurance_churn_unwinding,data_clean/cms/cms_updated_renewal_outcomes_state_month_2023.csv,renewed_total_raw,1,0,2,full_file,510
insurance_churn_unwinding,data_clean/cms/cms_updated_renewal_outcomes_state_month_2023.csv,renewed_total_raw,2,28710,1,full_file,510
insurance_churn_unwinding,data_clean/cms/cms_updated_renewal_outcomes_state_month_2023.csv,renewed_total_raw,3,38394,1,full_file,510
insurance_churn_unwinding,data_clean/cms/cms_updated_renewal_outcomes_state_month_2023.csv,renewed_total_raw,4,162693,1,full_file,510
insurance_churn_unwinding,data_clean/cms/cms_updated_renewal_outcomes_state_month_2023.csv,renewed_total_raw,5,130592,1,full_file,510
insurance_churn_unwinding,data_clean/cms/cms_updated_renewal_outcomes_state_month_2023.csv,renewed_total_raw,6,159426,1,full_file,510
insurance_churn_unwinding,data_clean/cms/cms_updated_renewal_outcomes_state_month_2023.csv,renewed_total_raw,7,168663,1,full_file,510
insurance_churn_unwinding,data_clean/cms/cms_updated_renewal_outcomes_state_month_2023.csv,renewed_total_raw,8,181807,1,full_file,510
insurance_churn_unwinding,data_clean/cms/cms_updated_renewal_outcomes_state_month_2023.csv,renewed_total_raw,9,184093,1,full_file,510
insurance_churn_unwinding,data_clean/cms/cms_updated_renewal_outcomes_state_month_2023.csv,renewed_total_raw,10,169361,1,full_file,510
insurance_churn_unwinding,data_clean/cms/cms_updated_renewal_outcomes_state_month_2023.csv,ex_parte_renewed_raw,1,0,3,full_file,510
insurance_churn_unwinding,data_clean/cms/cms_updated_renewal_outcomes_state_month_2023.csv,ex_parte_renewed_raw,2,2,2,full_file,510
insurance_churn_unwinding,data_clean/cms/cms_updated_renewal_outcomes_state_month_2023.csv,ex_parte_renewed_raw,3,4880,2,full_file,510
insurance_churn_unwinding,data_clean/cms/cms_updated_renewal_outcomes_state_month_2023.csv,ex_parte_renewed_raw,4,12031,2,full_file,510
insurance_churn_unwinding,data_clean/cms/cms_updated_renewal_outcomes_state_month_2023.csv,ex_parte_renewed_raw,5,33845,1,full_file,510
insurance_churn_unwinding,data_clean/cms/cms_updated_renewal_outcomes_state_month_2023.csv,ex_parte_renewed_raw,6,36466,1,full_file,510
insurance_churn_unwinding,data_clean/cms/cms_updated_renewal_outcomes_state_month_2023.csv,ex_parte_renewed_raw,7,32357,1,full_file,510
insurance_churn_unwinding,data_clean/cms/cms_updated_renewal_outcomes_state_month_2023.csv,ex_parte_renewed_raw,8,27349,1,full_file,510
insurance_churn_unwinding,data_clean/cms/cms_updated_renewal_outcomes_state_month_2023.csv,ex_parte_renewed_raw,9,24170,1,full_file,510
insurance_churn_unwinding,data_clean/cms/cms_updated_renewal_outcomes_state_month_2023.csv,ex_parte_renewed_raw,10,23252,1,full_file,510
insurance_churn_unwinding,data_clean/cms/cms_updated_renewal_outcomes_state_month_2023.csv,form_renewed_raw,1,0,7,full_file,510
insurance_churn_unwinding,data_clean/cms/cms_updated_renewal_outcomes_state_month_2023.csv,form_renewed_raw,2,32766,3,full_file,510
insurance_churn_unwinding,data_clean/cms/cms_updated_renewal_outcomes_state_month_2023.csv,form_renewed_raw,3,17304,1,full_file,510
insurance_churn_unwinding,data_clean/cms/cms_updated_renewal_outcomes_state_month_2023.csv,form_renewed_raw,4,16756,1,full_file,510
insurance_churn_unwinding,data_clean/cms/cms_updated_renewal_outcomes_state_month_2023.csv,form_renewed_raw,5,25650,1,full_file,510
insurance_churn_unwinding,data_clean/cms/cms_updated_renewal_outcomes_state_month_2023.csv,form_renewed_raw,6,22937,1,full_file,510
insurance_churn_unwinding,data_clean/cms/cms_updated_renewal_outcomes_state_month_2023.csv,form_renewed_raw,7,25549,1,full_file,510
insurance_churn_unwinding,data_clean/cms/cms_updated_renewal_outcomes_state_month_2023.csv,form_renewed_raw,8,22128,1,full_file,510
insurance_churn_unwinding,data_clean/cms/cms_updated_renewal_outcomes_state_month_2023.csv,form_renewed_raw,9,7135,1,full_file,510
insurance_churn_unwinding,data_clean/cms/cms_updated_renewal_outcomes_state_month_2023.csv,form_renewed_raw,10,5458,1,full_file,510
insurance_churn_unwinding,data_clean/cms/cms_updated_renewal_outcomes_state_month_2023.csv,ineligible_terminations_raw,1,1895,2,full_file,510
insurance_churn_unwinding,data_clean/cms/cms_updated_renewal_outcomes_state_month_2023.csv,ineligible_terminations_raw,2,8181,2,full_file,510
insurance_churn_unwinding,data_clean/cms/cms_updated_renewal_outcomes_state_month_2023.csv,ineligible_terminations_raw,3,1480,2,full_file,510
insurance_churn_unwinding,data_clean/cms/cms_updated_renewal_outcomes_state_month_2023.csv,ineligible_terminations_raw,4,894,2,full_file,510
insurance_churn_unwinding,data_clean/cms/cms_updated_renewal_outcomes_state_month_2023.csv,ineligible_terminations_raw,5,0,2,full_file,510
insurance_churn_unwinding,data_clean/cms/cms_updated_renewal_outcomes_state_month_2023.csv,ineligible_terminations_raw,6,7103,1,full_file,510
insurance_churn_unwinding,data_clean/cms/cms_updated_renewal_outcomes_state_month_2023.csv,ineligible_terminations_raw,7,1320,1,full_file,510
insurance_churn_unwinding,data_clean/cms/cms_updated_renewal_outcomes_state_month_2023.csv,ineligible_terminations_raw,8,944,1,full_file,510
insurance_churn_unwinding,data_clean/cms/cms_updated_renewal_outcomes_state_month_2023.csv,ineligible_terminations_raw,9,1110,1,full_file,510
insurance_churn_unwinding,data_clean/cms/cms_updated_renewal_outcomes_state_month_2023.csv,ineligible_terminations_raw,10,19888,1,full_file,510
insurance_churn_unwinding,data_clean/cms/cms_updated_renewal_outcomes_state_month_2023.csv,procedural_terminations_raw,1,0,13,full_file,510
insurance_churn_unwinding,data_clean/cms/cms_updated_renewal_outcomes_state_month_2023.csv,procedural_terminations_raw,2,58834,2,full_file,510
insurance_churn_unwinding,data_clean/cms/cms_updated_renewal_outcomes_state_month_2023.csv,procedural_terminations_raw,3,2648,2,full_file,510
insurance_churn_unwinding,data_clean/cms/cms_updated_renewal_outcomes_state_month_2023.csv,procedural_terminations_raw,4,40474,1,full_file,510
insurance_churn_unwinding,data_clean/cms/cms_updated_renewal_outcomes_state_month_2023.csv,procedural_terminations_raw,5,34286,1,full_file,510
insurance_churn_unwinding,data_clean/cms/cms_updated_renewal_outcomes_state_month_2023.csv,procedural_terminations_raw,6,31350,1,full_file,510
insurance_churn_unwinding,data_clean/cms/cms_updated_renewal_outcomes_state_month_2023.csv,procedural_terminations_raw,7,29449,1,full_file,510
insurance_churn_unwinding,data_clean/cms/cms_updated_renewal_outcomes_state_month_2023.csv,procedural_terminations_raw,8,26868,1,full_file,510
insurance_churn_unwinding,data_clean/cms/cms_updated_renewal_outcomes_state_month_2023.csv,procedural_terminations_raw,9,29881,1,full_file,510
insurance_churn_unwinding,data_clean/cms/cms_updated_renewal_outcomes_state_month_2023.csv,procedural_terminations_raw,10,59707,1,full_file,510
insurance_churn_unwinding,data_clean/cms/cms_updated_renewal_outcomes_state_month_2023.csv,pending_renewals_raw,1,0,69,full_file,510
insurance_churn_unwinding,data_clean/cms/cms_updated_renewal_outcomes_state_month_2023.csv,pending_renewals_raw,2,1,3,full_file,510
insurance_churn_unwinding,data_clean/cms/cms_updated_renewal_outcomes_state_month_2023.csv,pending_renewals_raw,3,5689,2,full_file,510
insurance_churn_unwinding,data_clean/cms/cms_updated_renewal_outcomes_state_month_2023.csv,pending_renewals_raw,4,147,2,full_file,510
insurance_churn_unwinding,data_clean/cms/cms_updated_renewal_outcomes_state_month_2023.csv,pending_renewals_raw,5,435,2,full_file,510
insurance_churn_unwinding,data_clean/cms/cms_updated_renewal_outcomes_state_month_2023.csv,pending_renewals_raw,6,37,2,full_file,510
insurance_churn_unwinding,data_clean/cms/cms_updated_renewal_outcomes_state_month_2023.csv,pending_renewals_raw,7,22,2,full_file,510
insurance_churn_unwinding,data_clean/cms/cms_updated_renewal_outcomes_state_month_2023.csv,pending_renewals_raw,8,35,2,full_file,510
insurance_churn_unwinding,data_clean/cms/cms_updated_renewal_outcomes_state_month_2023.csv,pending_renewals_raw,9,39,2,full_file,510
insurance_churn_unwinding,data_clean/cms/cms_updated_renewal_outcomes_state_month_2023.csv,pending_renewals_raw,10,1270,2,full_file,510
insurance_churn_unwinding,data_clean/cms/cms_updated_renewal_outcomes_state_month_2023_2024_optional.csv,state_name,1,Alaska,13,full_file,663
insurance_churn_unwinding,data_clean/cms/cms_updated_renewal_outcomes_state_month_2023_2024_optional.csv,state_name,2,Alabama,13,full_file,663
insurance_churn_unwinding,data_clean/cms/cms_updated_renewal_outcomes_state_month_2023_2024_optional.csv,state_name,3,Arkansas,13,full_file,663
insurance_churn_unwinding,data_clean/cms/cms_updated_renewal_outcomes_state_month_2023_2024_optional.csv,state_name,4,Arizona,13,full_file,663
insurance_churn_unwinding,data_clean/cms/cms_updated_renewal_outcomes_state_month_2023_2024_optional.csv,state_name,5,California,13,full_file,663
insurance_churn_unwinding,data_clean/cms/cms_updated_renewal_outcomes_state_month_2023_2024_optional.csv,state_name,6,Colorado,13,full_file,663
insurance_churn_unwinding,data_clean/cms/cms_updated_renewal_outcomes_state_month_2023_2024_optional.csv,state_name,7,Connecticut,13,full_file,663
insurance_churn_unwinding,data_clean/cms/cms_updated_renewal_outcomes_state_month_2023_2024_optional.csv,state_name,8,District of Columbia,13,full_file,663
insurance_churn_unwinding,data_clean/cms/cms_updated_renewal_outcomes_state_month_2023_2024_optional.csv,state_name,9,Delaware,13,full_file,663
insurance_churn_unwinding,data_clean/cms/cms_updated_renewal_outcomes_state_month_2023_2024_optional.csv,state_name,10,Florida,13,full_file,663
insurance_churn_unwinding,data_clean/cms/cms_updated_renewal_outcomes_state_month_2023_2024_optional.csv,state_abbr,1,AK,13,full_file,663
insurance_churn_unwinding,data_clean/cms/cms_updated_renewal_outcomes_state_month_2023_2024_optional.csv,state_abbr,2,AL,13,full_file,663
insurance_churn_unwinding,data_clean/cms/cms_updated_renewal_outcomes_state_month_2023_2024_optional.csv,state_abbr,3,AR,13,full_file,663
insurance_churn_unwinding,data_clean/cms/cms_updated_renewal_outcomes_state_month_2023_2024_optional.csv,state_abbr,4,AZ,13,full_file,663
insurance_churn_unwinding,data_clean/cms/cms_updated_renewal_outcomes_state_month_2023_2024_optional.csv,state_abbr,5,CA,13,full_file,663
insurance_churn_unwinding,data_clean/cms/cms_updated_renewal_outcomes_state_month_2023_2024_optional.csv,state_abbr,6,CO,13,full_file,663
insurance_churn_unwinding,data_clean/cms/cms_updated_renewal_outcomes_state_month_2023_2024_optional.csv,state_abbr,7,CT,13,full_file,663
insurance_churn_unwinding,data_clean/cms/cms_updated_renewal_outcomes_state_month_2023_2024_optional.csv,state_abbr,8,DC,13,full_file,663
insurance_churn_unwinding,data_clean/cms/cms_updated_renewal_outcomes_state_month_2023_2024_optional.csv,state_abbr,9,DE,13,full_file,663
insurance_churn_unwinding,data_clean/cms/cms_updated_renewal_outcomes_state_month_2023_2024_optional.csv,state_abbr,10,FL,13,full_file,663
insurance_churn_unwinding,data_clean/cms/cms_updated_renewal_outcomes_state_month_2023_2024_optional.csv,state_fips,1,2,13,full_file,663
insurance_churn_unwinding,data_clean/cms/cms_updated_renewal_outcomes_state_month_2023_2024_optional.csv,state_fips,2,1,13,full_file,663
insurance_churn_unwinding,data_clean/cms/cms_updated_renewal_outcomes_state_month_2023_2024_optional.csv,state_fips,3,5,13,full_file,663
insurance_churn_unwinding,data_clean/cms/cms_updated_renewal_outcomes_state_month_2023_2024_optional.csv,state_fips,4,4,13,full_file,663
insurance_churn_unwinding,data_clean/cms/cms_updated_renewal_outcomes_state_month_2023_2024_optional.csv,state_fips,5,6,13,full_file,663
insurance_churn_unwinding,data_clean/cms/cms_updated_renewal_outcomes_state_month_2023_2024_optional.csv,state_fips,6,8,13,full_file,663
insurance_churn_unwinding,data_clean/cms/cms_updated_renewal_outcomes_state_month_2023_2024_optional.csv,state_fips,7,9,13,full_file,663
insurance_churn_unwinding,data_clean/cms/cms_updated_renewal_outcomes_state_month_2023_2024_optional.csv,state_fips,8,11,13,full_file,663
insurance_churn_unwinding,data_clean/cms/cms_updated_renewal_outcomes_state_month_2023_2024_optional.csv,state_fips,9,10,13,full_file,663
insurance_churn_unwinding,data_clean/cms/cms_updated_renewal_outcomes_state_month_2023_2024_optional.csv,state_fips,10,12,13,full_file,663
insurance_churn_unwinding,data_clean/cms/cms_updated_renewal_outcomes_state_month_2023_2024_optional.csv,cms_reporting_yyyymm,1,202303,51,full_file,663
insurance_churn_unwinding,data_clean/cms/cms_updated_renewal_outcomes_state_month_2023_2024_optional.csv,cms_reporting_yyyymm,2,202304,51,full_file,663
insurance_churn_unwinding,data_clean/cms/cms_updated_renewal_outcomes_state_month_2023_2024_optional.csv,cms_reporting_yyyymm,3,202305,51,full_file,663
insurance_churn_unwinding,data_clean/cms/cms_updated_renewal_outcomes_state_month_2023_2024_optional.csv,cms_reporting_yyyymm,4,202306,51,full_file,663
insurance_churn_unwinding,data_clean/cms/cms_updated_renewal_outcomes_state_month_2023_2024_optional.csv,cms_reporting_yyyymm,5,202307,51,full_file,663
insurance_churn_unwinding,data_clean/cms/cms_updated_renewal_outcomes_state_month_2023_2024_optional.csv,cms_reporting_yyyymm,6,202308,51,full_file,663
insurance_churn_unwinding,data_clean/cms/cms_updated_renewal_outcomes_state_month_2023_2024_optional.csv,cms_reporting_yyyymm,7,202309,51,full_file,663
insurance_churn_unwinding,data_clean/cms/cms_updated_renewal_outcomes_state_month_2023_2024_optional.csv,cms_reporting_yyyymm,8,202310,51,full_file,663
insurance_churn_unwinding,data_clean/cms/cms_updated_renewal_outcomes_state_month_2023_2024_optional.csv,cms_reporting_yyyymm,9,202311,51,full_file,663
insurance_churn_unwinding,data_clean/cms/cms_updated_renewal_outcomes_state_month_2023_2024_optional.csv,cms_reporting_yyyymm,10,202312,51,full_file,663
insurance_churn_unwinding,data_clean/cms/cms_updated_renewal_outcomes_state_month_2023_2024_optional.csv,cms_reporting_year,1,2023,510,full_file,663
insurance_churn_unwinding,data_clean/cms/cms_updated_renewal_outcomes_state_month_2023_2024_optional.csv,cms_reporting_year,2,2024,153,full_file,663
insurance_churn_unwinding,data_clean/cms/cms_updated_renewal_outcomes_state_month_2023_2024_optional.csv,cms_reporting_month,1,3,102,full_file,663
insurance_churn_unwinding,data_clean/cms/cms_updated_renewal_outcomes_state_month_2023_2024_optional.csv,cms_reporting_month,2,4,51,full_file,663
insurance_churn_unwinding,data_clean/cms/cms_updated_renewal_outcomes_state_month_2023_2024_optional.csv,cms_reporting_month,3,5,51,full_file,663
insurance_churn_unwinding,data_clean/cms/cms_updated_renewal_outcomes_state_month_2023_2024_optional.csv,cms_reporting_month,4,6,51,full_file,663
insurance_churn_unwinding,data_clean/cms/cms_updated_renewal_outcomes_state_month_2023_2024_optional.csv,cms_reporting_month,5,7,51,full_file,663
insurance_churn_unwinding,data_clean/cms/cms_updated_renewal_outcomes_state_month_2023_2024_optional.csv,cms_reporting_month,6,8,51,full_file,663
insurance_churn_unwinding,data_clean/cms/cms_updated_renewal_outcomes_state_month_2023_2024_optional.csv,cms_reporting_month,7,9,51,full_file,663
insurance_churn_unwinding,data_clean/cms/cms_updated_renewal_outcomes_state_month_2023_2024_optional.csv,cms_reporting_month,8,10,51,full_file,663
insurance_churn_unwinding,data_clean/cms/cms_updated_renewal_outcomes_state_month_2023_2024_optional.csv,cms_reporting_month,9,11,51,full_file,663
insurance_churn_unwinding,data_clean/cms/cms_updated_renewal_outcomes_state_month_2023_2024_optional.csv,cms_reporting_month,10,12,51,full_file,663
insurance_churn_unwinding,data_clean/cms/cms_updated_renewal_outcomes_state_month_2023_2024_optional.csv,sipp_month_same,1,3,102,full_file,663
insurance_churn_unwinding,data_clean/cms/cms_updated_renewal_outcomes_state_month_2023_2024_optional.csv,sipp_month_same,2,4,51,full_file,663
insurance_churn_unwinding,data_clean/cms/cms_updated_renewal_outcomes_state_month_2023_2024_optional.csv,sipp_month_same,3,5,51,full_file,663
insurance_churn_unwinding,data_clean/cms/cms_updated_renewal_outcomes_state_month_2023_2024_optional.csv,sipp_month_same,4,6,51,full_file,663
insurance_churn_unwinding,data_clean/cms/cms_updated_renewal_outcomes_state_month_2023_2024_optional.csv,sipp_month_same,5,7,51,full_file,663
insurance_churn_unwinding,data_clean/cms/cms_updated_renewal_outcomes_state_month_2023_2024_optional.csv,sipp_month_same,6,8,51,full_file,663
insurance_churn_unwinding,data_clean/cms/cms_updated_renewal_outcomes_state_month_2023_2024_optional.csv,sipp_month_same,7,9,51,full_file,663
insurance_churn_unwinding,data_clean/cms/cms_updated_renewal_outcomes_state_month_2023_2024_optional.csv,sipp_month_same,8,10,51,full_file,663
insurance_churn_unwinding,data_clean/cms/cms_updated_renewal_outcomes_state_month_2023_2024_optional.csv,sipp_month_same,9,11,51,full_file,663
insurance_churn_unwinding,data_clean/cms/cms_updated_renewal_outcomes_state_month_2023_2024_optional.csv,sipp_month_same,10,12,51,full_file,663
insurance_churn_unwinding,data_clean/cms/cms_updated_renewal_outcomes_state_month_2023_2024_optional.csv,sipp_month_plus1,1,4,102,full_file,663
insurance_churn_unwinding,data_clean/cms/cms_updated_renewal_outcomes_state_month_2023_2024_optional.csv,sipp_month_plus1,2,5,51,full_file,663
insurance_churn_unwinding,data_clean/cms/cms_updated_renewal_outcomes_state_month_2023_2024_optional.csv,sipp_month_plus1,3,6,51,full_file,663
insurance_churn_unwinding,data_clean/cms/cms_updated_renewal_outcomes_state_month_2023_2024_optional.csv,sipp_month_plus1,4,7,51,full_file,663
insurance_churn_unwinding,data_clean/cms/cms_updated_renewal_outcomes_state_month_2023_2024_optional.csv,sipp_month_plus1,5,8,51,full_file,663
insurance_churn_unwinding,data_clean/cms/cms_updated_renewal_outcomes_state_month_2023_2024_optional.csv,sipp_month_plus1,6,9,51,full_file,663
insurance_churn_unwinding,data_clean/cms/cms_updated_renewal_outcomes_state_month_2023_2024_optional.csv,sipp_month_plus1,7,10,51,full_file,663
insurance_churn_unwinding,data_clean/cms/cms_updated_renewal_outcomes_state_month_2023_2024_optional.csv,sipp_month_plus1,8,11,51,full_file,663
insurance_churn_unwinding,data_clean/cms/cms_updated_renewal_outcomes_state_month_2023_2024_optional.csv,sipp_month_plus1,9,12,51,full_file,663
insurance_churn_unwinding,data_clean/cms/cms_updated_renewal_outcomes_state_month_2023_2024_optional.csv,sipp_month_plus1,10,13,51,full_file,663
insurance_churn_unwinding,data_clean/cms/cms_updated_renewal_outcomes_state_month_2023_2024_optional.csv,renewals_due,1,0.0,3,full_file,663
insurance_churn_unwinding,data_clean/cms/cms_updated_renewal_outcomes_state_month_2023_2024_optional.csv,renewals_due,2,31863.0,2,full_file,663
insurance_churn_unwinding,data_clean/cms/cms_updated_renewal_outcomes_state_month_2023_2024_optional.csv,renewals_due,3,16163.0,1,full_file,663
insurance_churn_unwinding,data_clean/cms/cms_updated_renewal_outcomes_state_month_2023_2024_optional.csv,renewals_due,4,127533.0,1,full_file,663
insurance_churn_unwinding,data_clean/cms/cms_updated_renewal_outcomes_state_month_2023_2024_optional.csv,renewals_due,5,131852.0,1,full_file,663
insurance_churn_unwinding,data_clean/cms/cms_updated_renewal_outcomes_state_month_2023_2024_optional.csv,renewals_due,6,117961.0,1,full_file,663
insurance_churn_unwinding,data_clean/cms/cms_updated_renewal_outcomes_state_month_2023_2024_optional.csv,renewals_due,7,107242.0,1,full_file,663
insurance_churn_unwinding,data_clean/cms/cms_updated_renewal_outcomes_state_month_2023_2024_optional.csv,renewals_due,8,104021.0,1,full_file,663
insurance_churn_unwinding,data_clean/cms/cms_updated_renewal_outcomes_state_month_2023_2024_optional.csv,renewals_due,9,94633.0,1,full_file,663
insurance_churn_unwinding,data_clean/cms/cms_updated_renewal_outcomes_state_month_2023_2024_optional.csv,renewals_due,10,103109.0,1,full_file,663
insurance_churn_unwinding,data_clean/cms/cms_updated_renewal_outcomes_state_month_2023_2024_optional.csv,renewed_total,1,0.0,3,full_file,663
insurance_churn_unwinding,data_clean/cms/cms_updated_renewal_outcomes_state_month_2023_2024_optional.csv,renewed_total,2,89847.0,1,full_file,663
insurance_churn_unwinding,data_clean/cms/cms_updated_renewal_outcomes_state_month_2023_2024_optional.csv,renewed_total,3,85745.0,1,full_file,663
insurance_churn_unwinding,data_clean/cms/cms_updated_renewal_outcomes_state_month_2023_2024_optional.csv,renewed_total,4,78989.0,1,full_file,663
insurance_churn_unwinding,data_clean/cms/cms_updated_renewal_outcomes_state_month_2023_2024_optional.csv,renewed_total,5,71311.0,1,full_file,663
insurance_churn_unwinding,data_clean/cms/cms_updated_renewal_outcomes_state_month_2023_2024_optional.csv,renewed_total,6,69994.0,1,full_file,663
insurance_churn_unwinding,data_clean/cms/cms_updated_renewal_outcomes_state_month_2023_2024_optional.csv,renewed_total,7,63556.0,1,full_file,663
insurance_churn_unwinding,data_clean/cms/cms_updated_renewal_outcomes_state_month_2023_2024_optional.csv,renewed_total,8,68551.0,1,full_file,663
insurance_churn_unwinding,data_clean/cms/cms_updated_renewal_outcomes_state_month_2023_2024_optional.csv,renewed_total,9,58602.0,1,full_file,663
insurance_churn_unwinding,data_clean/cms/cms_updated_renewal_outcomes_state_month_2023_2024_optional.csv,renewed_total,10,58647.0,1,full_file,663
insurance_churn_unwinding,data_clean/cms/cms_updated_renewal_outcomes_state_month_2023_2024_optional.csv,ex_parte_renewed,1,0.0,4,full_file,663
insurance_churn_unwinding,data_clean/cms/cms_updated_renewal_outcomes_state_month_2023_2024_optional.csv,ex_parte_renewed,2,4880.0,2,full_file,663
insurance_churn_unwinding,data_clean/cms/cms_updated_renewal_outcomes_state_month_2023_2024_optional.csv,ex_parte_renewed,3,2.0,2,full_file,663
insurance_churn_unwinding,data_clean/cms/cms_updated_renewal_outcomes_state_month_2023_2024_optional.csv,ex_parte_renewed,4,43267.0,2,full_file,663
insurance_churn_unwinding,data_clean/cms/cms_updated_renewal_outcomes_state_month_2023_2024_optional.csv,ex_parte_renewed,5,12031.0,2,full_file,663
insurance_churn_unwinding,data_clean/cms/cms_updated_renewal_outcomes_state_month_2023_2024_optional.csv,ex_parte_renewed,6,3232.0,1,full_file,663
insurance_churn_unwinding,data_clean/cms/cms_updated_renewal_outcomes_state_month_2023_2024_optional.csv,ex_parte_renewed,7,2956.0,1,full_file,663
insurance_churn_unwinding,data_clean/cms/cms_updated_renewal_outcomes_state_month_2023_2024_optional.csv,ex_parte_renewed,8,3288.0,1,full_file,663
insurance_churn_unwinding,data_clean/cms/cms_updated_renewal_outcomes_state_month_2023_2024_optional.csv,ex_parte_renewed,9,4376.0,1,full_file,663
insurance_churn_unwinding,data_clean/cms/cms_updated_renewal_outcomes_state_month_2023_2024_optional.csv,ex_parte_renewed,10,4572.0,1,full_file,663
insurance_churn_unwinding,data_clean/cms/cms_updated_renewal_outcomes_state_month_2023_2024_optional.csv,form_renewed,1,0.0,8,full_file,663
insurance_churn_unwinding,data_clean/cms/cms_updated_renewal_outcomes_state_month_2023_2024_optional.csv,form_renewed,2,32766.0,3,full_file,663
insurance_churn_unwinding,data_clean/cms/cms_updated_renewal_outcomes_state_month_2023_2024_optional.csv,form_renewed,3,13549.0,2,full_file,663
insurance_churn_unwinding,data_clean/cms/cms_updated_renewal_outcomes_state_month_2023_2024_optional.csv,form_renewed,4,825.0,2,full_file,663
insurance_churn_unwinding,data_clean/cms/cms_updated_renewal_outcomes_state_month_2023_2024_optional.csv,form_renewed,5,1621.0,1,full_file,663
insurance_churn_unwinding,data_clean/cms/cms_updated_renewal_outcomes_state_month_2023_2024_optional.csv,form_renewed,6,2277.0,1,full_file,663
insurance_churn_unwinding,data_clean/cms/cms_updated_renewal_outcomes_state_month_2023_2024_optional.csv,form_renewed,7,2638.0,1,full_file,663
insurance_churn_unwinding,data_clean/cms/cms_updated_renewal_outcomes_state_month_2023_2024_optional.csv,form_renewed,8,2819.0,1,full_file,663
insurance_churn_unwinding,data_clean/cms/cms_updated_renewal_outcomes_state_month_2023_2024_optional.csv,form_renewed,9,2640.0,1,full_file,663
insurance_churn_unwinding,data_clean/cms/cms_updated_renewal_outcomes_state_month_2023_2024_optional.csv,form_renewed,10,3678.0,1,full_file,663
insurance_churn_unwinding,data_clean/cms/cms_updated_renewal_outcomes_state_month_2023_2024_optional.csv,ineligible_terminations,1,0.0,3,full_file,663
insurance_churn_unwinding,data_clean/cms/cms_updated_renewal_outcomes_state_month_2023_2024_optional.csv,ineligible_terminations,2,638.0,2,full_file,663
insurance_churn_unwinding,data_clean/cms/cms_updated_renewal_outcomes_state_month_2023_2024_optional.csv,ineligible_terminations,3,1895.0,2,full_file,663
insurance_churn_unwinding,data_clean/cms/cms_updated_renewal_outcomes_state_month_2023_2024_optional.csv,ineligible_terminations,4,2285.0,2,full_file,663
insurance_churn_unwinding,data_clean/cms/cms_updated_renewal_outcomes_state_month_2023_2024_optional.csv,ineligible_terminations,5,8181.0,2,full_file,663
insurance_churn_unwinding,data_clean/cms/cms_updated_renewal_outcomes_state_month_2023_2024_optional.csv,ineligible_terminations,6,3068.0,2,full_file,663
insurance_churn_unwinding,data_clean/cms/cms_updated_renewal_outcomes_state_month_2023_2024_optional.csv,ineligible_terminations,7,1480.0,2,full_file,663
insurance_churn_unwinding,data_clean/cms/cms_updated_renewal_outcomes_state_month_2023_2024_optional.csv,ineligible_terminations,8,894.0,2,full_file,663
insurance_churn_unwinding,data_clean/cms/cms_updated_renewal_outcomes_state_month_2023_2024_optional.csv,ineligible_terminations,9,1424.0,2,full_file,663
insurance_churn_unwinding,data_clean/cms/cms_updated_renewal_outcomes_state_month_2023_2024_optional.csv,ineligible_terminations,10,1326.0,1,full_file,663
insurance_churn_unwinding,data_clean/cms/cms_updated_renewal_outcomes_state_month_2023_2024_optional.csv,procedural_terminations,1,0.0,14,full_file,663
insurance_churn_unwinding,data_clean/cms/cms_updated_renewal_outcomes_state_month_2023_2024_optional.csv,procedural_terminations,2,777.0,2,full_file,663
insurance_churn_unwinding,data_clean/cms/cms_updated_renewal_outcomes_state_month_2023_2024_optional.csv,procedural_terminations,3,58834.0,2,full_file,663
insurance_churn_unwinding,data_clean/cms/cms_updated_renewal_outcomes_state_month_2023_2024_optional.csv,procedural_terminations,4,2648.0,2,full_file,663
insurance_churn_unwinding,data_clean/cms/cms_updated_renewal_outcomes_state_month_2023_2024_optional.csv,procedural_terminations,5,27711.0,1,full_file,663
insurance_churn_unwinding,data_clean/cms/cms_updated_renewal_outcomes_state_month_2023_2024_optional.csv,procedural_terminations,6,26868.0,1,full_file,663
insurance_churn_unwinding,data_clean/cms/cms_updated_renewal_outcomes_state_month_2023_2024_optional.csv,procedural_terminations,7,1006.0,1,full_file,663
insurance_churn_unwinding,data_clean/cms/cms_updated_renewal_outcomes_state_month_2023_2024_optional.csv,procedural_terminations,8,1936.0,1,full_file,663
insurance_churn_unwinding,data_clean/cms/cms_updated_renewal_outcomes_state_month_2023_2024_optional.csv,procedural_terminations,9,2174.0,1,full_file,663
insurance_churn_unwinding,data_clean/cms/cms_updated_renewal_outcomes_state_month_2023_2024_optional.csv,procedural_terminations,10,5740.0,1,full_file,663
insurance_churn_unwinding,data_clean/cms/cms_updated_renewal_outcomes_state_month_2023_2024_optional.csv,pending_renewals,1,0.0,95,full_file,663
insurance_churn_unwinding,data_clean/cms/cms_updated_renewal_outcomes_state_month_2023_2024_optional.csv,pending_renewals,2,1.0,4,full_file,663
insurance_churn_unwinding,data_clean/cms/cms_updated_renewal_outcomes_state_month_2023_2024_optional.csv,pending_renewals,3,147.0,3,full_file,663
insurance_churn_unwinding,data_clean/cms/cms_updated_renewal_outcomes_state_month_2023_2024_optional.csv,pending_renewals,4,35.0,3,full_file,663
insurance_churn_unwinding,data_clean/cms/cms_updated_renewal_outcomes_state_month_2023_2024_optional.csv,pending_renewals,5,39.0,3,full_file,663
insurance_churn_unwinding,data_clean/cms/cms_updated_renewal_outcomes_state_month_2023_2024_optional.csv,pending_renewals,6,13.0,3,full_file,663
insurance_churn_unwinding,data_clean/cms/cms_updated_renewal_outcomes_state_month_2023_2024_optional.csv,pending_renewals,7,435.0,2,full_file,663
insurance_churn_unwinding,data_clean/cms/cms_updated_renewal_outcomes_state_month_2023_2024_optional.csv,pending_renewals,8,475.0,2,full_file,663
insurance_churn_unwinding,data_clean/cms/cms_updated_renewal_outcomes_state_month_2023_2024_optional.csv,pending_renewals,9,23.0,2,full_file,663
insurance_churn_unwinding,data_clean/cms/cms_updated_renewal_outcomes_state_month_2023_2024_optional.csv,pending_renewals,10,683.0,2,full_file,663
insurance_churn_unwinding,data_clean/cms/cms_updated_renewal_outcomes_state_month_2023_2024_optional.csv,renewal_success_rate_due,1,0.3690166692154764,1,full_file,663
insurance_churn_unwinding,data_clean/cms/cms_updated_renewal_outcomes_state_month_2023_2024_optional.csv,renewal_success_rate_due,2,0.4026560424966799,1,full_file,663
insurance_churn_unwinding,data_clean/cms/cms_updated_renewal_outcomes_state_month_2023_2024_optional.csv,renewal_success_rate_due,3,0.3952280701754386,1,full_file,663
insurance_churn_unwinding,data_clean/cms/cms_updated_renewal_outcomes_state_month_2023_2024_optional.csv,renewal_success_rate_due,4,0.395648912228057,1,full_file,663
insurance_churn_unwinding,data_clean/cms/cms_updated_renewal_outcomes_state_month_2023_2024_optional.csv,renewal_success_rate_due,5,0.4418658801614405,1,full_file,663
insurance_churn_unwinding,data_clean/cms/cms_updated_renewal_outcomes_state_month_2023_2024_optional.csv,renewal_success_rate_due,6,0.512232286464065,1,full_file,663
insurance_churn_unwinding,data_clean/cms/cms_updated_renewal_outcomes_state_month_2023_2024_optional.csv,renewal_success_rate_due,7,0.519205789571349,1,full_file,663
insurance_churn_unwinding,data_clean/cms/cms_updated_renewal_outcomes_state_month_2023_2024_optional.csv,renewal_success_rate_due,8,0.5477707006369427,1,full_file,663
insurance_churn_unwinding,data_clean/cms/cms_updated_renewal_outcomes_state_month_2023_2024_optional.csv,renewal_success_rate_due,9,0.5097560975609756,1,full_file,663
insurance_churn_unwinding,data_clean/cms/cms_updated_renewal_outcomes_state_month_2023_2024_optional.csv,renewal_success_rate_due,10,0.5175490004558182,1,full_file,663
insurance_churn_unwinding,data_clean/cms/cms_updated_renewal_outcomes_state_month_2023_2024_optional.csv,termination_rate_due,1,0.4788193913442422,1,full_file,663
insurance_churn_unwinding,data_clean/cms/cms_updated_renewal_outcomes_state_month_2023_2024_optional.csv,termination_rate_due,2,0.4778220451527224,1,full_file,663
insurance_churn_unwinding,data_clean/cms/cms_updated_renewal_outcomes_state_month_2023_2024_optional.csv,termination_rate_due,3,0.5332631578947369,1,full_file,663
insurance_churn_unwinding,data_clean/cms/cms_updated_renewal_outcomes_state_month_2023_2024_optional.csv,termination_rate_due,4,0.5277319329832458,1,full_file,663
insurance_churn_unwinding,data_clean/cms/cms_updated_renewal_outcomes_state_month_2023_2024_optional.csv,termination_rate_due,5,0.2059919279726793,1,full_file,663
insurance_churn_unwinding,data_clean/cms/cms_updated_renewal_outcomes_state_month_2023_2024_optional.csv,termination_rate_due,6,0.1973249809531871,1,full_file,663
insurance_churn_unwinding,data_clean/cms/cms_updated_renewal_outcomes_state_month_2023_2024_optional.csv,termination_rate_due,7,0.1930784932269438,1,full_file,663
insurance_churn_unwinding,data_clean/cms/cms_updated_renewal_outcomes_state_month_2023_2024_optional.csv,termination_rate_due,8,0.2010694346150821,1,full_file,663
insurance_churn_unwinding,data_clean/cms/cms_updated_renewal_outcomes_state_month_2023_2024_optional.csv,termination_rate_due,9,0.1854300385109114,1,full_file,663
insurance_churn_unwinding,data_clean/cms/cms_updated_renewal_outcomes_state_month_2023_2024_optional.csv,termination_rate_due,10,0.1737969655531679,1,full_file,663
insurance_churn_unwinding,data_clean/cms/cms_updated_renewal_outcomes_state_month_2023_2024_optional.csv,ineligible_termination_rate_due,1,0.1827496559106897,1,full_file,663
insurance_churn_unwinding,data_clean/cms/cms_updated_renewal_outcomes_state_month_2023_2024_optional.csv,ineligible_termination_rate_due,2,0.1891102257636122,1,full_file,663
insurance_churn_unwinding,data_clean/cms/cms_updated_renewal_outcomes_state_month_2023_2024_optional.csv,ineligible_termination_rate_due,3,0.1304561403508772,1,full_file,663
insurance_churn_unwinding,data_clean/cms/cms_updated_renewal_outcomes_state_month_2023_2024_optional.csv,ineligible_termination_rate_due,4,0.1191297824456114,1,full_file,663
insurance_churn_unwinding,data_clean/cms/cms_updated_renewal_outcomes_state_month_2023_2024_optional.csv,ineligible_termination_rate_due,5,0.1452964917727414,1,full_file,663
insurance_churn_unwinding,data_clean/cms/cms_updated_renewal_outcomes_state_month_2023_2024_optional.csv,ineligible_termination_rate_due,6,0.1315499873021247,1,full_file,663
insurance_churn_unwinding,data_clean/cms/cms_updated_renewal_outcomes_state_month_2023_2024_optional.csv,ineligible_termination_rate_due,7,0.1230283911671924,1,full_file,663
insurance_churn_unwinding,data_clean/cms/cms_updated_renewal_outcomes_state_month_2023_2024_optional.csv,ineligible_termination_rate_due,8,0.1384760556735079,1,full_file,663
insurance_churn_unwinding,data_clean/cms/cms_updated_renewal_outcomes_state_month_2023_2024_optional.csv,ineligible_termination_rate_due,9,0.1254813863928112,1,full_file,663
insurance_churn_unwinding,data_clean/cms/cms_updated_renewal_outcomes_state_month_2023_2024_optional.csv,ineligible_termination_rate_due,10,0.1232011460571726,1,full_file,663
insurance_churn_unwinding,data_clean/cms/cms_updated_renewal_outcomes_state_month_2023_2024_optional.csv,procedural_burden_due,1,0.0,11,full_file,663
insurance_churn_unwinding,data_clean/cms/cms_updated_renewal_outcomes_state_month_2023_2024_optional.csv,procedural_burden_due,2,0.1880373831775701,1,full_file,663
insurance_churn_unwinding,data_clean/cms/cms_updated_renewal_outcomes_state_month_2023_2024_optional.csv,procedural_burden_due,3,0.2960697354335525,1,full_file,663
insurance_churn_unwinding,data_clean/cms/cms_updated_renewal_outcomes_state_month_2023_2024_optional.csv,procedural_burden_due,4,0.2887118193891102,1,full_file,663
insurance_churn_unwinding,data_clean/cms/cms_updated_renewal_outcomes_state_month_2023_2024_optional.csv,procedural_burden_due,5,0.4028070175438596,1,full_file,663
insurance_churn_unwinding,data_clean/cms/cms_updated_renewal_outcomes_state_month_2023_2024_optional.csv,procedural_burden_due,6,0.4086021505376344,1,full_file,663
insurance_churn_unwinding,data_clean/cms/cms_updated_renewal_outcomes_state_month_2023_2024_optional.csv,procedural_burden_due,7,0.0606954361999379,1,full_file,663
insurance_churn_unwinding,data_clean/cms/cms_updated_renewal_outcomes_state_month_2023_2024_optional.csv,procedural_burden_due,8,0.0657749936510623,1,full_file,663
insurance_churn_unwinding,data_clean/cms/cms_updated_renewal_outcomes_state_month_2023_2024_optional.csv,procedural_burden_due,9,0.0700501020597513,1,full_file,663
insurance_churn_unwinding,data_clean/cms/cms_updated_renewal_outcomes_state_month_2023_2024_optional.csv,procedural_burden_due,10,0.0625933789415742,1,full_file,663
insurance_churn_unwinding,data_clean/cms/cms_updated_renewal_outcomes_state_month_2023_2024_optional.csv,procedural_share_terminations,1,0.0,11,full_file,663
insurance_churn_unwinding,data_clean/cms/cms_updated_renewal_outcomes_state_month_2023_2024_optional.csv,procedural_share_terminations,2,0.7507462686567165,1,full_file,663
insurance_churn_unwinding,data_clean/cms/cms_updated_renewal_outcomes_state_month_2023_2024_optional.csv,procedural_share_terminations,3,0.6183328010220377,1,full_file,663
insurance_churn_unwinding,data_clean/cms/cms_updated_renewal_outcomes_state_month_2023_2024_optional.csv,procedural_share_terminations,4,0.6042245692051139,1,full_file,663
insurance_churn_unwinding,data_clean/cms/cms_updated_renewal_outcomes_state_month_2023_2024_optional.csv,procedural_share_terminations,5,0.7553625477036452,1,full_file,663
insurance_churn_unwinding,data_clean/cms/cms_updated_renewal_outcomes_state_month_2023_2024_optional.csv,procedural_share_terminations,6,0.7742608036391205,1,full_file,663
insurance_churn_unwinding,data_clean/cms/cms_updated_renewal_outcomes_state_month_2023_2024_optional.csv,procedural_share_terminations,7,0.2946495855312736,1,full_file,663
insurance_churn_unwinding,data_clean/cms/cms_updated_renewal_outcomes_state_month_2023_2024_optional.csv,procedural_share_terminations,8,0.3333333333333333,1,full_file,663
insurance_churn_unwinding,data_clean/cms/cms_updated_renewal_outcomes_state_month_2023_2024_optional.csv,procedural_share_terminations,9,0.3628063431042768,1,full_file,663
insurance_churn_unwinding,data_clean/cms/cms_updated_renewal_outcomes_state_month_2023_2024_optional.csv,procedural_share_terminations,10,0.3113023073914744,1,full_file,663
insurance_churn_unwinding,data_clean/cms/cms_updated_renewal_outcomes_state_month_2023_2024_optional.csv,ex_parte_rate_due,1,0.1824437987459856,1,full_file,663
insurance_churn_unwinding,data_clean/cms/cms_updated_renewal_outcomes_state_month_2023_2024_optional.csv,ex_parte_rate_due,2,0.247941567065073,1,full_file,663
insurance_churn_unwinding,data_clean/cms/cms_updated_renewal_outcomes_state_month_2023_2024_optional.csv,ex_parte_rate_due,3,0.2814736842105263,1,full_file,663
insurance_churn_unwinding,data_clean/cms/cms_updated_renewal_outcomes_state_month_2023_2024_optional.csv,ex_parte_rate_due,4,0.2817704426106526,1,full_file,663
insurance_churn_unwinding,data_clean/cms/cms_updated_renewal_outcomes_state_month_2023_2024_optional.csv,ex_parte_rate_due,5,0.2371158025457932,1,full_file,663
insurance_churn_unwinding,data_clean/cms/cms_updated_renewal_outcomes_state_month_2023_2024_optional.csv,ex_parte_rate_due,6,0.2735968847879454,1,full_file,663
insurance_churn_unwinding,data_clean/cms/cms_updated_renewal_outcomes_state_month_2023_2024_optional.csv,ex_parte_rate_due,7,0.2742623863425496,1,full_file,663
insurance_churn_unwinding,data_clean/cms/cms_updated_renewal_outcomes_state_month_2023_2024_optional.csv,ex_parte_rate_due,8,0.258551545175749,1,full_file,663
insurance_churn_unwinding,data_clean/cms/cms_updated_renewal_outcomes_state_month_2023_2024_optional.csv,ex_parte_rate_due,9,0.2808729139922978,1,full_file,663
insurance_churn_unwinding,data_clean/cms/cms_updated_renewal_outcomes_state_month_2023_2024_optional.csv,ex_parte_rate_due,10,0.2977143973432311,1,full_file,663
insurance_churn_unwinding,data_clean/cms/cms_updated_renewal_outcomes_state_month_2023_2024_optional.csv,ex_parte_rate_renewed,1,1.0,5,full_file,663
insurance_churn_unwinding,data_clean/cms/cms_updated_renewal_outcomes_state_month_2023_2024_optional.csv,ex_parte_rate_renewed,2,0.5341265906461742,1,full_file,663
insurance_churn_unwinding,data_clean/cms/cms_updated_renewal_outcomes_state_month_2023_2024_optional.csv,ex_parte_rate_renewed,3,0.5282344531808435,1,full_file,663
insurance_churn_unwinding,data_clean/cms/cms_updated_renewal_outcomes_state_month_2023_2024_optional.csv,ex_parte_rate_renewed,4,0.4720068906115418,1,full_file,663
insurance_churn_unwinding,data_clean/cms/cms_updated_renewal_outcomes_state_month_2023_2024_optional.csv,ex_parte_rate_renewed,5,0.5509947116595316,1,full_file,663
insurance_churn_unwinding,data_clean/cms/cms_updated_renewal_outcomes_state_month_2023_2024_optional.csv,ex_parte_rate_renewed,6,0.5752390538500252,1,full_file,663
insurance_churn_unwinding,data_clean/cms/cms_updated_renewal_outcomes_state_month_2023_2024_optional.csv,ex_parte_rate_renewed,7,0.6620934358367829,1,full_file,663
insurance_churn_unwinding,data_clean/cms/cms_updated_renewal_outcomes_state_month_2023_2024_optional.csv,ex_parte_rate_renewed,8,0.5139960154484846,1,full_file,663
insurance_churn_unwinding,data_clean/cms/cms_updated_renewal_outcomes_state_month_2023_2024_optional.csv,ex_parte_rate_renewed,9,0.5046008513615954,1,full_file,663
insurance_churn_unwinding,data_clean/cms/cms_updated_renewal_outcomes_state_month_2023_2024_optional.csv,ex_parte_rate_renewed,10,0.4893466178835027,1,full_file,663
insurance_churn_unwinding,data_clean/cms/cms_updated_renewal_outcomes_state_month_2023_2024_optional.csv,form_rate_due,1,0.0,5,full_file,663
insurance_churn_unwinding,data_clean/cms/cms_updated_renewal_outcomes_state_month_2023_2024_optional.csv,form_rate_due,2,0.2386354016761195,1,full_file,663
insurance_churn_unwinding,data_clean/cms/cms_updated_renewal_outcomes_state_month_2023_2024_optional.csv,form_rate_due,3,0.2449434032287994,1,full_file,663
insurance_churn_unwinding,data_clean/cms/cms_updated_renewal_outcomes_state_month_2023_2024_optional.csv,form_rate_due,4,0.2892191554611937,1,full_file,663
insurance_churn_unwinding,data_clean/cms/cms_updated_renewal_outcomes_state_month_2023_2024_optional.csv,form_rate_due,5,0.2288831835686778,1,full_file,663
insurance_churn_unwinding,data_clean/cms/cms_updated_renewal_outcomes_state_month_2023_2024_optional.csv,form_rate_due,6,0.2198346031125871,1,full_file,663
insurance_churn_unwinding,data_clean/cms/cms_updated_renewal_outcomes_state_month_2023_2024_optional.csv,form_rate_due,7,0.1767617397760316,1,full_file,663
insurance_churn_unwinding,data_clean/cms/cms_updated_renewal_outcomes_state_month_2023_2024_optional.csv,form_rate_due,8,0.342389812832757,1,full_file,663
insurance_churn_unwinding,data_clean/cms/cms_updated_renewal_outcomes_state_month_2023_2024_optional.csv,form_rate_due,9,0.3221642447592756,1,full_file,663
insurance_churn_unwinding,data_clean/cms/cms_updated_renewal_outcomes_state_month_2023_2024_optional.csv,form_rate_due,10,0.3419435237069879,1,full_file,663
insurance_churn_unwinding,data_clean/cms/cms_updated_renewal_outcomes_state_month_2023_2024_optional.csv,form_rate_renewed,1,0.0,5,full_file,663
insurance_churn_unwinding,data_clean/cms/cms_updated_renewal_outcomes_state_month_2023_2024_optional.csv,form_rate_renewed,2,0.4658734093538258,1,full_file,663
insurance_churn_unwinding,data_clean/cms/cms_updated_renewal_outcomes_state_month_2023_2024_optional.csv,form_rate_renewed,3,0.4717655468191565,1,full_file,663
insurance_churn_unwinding,data_clean/cms/cms_updated_renewal_outcomes_state_month_2023_2024_optional.csv,form_rate_renewed,4,0.5279931093884582,1,full_file,663
insurance_churn_unwinding,data_clean/cms/cms_updated_renewal_outcomes_state_month_2023_2024_optional.csv,form_rate_renewed,5,0.4490052883404684,1,full_file,663
insurance_churn_unwinding,data_clean/cms/cms_updated_renewal_outcomes_state_month_2023_2024_optional.csv,form_rate_renewed,6,0.4247609461499748,1,full_file,663
insurance_churn_unwinding,data_clean/cms/cms_updated_renewal_outcomes_state_month_2023_2024_optional.csv,form_rate_renewed,7,0.337906564163217,1,full_file,663
insurance_churn_unwinding,data_clean/cms/cms_updated_renewal_outcomes_state_month_2023_2024_optional.csv,form_rate_renewed,8,0.4860039845515153,1,full_file,663
insurance_churn_unwinding,data_clean/cms/cms_updated_renewal_outcomes_state_month_2023_2024_optional.csv,form_rate_renewed,9,0.4953991486384045,1,full_file,663
insurance_churn_unwinding,data_clean/cms/cms_updated_renewal_outcomes_state_month_2023_2024_optional.csv,form_rate_renewed,10,0.5106533821164972,1,full_file,663
insurance_churn_unwinding,data_clean/cms/cms_updated_renewal_outcomes_state_month_2023_2024_optional.csv,pending_rate_due,1,0.0,92,full_file,663
insurance_churn_unwinding,data_clean/cms/cms_updated_renewal_outcomes_state_month_2023_2024_optional.csv,pending_rate_due,2,0.0023247704289201,1,full_file,663
insurance_churn_unwinding,data_clean/cms/cms_updated_renewal_outcomes_state_month_2023_2024_optional.csv,pending_rate_due,3,0.0016972330252451,1,full_file,663
insurance_churn_unwinding,data_clean/cms/cms_updated_renewal_outcomes_state_month_2023_2024_optional.csv,pending_rate_due,4,0.0017023346303501,1,full_file,663
insurance_churn_unwinding,data_clean/cms/cms_updated_renewal_outcomes_state_month_2023_2024_optional.csv,pending_rate_due,5,0.0014320809416805,1,full_file,663
insurance_churn_unwinding,data_clean/cms/cms_updated_renewal_outcomes_state_month_2023_2024_optional.csv,pending_rate_due,6,0.0007279449997111,1,full_file,663
insurance_churn_unwinding,data_clean/cms/cms_updated_renewal_outcomes_state_month_2023_2024_optional.csv,pending_rate_due,7,0.0153398474139395,1,full_file,663
insurance_churn_unwinding,data_clean/cms/cms_updated_renewal_outcomes_state_month_2023_2024_optional.csv,pending_rate_due,8,0.0166220055205206,1,full_file,663
insurance_churn_unwinding,data_clean/cms/cms_updated_renewal_outcomes_state_month_2023_2024_optional.csv,pending_rate_due,9,0.0276429971073994,1,full_file,663
insurance_churn_unwinding,data_clean/cms/cms_updated_renewal_outcomes_state_month_2023_2024_optional.csv,pending_rate_due,10,0.0049829839742834,1,full_file,663
insurance_churn_unwinding,data_clean/cms/cms_updated_renewal_outcomes_state_month_2023_2024_optional.csv,completion_rate_due,1,1.0,92,full_file,663
insurance_churn_unwinding,data_clean/cms/cms_updated_renewal_outcomes_state_month_2023_2024_optional.csv,completion_rate_due,2,0.99767522957108,1,full_file,663
insurance_churn_unwinding,data_clean/cms/cms_updated_renewal_outcomes_state_month_2023_2024_optional.csv,completion_rate_due,3,0.9983027669747548,1,full_file,663
insurance_churn_unwinding,data_clean/cms/cms_updated_renewal_outcomes_state_month_2023_2024_optional.csv,completion_rate_due,4,0.9982976653696498,1,full_file,663
insurance_churn_unwinding,data_clean/cms/cms_updated_renewal_outcomes_state_month_2023_2024_optional.csv,completion_rate_due,5,0.9985679190583194,1,full_file,663
insurance_churn_unwinding,data_clean/cms/cms_updated_renewal_outcomes_state_month_2023_2024_optional.csv,completion_rate_due,6,0.9992720550002888,1,full_file,663
insurance_churn_unwinding,data_clean/cms/cms_updated_renewal_outcomes_state_month_2023_2024_optional.csv,completion_rate_due,7,0.9846601525860604,1,full_file,663
insurance_churn_unwinding,data_clean/cms/cms_updated_renewal_outcomes_state_month_2023_2024_optional.csv,completion_rate_due,8,0.9833779944794794,1,full_file,663
insurance_churn_unwinding,data_clean/cms/cms_updated_renewal_outcomes_state_month_2023_2024_optional.csv,completion_rate_due,9,0.9723570028926004,1,full_file,663
insurance_churn_unwinding,data_clean/cms/cms_updated_renewal_outcomes_state_month_2023_2024_optional.csv,completion_rate_due,10,0.9950170160257166,1,full_file,663
insurance_churn_unwinding,data_clean/cms/cms_updated_renewal_outcomes_state_month_2023_2024_optional.csv,burden_index_simple,1,1.918058373315351,1,full_file,663
insurance_churn_unwinding,data_clean/cms/cms_updated_renewal_outcomes_state_month_2023_2024_optional.csv,burden_index_simple,2,0.9512724753239956,1,full_file,663
insurance_churn_unwinding,data_clean/cms/cms_updated_renewal_outcomes_state_month_2023_2024_optional.csv,burden_index_simple,3,0.7915127313270736,1,full_file,663
insurance_churn_unwinding,data_clean/cms/cms_updated_renewal_outcomes_state_month_2023_2024_optional.csv,burden_index_simple,4,0.8925161904237389,1,full_file,663
insurance_churn_unwinding,data_clean/cms/cms_updated_renewal_outcomes_state_month_2023_2024_optional.csv,burden_index_simple,5,2.353914980284252,1,full_file,663
insurance_churn_unwinding,data_clean/cms/cms_updated_renewal_outcomes_state_month_2023_2024_optional.csv,burden_index_simple,6,1.7416809376445,1,full_file,663
insurance_churn_unwinding,data_clean/cms/cms_updated_renewal_outcomes_state_month_2023_2024_optional.csv,burden_index_simple,7,1.7825455089806583,1,full_file,663
insurance_churn_unwinding,data_clean/cms/cms_updated_renewal_outcomes_state_month_2023_2024_optional.csv,burden_index_simple,8,1.690612281894926,1,full_file,663
insurance_churn_unwinding,data_clean/cms/cms_updated_renewal_outcomes_state_month_2023_2024_optional.csv,burden_index_simple,9,1.7614520955773578,1,full_file,663
insurance_churn_unwinding,data_clean/cms/cms_updated_renewal_outcomes_state_month_2023_2024_optional.csv,burden_index_simple,10,1.5929214263210705,1,full_file,663
insurance_churn_unwinding,data_clean/cms/cms_updated_renewal_outcomes_state_month_2023_2024_optional.csv,metric5_identity_gap,1,0.0,568,full_file,663
insurance_churn_unwinding,data_clean/cms/cms_updated_renewal_outcomes_state_month_2023_2024_optional.csv,metric5_identity_gap_rate,1,0.0,565,full_file,663
insurance_churn_unwinding,data_clean/cms/cms_updated_renewal_outcomes_state_month_2023_2024_optional.csv,metric5a_identity_gap,1,0.0,568,full_file,663
insurance_churn_unwinding,data_clean/cms/cms_updated_renewal_outcomes_state_month_2023_2024_optional.csv,metric5a_identity_gap_rate,1,0.0,565,full_file,663
insurance_churn_unwinding,data_clean/cms/cms_updated_renewal_outcomes_state_month_2023_2024_optional.csv,cms_release_yyyymm,1,202404,306,full_file,663
insurance_churn_unwinding,data_clean/cms/cms_updated_renewal_outcomes_state_month_2023_2024_optional.csv,cms_release_yyyymm,2,202405,102,full_file,663
insurance_churn_unwinding,data_clean/cms/cms_updated_renewal_outcomes_state_month_2023_2024_optional.csv,cms_release_yyyymm,3,202406,51,full_file,663
insurance_churn_unwinding,data_clean/cms/cms_updated_renewal_outcomes_state_month_2023_2024_optional.csv,cms_release_yyyymm,4,202407,51,full_file,663
insurance_churn_unwinding,data_clean/cms/cms_updated_renewal_outcomes_state_month_2023_2024_optional.csv,cms_release_yyyymm,5,202408,51,full_file,663
insurance_churn_unwinding,data_clean/cms/cms_updated_renewal_outcomes_state_month_2023_2024_optional.csv,cms_release_yyyymm,6,202409,51,full_file,663
insurance_churn_unwinding,data_clean/cms/cms_updated_renewal_outcomes_state_month_2023_2024_optional.csv,cms_release_yyyymm,7,202410,51,full_file,663
insurance_churn_unwinding,data_clean/cms/cms_updated_renewal_outcomes_state_month_2023_2024_optional.csv,cms_data_type,1,Updated,663,full_file,663
insurance_churn_unwinding,data_clean/cms/cms_updated_renewal_outcomes_state_month_2023_2024_optional.csv,renewals_due_raw,1,0,3,full_file,663
insurance_churn_unwinding,data_clean/cms/cms_updated_renewal_outcomes_state_month_2023_2024_optional.csv,renewals_due_raw,2,31863,2,full_file,663
insurance_churn_unwinding,data_clean/cms/cms_updated_renewal_outcomes_state_month_2023_2024_optional.csv,renewals_due_raw,3,127533,1,full_file,663
insurance_churn_unwinding,data_clean/cms/cms_updated_renewal_outcomes_state_month_2023_2024_optional.csv,renewals_due_raw,4,131852,1,full_file,663
insurance_churn_unwinding,data_clean/cms/cms_updated_renewal_outcomes_state_month_2023_2024_optional.csv,renewals_due_raw,5,117961,1,full_file,663
insurance_churn_unwinding,data_clean/cms/cms_updated_renewal_outcomes_state_month_2023_2024_optional.csv,renewals_due_raw,6,107242,1,full_file,663
insurance_churn_unwinding,data_clean/cms/cms_updated_renewal_outcomes_state_month_2023_2024_optional.csv,renewals_due_raw,7,104021,1,full_file,663
insurance_churn_unwinding,data_clean/cms/cms_updated_renewal_outcomes_state_month_2023_2024_optional.csv,renewals_due_raw,8,94633,1,full_file,663
insurance_churn_unwinding,data_clean/cms/cms_updated_renewal_outcomes_state_month_2023_2024_optional.csv,renewals_due_raw,9,103109,1,full_file,663
insurance_churn_unwinding,data_clean/cms/cms_updated_renewal_outcomes_state_month_2023_2024_optional.csv,renewals_due_raw,10,86352,1,full_file,663
insurance_churn_unwinding,data_clean/cms/cms_updated_renewal_outcomes_state_month_2023_2024_optional.csv,renewed_total_raw,1,0,3,full_file,663
insurance_churn_unwinding,data_clean/cms/cms_updated_renewal_outcomes_state_month_2023_2024_optional.csv,renewed_total_raw,2,85745,1,full_file,663
insurance_churn_unwinding,data_clean/cms/cms_updated_renewal_outcomes_state_month_2023_2024_optional.csv,renewed_total_raw,3,78989,1,full_file,663
insurance_churn_unwinding,data_clean/cms/cms_updated_renewal_outcomes_state_month_2023_2024_optional.csv,renewed_total_raw,4,71311,1,full_file,663
insurance_churn_unwinding,data_clean/cms/cms_updated_renewal_outcomes_state_month_2023_2024_optional.csv,renewed_total_raw,5,69994,1,full_file,663
insurance_churn_unwinding,data_clean/cms/cms_updated_renewal_outcomes_state_month_2023_2024_optional.csv,renewed_total_raw,6,63556,1,full_file,663
insurance_churn_unwinding,data_clean/cms/cms_updated_renewal_outcomes_state_month_2023_2024_optional.csv,renewed_total_raw,7,68551,1,full_file,663
insurance_churn_unwinding,data_clean/cms/cms_updated_renewal_outcomes_state_month_2023_2024_optional.csv,renewed_total_raw,8,58602,1,full_file,663
insurance_churn_unwinding,data_clean/cms/cms_updated_renewal_outcomes_state_month_2023_2024_optional.csv,renewed_total_raw,9,58647,1,full_file,663
insurance_churn_unwinding,data_clean/cms/cms_updated_renewal_outcomes_state_month_2023_2024_optional.csv,renewed_total_raw,10,51903,1,full_file,663
insurance_churn_unwinding,data_clean/cms/cms_updated_renewal_outcomes_state_month_2023_2024_optional.csv,ex_parte_renewed_raw,1,0,4,full_file,663
insurance_churn_unwinding,data_clean/cms/cms_updated_renewal_outcomes_state_month_2023_2024_optional.csv,ex_parte_renewed_raw,2,4880,2,full_file,663
insurance_churn_unwinding,data_clean/cms/cms_updated_renewal_outcomes_state_month_2023_2024_optional.csv,ex_parte_renewed_raw,3,43267,2,full_file,663
insurance_churn_unwinding,data_clean/cms/cms_updated_renewal_outcomes_state_month_2023_2024_optional.csv,ex_parte_renewed_raw,4,2,2,full_file,663
insurance_churn_unwinding,data_clean/cms/cms_updated_renewal_outcomes_state_month_2023_2024_optional.csv,ex_parte_renewed_raw,5,12031,2,full_file,663
insurance_churn_unwinding,data_clean/cms/cms_updated_renewal_outcomes_state_month_2023_2024_optional.csv,ex_parte_renewed_raw,6,2956,1,full_file,663
insurance_churn_unwinding,data_clean/cms/cms_updated_renewal_outcomes_state_month_2023_2024_optional.csv,ex_parte_renewed_raw,7,3288,1,full_file,663
insurance_churn_unwinding,data_clean/cms/cms_updated_renewal_outcomes_state_month_2023_2024_optional.csv,ex_parte_renewed_raw,8,4376,1,full_file,663
insurance_churn_unwinding,data_clean/cms/cms_updated_renewal_outcomes_state_month_2023_2024_optional.csv,ex_parte_renewed_raw,9,4572,1,full_file,663
insurance_churn_unwinding,data_clean/cms/cms_updated_renewal_outcomes_state_month_2023_2024_optional.csv,ex_parte_renewed_raw,10,5598,1,full_file,663
insurance_churn_unwinding,data_clean/cms/cms_updated_renewal_outcomes_state_month_2023_2024_optional.csv,form_renewed_raw,1,0,8,full_file,663
insurance_churn_unwinding,data_clean/cms/cms_updated_renewal_outcomes_state_month_2023_2024_optional.csv,form_renewed_raw,2,32766,3,full_file,663
insurance_churn_unwinding,data_clean/cms/cms_updated_renewal_outcomes_state_month_2023_2024_optional.csv,form_renewed_raw,3,13549,2,full_file,663
insurance_churn_unwinding,data_clean/cms/cms_updated_renewal_outcomes_state_month_2023_2024_optional.csv,form_renewed_raw,4,825,2,full_file,663
insurance_churn_unwinding,data_clean/cms/cms_updated_renewal_outcomes_state_month_2023_2024_optional.csv,form_renewed_raw,5,2277,1,full_file,663
insurance_churn_unwinding,data_clean/cms/cms_updated_renewal_outcomes_state_month_2023_2024_optional.csv,form_renewed_raw,6,2638,1,full_file,663
insurance_churn_unwinding,data_clean/cms/cms_updated_renewal_outcomes_state_month_2023_2024_optional.csv,form_renewed_raw,7,2819,1,full_file,663
insurance_churn_unwinding,data_clean/cms/cms_updated_renewal_outcomes_state_month_2023_2024_optional.csv,form_renewed_raw,8,2640,1,full_file,663
insurance_churn_unwinding,data_clean/cms/cms_updated_renewal_outcomes_state_month_2023_2024_optional.csv,form_renewed_raw,9,3678,1,full_file,663
insurance_churn_unwinding,data_clean/cms/cms_updated_renewal_outcomes_state_month_2023_2024_optional.csv,form_renewed_raw,10,3566,1,full_file,663
insurance_churn_unwinding,data_clean/cms/cms_updated_renewal_outcomes_state_month_2023_2024_optional.csv,ineligible_terminations_raw,1,0,3,full_file,663
insurance_churn_unwinding,data_clean/cms/cms_updated_renewal_outcomes_state_month_2023_2024_optional.csv,ineligible_terminations_raw,2,3068,2,full_file,663
insurance_churn_unwinding,data_clean/cms/cms_updated_renewal_outcomes_state_month_2023_2024_optional.csv,ineligible_terminations_raw,3,638,2,full_file,663
insurance_churn_unwinding,data_clean/cms/cms_updated_renewal_outcomes_state_month_2023_2024_optional.csv,ineligible_terminations_raw,4,1895,2,full_file,663
insurance_churn_unwinding,data_clean/cms/cms_updated_renewal_outcomes_state_month_2023_2024_optional.csv,ineligible_terminations_raw,5,2285,2,full_file,663
insurance_churn_unwinding,data_clean/cms/cms_updated_renewal_outcomes_state_month_2023_2024_optional.csv,ineligible_terminations_raw,6,1424,2,full_file,663
insurance_churn_unwinding,data_clean/cms/cms_updated_renewal_outcomes_state_month_2023_2024_optional.csv,ineligible_terminations_raw,7,8181,2,full_file,663
insurance_churn_unwinding,data_clean/cms/cms_updated_renewal_outcomes_state_month_2023_2024_optional.csv,ineligible_terminations_raw,8,1480,2,full_file,663
insurance_churn_unwinding,data_clean/cms/cms_updated_renewal_outcomes_state_month_2023_2024_optional.csv,ineligible_terminations_raw,9,894,2,full_file,663
insurance_churn_unwinding,data_clean/cms/cms_updated_renewal_outcomes_state_month_2023_2024_optional.csv,ineligible_terminations_raw,10,1326,1,full_file,663
insurance_churn_unwinding,data_clean/cms/cms_updated_renewal_outcomes_state_month_2023_2024_optional.csv,procedural_terminations_raw,1,0,14,full_file,663
insurance_churn_unwinding,data_clean/cms/cms_updated_renewal_outcomes_state_month_2023_2024_optional.csv,procedural_terminations_raw,2,58834,2,full_file,663
insurance_churn_unwinding,data_clean/cms/cms_updated_renewal_outcomes_state_month_2023_2024_optional.csv,procedural_terminations_raw,3,777,2,full_file,663
insurance_churn_unwinding,data_clean/cms/cms_updated_renewal_outcomes_state_month_2023_2024_optional.csv,procedural_terminations_raw,4,2648,2,full_file,663
insurance_churn_unwinding,data_clean/cms/cms_updated_renewal_outcomes_state_month_2023_2024_optional.csv,procedural_terminations_raw,5,29881,1,full_file,663
insurance_churn_unwinding,data_clean/cms/cms_updated_renewal_outcomes_state_month_2023_2024_optional.csv,procedural_terminations_raw,6,1006,1,full_file,663
insurance_churn_unwinding,data_clean/cms/cms_updated_renewal_outcomes_state_month_2023_2024_optional.csv,procedural_terminations_raw,7,1936,1,full_file,663
insurance_churn_unwinding,data_clean/cms/cms_updated_renewal_outcomes_state_month_2023_2024_optional.csv,procedural_terminations_raw,8,2174,1,full_file,663
insurance_churn_unwinding,data_clean/cms/cms_updated_renewal_outcomes_state_month_2023_2024_optional.csv,procedural_terminations_raw,9,5740,1,full_file,663
insurance_churn_unwinding,data_clean/cms/cms_updated_renewal_outcomes_state_month_2023_2024_optional.csv,procedural_terminations_raw,10,8170,1,full_file,663
insurance_churn_unwinding,data_clean/cms/cms_updated_renewal_outcomes_state_month_2023_2024_optional.csv,pending_renewals_raw,1,0,95,full_file,663
insurance_churn_unwinding,data_clean/cms/cms_updated_renewal_outcomes_state_month_2023_2024_optional.csv,pending_renewals_raw,2,1,4,full_file,663
insurance_churn_unwinding,data_clean/cms/cms_updated_renewal_outcomes_state_month_2023_2024_optional.csv,pending_renewals_raw,3,147,3,full_file,663
insurance_churn_unwinding,data_clean/cms/cms_updated_renewal_outcomes_state_month_2023_2024_optional.csv,pending_renewals_raw,4,13,3,full_file,663
insurance_churn_unwinding,data_clean/cms/cms_updated_renewal_outcomes_state_month_2023_2024_optional.csv,pending_renewals_raw,5,35,3,full_file,663
insurance_churn_unwinding,data_clean/cms/cms_updated_renewal_outcomes_state_month_2023_2024_optional.csv,pending_renewals_raw,6,39,3,full_file,663
insurance_churn_unwinding,data_clean/cms/cms_updated_renewal_outcomes_state_month_2023_2024_optional.csv,pending_renewals_raw,7,29,2,full_file,663
insurance_churn_unwinding,data_clean/cms/cms_updated_renewal_outcomes_state_month_2023_2024_optional.csv,pending_renewals_raw,8,3,2,full_file,663
insurance_churn_unwinding,data_clean/cms/cms_updated_renewal_outcomes_state_month_2023_2024_optional.csv,pending_renewals_raw,9,5689,2,full_file,663
insurance_churn_unwinding,data_clean/cms/cms_updated_renewal_outcomes_state_month_2023_2024_optional.csv,pending_renewals_raw,10,603,2,full_file,663
insurance_churn_unwinding,data_clean/policy_matrix/policy_events_official.csv,event_id,1,evt_e14_AL,1,full_file,66
insurance_churn_unwinding,data_clean/policy_matrix/policy_events_official.csv,event_id,2,evt_e14_AK,1,full_file,66
insurance_churn_unwinding,data_clean/policy_matrix/policy_events_official.csv,event_id,3,evt_e14_AZ,1,full_file,66
insurance_churn_unwinding,data_clean/policy_matrix/policy_events_official.csv,event_id,4,evt_e14_AR,1,full_file,66
insurance_churn_unwinding,data_clean/policy_matrix/policy_events_official.csv,event_id,5,evt_e14_CA,1,full_file,66
insurance_churn_unwinding,data_clean/policy_matrix/policy_events_official.csv,event_id,6,evt_e14_CO,1,full_file,66
insurance_churn_unwinding,data_clean/policy_matrix/policy_events_official.csv,event_id,7,evt_e14_CT,1,full_file,66
insurance_churn_unwinding,data_clean/policy_matrix/policy_events_official.csv,event_id,8,evt_e14_DE,1,full_file,66
insurance_churn_unwinding,data_clean/policy_matrix/policy_events_official.csv,event_id,9,evt_e14_DC,1,full_file,66
insurance_churn_unwinding,data_clean/policy_matrix/policy_events_official.csv,event_id,10,evt_e14_FL,1,full_file,66
insurance_churn_unwinding,data_clean/policy_matrix/policy_events_official.csv,state_name,1,Kansas,2,full_file,66
insurance_churn_unwinding,data_clean/policy_matrix/policy_events_official.csv,state_name,2,District of Columbia,2,full_file,66
insurance_churn_unwinding,data_clean/policy_matrix/policy_events_official.csv,state_name,3,Colorado,2,full_file,66
insurance_churn_unwinding,data_clean/policy_matrix/policy_events_official.csv,state_name,4,Nevada,2,full_file,66
insurance_churn_unwinding,data_clean/policy_matrix/policy_events_official.csv,state_name,5,New Jersey,2,full_file,66
insurance_churn_unwinding,data_clean/policy_matrix/policy_events_official.csv,state_name,6,New York,2,full_file,66
insurance_churn_unwinding,data_clean/policy_matrix/policy_events_official.csv,state_name,7,New Mexico,2,full_file,66
insurance_churn_unwinding,data_clean/policy_matrix/policy_events_official.csv,state_name,8,Pennsylvania,2,full_file,66
insurance_churn_unwinding,data_clean/policy_matrix/policy_events_official.csv,state_name,9,Wyoming,2,full_file,66
insurance_churn_unwinding,data_clean/policy_matrix/policy_events_official.csv,state_name,10,Virginia,2,full_file,66
insurance_churn_unwinding,data_clean/policy_matrix/policy_events_official.csv,state_abbr,1,KS,2,full_file,66
insurance_churn_unwinding,data_clean/policy_matrix/policy_events_official.csv,state_abbr,2,DC,2,full_file,66
insurance_churn_unwinding,data_clean/policy_matrix/policy_events_official.csv,state_abbr,3,CO,2,full_file,66
insurance_churn_unwinding,data_clean/policy_matrix/policy_events_official.csv,state_abbr,4,NV,2,full_file,66
insurance_churn_unwinding,data_clean/policy_matrix/policy_events_official.csv,state_abbr,5,NJ,2,full_file,66
insurance_churn_unwinding,data_clean/policy_matrix/policy_events_official.csv,state_abbr,6,NY,2,full_file,66
insurance_churn_unwinding,data_clean/policy_matrix/policy_events_official.csv,state_abbr,7,NM,2,full_file,66
insurance_churn_unwinding,data_clean/policy_matrix/policy_events_official.csv,state_abbr,8,PA,2,full_file,66
insurance_churn_unwinding,data_clean/policy_matrix/policy_events_official.csv,state_abbr,9,WY,2,full_file,66
insurance_churn_unwinding,data_clean/policy_matrix/policy_events_official.csv,state_abbr,10,VA,2,full_file,66
insurance_churn_unwinding,data_clean/policy_matrix/policy_events_official.csv,state_fips,1,20,2,full_file,66
insurance_churn_unwinding,data_clean/policy_matrix/policy_events_official.csv,state_fips,2,11,2,full_file,66
insurance_churn_unwinding,data_clean/policy_matrix/policy_events_official.csv,state_fips,3,8,2,full_file,66
insurance_churn_unwinding,data_clean/policy_matrix/policy_events_official.csv,state_fips,4,32,2,full_file,66
insurance_churn_unwinding,data_clean/policy_matrix/policy_events_official.csv,state_fips,5,34,2,full_file,66
insurance_churn_unwinding,data_clean/policy_matrix/policy_events_official.csv,state_fips,6,36,2,full_file,66
insurance_churn_unwinding,data_clean/policy_matrix/policy_events_official.csv,state_fips,7,35,2,full_file,66
insurance_churn_unwinding,data_clean/policy_matrix/policy_events_official.csv,state_fips,8,42,2,full_file,66
insurance_churn_unwinding,data_clean/policy_matrix/policy_events_official.csv,state_fips,9,56,2,full_file,66
insurance_churn_unwinding,data_clean/policy_matrix/policy_events_official.csv,state_fips,10,51,2,full_file,66
insurance_churn_unwinding,data_clean/policy_matrix/policy_events_official.csv,federal_or_state_source,1,federal,66,full_file,66
insurance_churn_unwinding,data_clean/policy_matrix/policy_events_official.csv,source_id,1,fed_cms_e14_archived_table_text,51,full_file,66
insurance_churn_unwinding,data_clean/policy_matrix/policy_events_official.csv,source_id,2,fed_cms_delay_archived_table_text,15,full_file,66
insurance_churn_unwinding,data_clean/policy_matrix/policy_events_official.csv,source_url,1,https://www.medicaid.gov/resources-for-states/coronavirus-disease-2019-covid-19/unwinding-and-returning-regular-operations-after-covid-19/covid-19-phe-unwinding-section-1902e14a-waiver-approvals,51,full_file,66
insurance_churn_unwinding,data_clean/policy_matrix/policy_events_official.csv,source_url,2,https://www.medicaid.gov/resources-for-states/coronavirus-disease-2019-covid-19/unwinding-and-returning-regular-operations-after-covid-19/state-option-to-delay-procedural-disenrollments,15,full_file,66
insurance_churn_unwinding,data_clean/policy_matrix/policy_events_official.csv,local_file_path,1,data_raw/policy_text/federal/federal__medicaid.gov__e14_waiver_approvals_archived_table.txt,51,full_file,66
insurance_churn_unwinding,data_clean/policy_matrix/policy_events_official.csv,local_file_path,2,data_raw/policy_text/federal/federal__medicaid.gov__delay_procedural_disenrollments_archived_table.txt,15,full_file,66
insurance_churn_unwinding,data_clean/policy_matrix/policy_events_official.csv,document_title,1,CMS E14 waiver approvals archived table text,51,full_file,66
insurance_churn_unwinding,data_clean/policy_matrix/policy_events_official.csv,document_title,2,CMS State Option to Delay Procedural Disenrollments archived table text,15,full_file,66
insurance_churn_unwinding,data_clean/policy_matrix/policy_events_official.csv,page_number_or_section,1,state table,66,full_file,66
insurance_churn_unwinding,data_clean/policy_matrix/policy_events_official.csv,policy_authority,1,Section 1902(e)(14)(A),51,full_file,66
insurance_churn_unwinding,data_clean/policy_matrix/policy_events_official.csv,policy_authority,2,CMS mitigation strategy,15,full_file,66
insurance_churn_unwinding,data_clean/policy_matrix/policy_events_official.csv,policy_category,1,ex_parte_increase,51,full_file,66
insurance_churn_unwinding,data_clean/policy_matrix/policy_events_official.csv,policy_category,2,delay_procedural_disenrollment,15,full_file,66
insurance_churn_unwinding,data_clean/policy_matrix/policy_events_official.csv,policy_subcategory,1,e14_strategy_counts,51,full_file,66
insurance_churn_unwinding,data_clean/policy_matrix/policy_events_official.csv,policy_subcategory,2,state_option_delay,15,full_file,66
insurance_churn_unwinding,data_clean/policy_matrix/policy_events_official.csv,policy_description_short,1,CMS table reports 13 approved E14 strategies.,11,full_file,66
insurance_churn_unwinding,data_clean/policy_matrix/policy_events_official.csv,policy_description_short,2,CMS table reports 11 approved E14 strategies.,11,full_file,66
insurance_churn_unwinding,data_clean/policy_matrix/policy_events_official.csv,policy_description_short,3,State approved to delay procedural disenrollments for Through the end of unwinding.,9,full_file,66
insurance_churn_unwinding,data_clean/policy_matrix/policy_events_official.csv,policy_description_short,4,CMS table reports 12 approved E14 strategies.,9,full_file,66
insurance_churn_unwinding,data_clean/policy_matrix/policy_events_official.csv,policy_description_short,5,CMS table reports 10 approved E14 strategies.,7,full_file,66
insurance_churn_unwinding,data_clean/policy_matrix/policy_events_official.csv,policy_description_short,6,CMS table reports 14 approved E14 strategies.,6,full_file,66
insurance_churn_unwinding,data_clean/policy_matrix/policy_events_official.csv,policy_description_short,7,CMS table reports 15 approved E14 strategies.,3,full_file,66
insurance_churn_unwinding,data_clean/policy_matrix/policy_events_official.csv,policy_description_short,8,State approved to delay procedural disenrollments for 1 month.,3,full_file,66
insurance_churn_unwinding,data_clean/policy_matrix/policy_events_official.csv,policy_description_short,9,CMS table reports 9 approved E14 strategies.,3,full_file,66
insurance_churn_unwinding,data_clean/policy_matrix/policy_events_official.csv,policy_description_short,10,CMS table reports 17 approved E14 strategies.,1,full_file,66
insurance_churn_unwinding,data_clean/policy_matrix/policy_events_official.csv,affected_population,1,Medicaid/CHIP beneficiaries subject to unwinding renewals,51,full_file,66
insurance_churn_unwinding,data_clean/policy_matrix/policy_events_official.csv,affected_population,2,All beneficiaries,8,full_file,66
insurance_churn_unwinding,data_clean/policy_matrix/policy_events_official.csv,affected_population,3,Non-MAGI beneficiaries,5,full_file,66
insurance_churn_unwinding,data_clean/policy_matrix/policy_events_official.csv,affected_population,4,MAGI beneficiaries,2,full_file,66
insurance_churn_unwinding,data_clean/policy_matrix/policy_events_official.csv,posted_date,1,2024-12-11,51,full_file,66
insurance_churn_unwinding,data_clean/policy_matrix/policy_events_official.csv,posted_date,2,2024-02-01,15,full_file,66
insurance_churn_unwinding,data_clean/policy_matrix/policy_events_official.csv,renewal_due_month_start,1,2023-09,6,full_file,66
insurance_churn_unwinding,data_clean/policy_matrix/policy_events_official.csv,renewal_due_month_start,2,2023-06,5,full_file,66
insurance_churn_unwinding,data_clean/policy_matrix/policy_events_official.csv,renewal_due_month_start,3,2023-04,2,full_file,66
insurance_churn_unwinding,data_clean/policy_matrix/policy_events_official.csv,renewal_due_month_start,4,2023-10,2,full_file,66
insurance_churn_unwinding,data_clean/policy_matrix/policy_events_official.csv,renewal_due_month_end,1,end_of_unwinding_unspecified,9,full_file,66
insurance_churn_unwinding,data_clean/policy_matrix/policy_events_official.csv,renewal_due_month_end,2,2024-02,1,full_file,66
insurance_churn_unwinding,data_clean/policy_matrix/policy_events_official.csv,renewal_due_month_end,3,2023-06,1,full_file,66
insurance_churn_unwinding,data_clean/policy_matrix/policy_events_official.csv,renewal_due_month_end,4,2023-07,1,full_file,66
insurance_churn_unwinding,data_clean/policy_matrix/policy_events_official.csv,renewal_due_month_end,5,2023-08,1,full_file,66
insurance_churn_unwinding,data_clean/policy_matrix/policy_events_official.csv,renewal_due_month_end,6,2023-04,1,full_file,66
insurance_churn_unwinding,data_clean/policy_matrix/policy_events_official.csv,renewal_due_month_end,7,2023-10,1,full_file,66
insurance_churn_unwinding,data_clean/policy_matrix/policy_events_official.csv,extracted_date_text,1,"Approved E14 strategies as of December 11, 2024; state implementation months not provided.",51,full_file,66
insurance_churn_unwinding,data_clean/policy_matrix/policy_events_official.csv,extracted_date_text,2,starting with renewals due in September 2023 through the end of unwinding,6,full_file,66
insurance_churn_unwinding,data_clean/policy_matrix/policy_events_official.csv,extracted_date_text,3,starting with renewals due in June 2023 and ending with renewals due in February 2024,1,full_file,66
insurance_churn_unwinding,data_clean/policy_matrix/policy_events_official.csv,extracted_date_text,4,starting with renewals due in June 2023,1,full_file,66
insurance_churn_unwinding,data_clean/policy_matrix/policy_events_official.csv,extracted_date_text,5,starting with renewals due in April 2023 through the end of unwinding,1,full_file,66
insurance_churn_unwinding,data_clean/policy_matrix/policy_events_official.csv,extracted_date_text,6,starting with renewals due in June 2023 and ending with renewals due in July 2023,1,full_file,66
insurance_churn_unwinding,data_clean/policy_matrix/policy_events_official.csv,extracted_date_text,7,starting with renewals due in June 2023 through the end of unwinding,1,full_file,66
insurance_churn_unwinding,data_clean/policy_matrix/policy_events_official.csv,extracted_date_text,8,starting with renewals due in June 2023 and ending with renewals due in August 2023,1,full_file,66
insurance_churn_unwinding,data_clean/policy_matrix/policy_events_official.csv,extracted_date_text,9,starting with renewals due in October 2023 through the end of unwinding,1,full_file,66
insurance_churn_unwinding,data_clean/policy_matrix/policy_events_official.csv,extracted_date_text,10,starting with renewals due in April 2023,1,full_file,66
insurance_churn_unwinding,data_clean/policy_matrix/policy_events_official.csv,quoted_evidence_text,1,Alabama: total=15; ex parte=2; form support=8; contact update=0; reinstatement=2; other=3,1,full_file,66
insurance_churn_unwinding,data_clean/policy_matrix/policy_events_official.csv,quoted_evidence_text,2,Alaska: total=10; ex parte=1; form support=5; contact update=1; reinstatement=1; other=2,1,full_file,66
insurance_churn_unwinding,data_clean/policy_matrix/policy_events_official.csv,quoted_evidence_text,3,Arizona: total=12; ex parte=2; form support=5; contact update=0; reinstatement=1; other=4,1,full_file,66
insurance_churn_unwinding,data_clean/policy_matrix/policy_events_official.csv,quoted_evidence_text,4,Arkansas: total=14; ex parte=2; form support=6; contact update=1; reinstatement=2; other=3,1,full_file,66
insurance_churn_unwinding,data_clean/policy_matrix/policy_events_official.csv,quoted_evidence_text,5,California: total=17; ex parte=3; form support=7; contact update=1; reinstatement=3; other=3,1,full_file,66
insurance_churn_unwinding,data_clean/policy_matrix/policy_events_official.csv,quoted_evidence_text,6,Colorado: total=15; ex parte=2; form support=7; contact update=1; reinstatement=2; other=3,1,full_file,66
insurance_churn_unwinding,data_clean/policy_matrix/policy_events_official.csv,quoted_evidence_text,7,Connecticut: total=12; ex parte=2; form support=5; contact update=1; reinstatement=1; other=3,1,full_file,66
insurance_churn_unwinding,data_clean/policy_matrix/policy_events_official.csv,quoted_evidence_text,8,Delaware: total=13; ex parte=2; form support=5; contact update=1; reinstatement=2; other=3,1,full_file,66
insurance_churn_unwinding,data_clean/policy_matrix/policy_events_official.csv,quoted_evidence_text,9,District of Columbia: total=13; ex parte=2; form support=6; contact update=1; reinstatement=2; other=2,1,full_file,66
insurance_churn_unwinding,data_clean/policy_matrix/policy_events_official.csv,quoted_evidence_text,10,Florida: total=11; ex parte=1; form support=5; contact update=1; reinstatement=1; other=3,1,full_file,66
insurance_churn_unwinding,data_clean/policy_matrix/policy_events_official.csv,confidence,1,medium,60,full_file,66
insurance_churn_unwinding,data_clean/policy_matrix/policy_events_official.csv,confidence,2,high,6,full_file,66
insurance_churn_unwinding,data_clean/policy_matrix/policy_events_official.csv,ambiguity_flag,1,True,60,full_file,66
insurance_churn_unwinding,data_clean/policy_matrix/policy_events_official.csv,ambiguity_flag,2,False,6,full_file,66
insurance_churn_unwinding,data_clean/policy_matrix/policy_events_official.csv,notes,1,"Use as documented strategy count, not precise implementation timing.",51,full_file,66
insurance_churn_unwinding,data_clean/policy_matrix/policy_events_official.csv,notes,2,"Coded by renewal due month, not coverage loss month.",15,full_file,66
insurance_churn_unwinding,data_clean/policy_matrix/state_month_policy_matrix_official.csv,state_name,1,Alabama,16,full_file,816
insurance_churn_unwinding,data_clean/policy_matrix/state_month_policy_matrix_official.csv,state_name,2,Alaska,16,full_file,816
insurance_churn_unwinding,data_clean/policy_matrix/state_month_policy_matrix_official.csv,state_name,3,Arizona,16,full_file,816
insurance_churn_unwinding,data_clean/policy_matrix/state_month_policy_matrix_official.csv,state_name,4,Arkansas,16,full_file,816
insurance_churn_unwinding,data_clean/policy_matrix/state_month_policy_matrix_official.csv,state_name,5,California,16,full_file,816
insurance_churn_unwinding,data_clean/policy_matrix/state_month_policy_matrix_official.csv,state_name,6,Colorado,16,full_file,816
insurance_churn_unwinding,data_clean/policy_matrix/state_month_policy_matrix_official.csv,state_name,7,Connecticut,16,full_file,816
insurance_churn_unwinding,data_clean/policy_matrix/state_month_policy_matrix_official.csv,state_name,8,Delaware,16,full_file,816
insurance_churn_unwinding,data_clean/policy_matrix/state_month_policy_matrix_official.csv,state_name,9,District of Columbia,16,full_file,816
insurance_churn_unwinding,data_clean/policy_matrix/state_month_policy_matrix_official.csv,state_name,10,Florida,16,full_file,816
insurance_churn_unwinding,data_clean/policy_matrix/state_month_policy_matrix_official.csv,state_abbr,1,AL,16,full_file,816
insurance_churn_unwinding,data_clean/policy_matrix/state_month_policy_matrix_official.csv,state_abbr,2,AK,16,full_file,816
insurance_churn_unwinding,data_clean/policy_matrix/state_month_policy_matrix_official.csv,state_abbr,3,AZ,16,full_file,816
insurance_churn_unwinding,data_clean/policy_matrix/state_month_policy_matrix_official.csv,state_abbr,4,AR,16,full_file,816
insurance_churn_unwinding,data_clean/policy_matrix/state_month_policy_matrix_official.csv,state_abbr,5,CA,16,full_file,816
insurance_churn_unwinding,data_clean/policy_matrix/state_month_policy_matrix_official.csv,state_abbr,6,CO,16,full_file,816
insurance_churn_unwinding,data_clean/policy_matrix/state_month_policy_matrix_official.csv,state_abbr,7,CT,16,full_file,816
insurance_churn_unwinding,data_clean/policy_matrix/state_month_policy_matrix_official.csv,state_abbr,8,DE,16,full_file,816
insurance_churn_unwinding,data_clean/policy_matrix/state_month_policy_matrix_official.csv,state_abbr,9,DC,16,full_file,816
insurance_churn_unwinding,data_clean/policy_matrix/state_month_policy_matrix_official.csv,state_abbr,10,FL,16,full_file,816
insurance_churn_unwinding,data_clean/policy_matrix/state_month_policy_matrix_official.csv,state_fips,1,1,16,full_file,816
insurance_churn_unwinding,data_clean/policy_matrix/state_month_policy_matrix_official.csv,state_fips,2,2,16,full_file,816
insurance_churn_unwinding,data_clean/policy_matrix/state_month_policy_matrix_official.csv,state_fips,3,4,16,full_file,816
insurance_churn_unwinding,data_clean/policy_matrix/state_month_policy_matrix_official.csv,state_fips,4,5,16,full_file,816
insurance_churn_unwinding,data_clean/policy_matrix/state_month_policy_matrix_official.csv,state_fips,5,6,16,full_file,816
insurance_churn_unwinding,data_clean/policy_matrix/state_month_policy_matrix_official.csv,state_fips,6,8,16,full_file,816
insurance_churn_unwinding,data_clean/policy_matrix/state_month_policy_matrix_official.csv,state_fips,7,9,16,full_file,816
insurance_churn_unwinding,data_clean/policy_matrix/state_month_policy_matrix_official.csv,state_fips,8,10,16,full_file,816
insurance_churn_unwinding,data_clean/policy_matrix/state_month_policy_matrix_official.csv,state_fips,9,11,16,full_file,816
insurance_churn_unwinding,data_clean/policy_matrix/state_month_policy_matrix_official.csv,state_fips,10,12,16,full_file,816
insurance_churn_unwinding,data_clean/policy_matrix/state_month_policy_matrix_official.csv,year,1,2023,510,full_file,816
insurance_churn_unwinding,data_clean/policy_matrix/state_month_policy_matrix_official.csv,year,2,2024,306,full_file,816
insurance_churn_unwinding,data_clean/policy_matrix/state_month_policy_matrix_official.csv,month,1,3,102,full_file,816
insurance_churn_unwinding,data_clean/policy_matrix/state_month_policy_matrix_official.csv,month,2,4,102,full_file,816
insurance_churn_unwinding,data_clean/policy_matrix/state_month_policy_matrix_official.csv,month,3,5,102,full_file,816
insurance_churn_unwinding,data_clean/policy_matrix/state_month_policy_matrix_official.csv,month,4,6,102,full_file,816
insurance_churn_unwinding,data_clean/policy_matrix/state_month_policy_matrix_official.csv,month,5,7,51,full_file,816
insurance_churn_unwinding,data_clean/policy_matrix/state_month_policy_matrix_official.csv,month,6,8,51,full_file,816
insurance_churn_unwinding,data_clean/policy_matrix/state_month_policy_matrix_official.csv,month,7,9,51,full_file,816
insurance_churn_unwinding,data_clean/policy_matrix/state_month_policy_matrix_official.csv,month,8,10,51,full_file,816
insurance_churn_unwinding,data_clean/policy_matrix/state_month_policy_matrix_official.csv,month,9,11,51,full_file,816
insurance_churn_unwinding,data_clean/policy_matrix/state_month_policy_matrix_official.csv,month,10,12,51,full_file,816
insurance_churn_unwinding,data_clean/policy_matrix/state_month_policy_matrix_official.csv,yyyymm,1,202303,51,full_file,816
insurance_churn_unwinding,data_clean/policy_matrix/state_month_policy_matrix_official.csv,yyyymm,2,202304,51,full_file,816
insurance_churn_unwinding,data_clean/policy_matrix/state_month_policy_matrix_official.csv,yyyymm,3,202305,51,full_file,816
insurance_churn_unwinding,data_clean/policy_matrix/state_month_policy_matrix_official.csv,yyyymm,4,202306,51,full_file,816
insurance_churn_unwinding,data_clean/policy_matrix/state_month_policy_matrix_official.csv,yyyymm,5,202307,51,full_file,816
insurance_churn_unwinding,data_clean/policy_matrix/state_month_policy_matrix_official.csv,yyyymm,6,202308,51,full_file,816
insurance_churn_unwinding,data_clean/policy_matrix/state_month_policy_matrix_official.csv,yyyymm,7,202309,51,full_file,816
insurance_churn_unwinding,data_clean/policy_matrix/state_month_policy_matrix_official.csv,yyyymm,8,202310,51,full_file,816
insurance_churn_unwinding,data_clean/policy_matrix/state_month_policy_matrix_official.csv,yyyymm,9,202311,51,full_file,816
insurance_churn_unwinding,data_clean/policy_matrix/state_month_policy_matrix_official.csv,yyyymm,10,202312,51,full_file,816
insurance_churn_unwinding,data_clean/policy_matrix/state_month_policy_matrix_official.csv,e14_total_strategy_count,1,11,176,full_file,816
insurance_churn_unwinding,data_clean/policy_matrix/state_month_policy_matrix_official.csv,e14_total_strategy_count,2,13,176,full_file,816
insurance_churn_unwinding,data_clean/policy_matrix/state_month_policy_matrix_official.csv,e14_total_strategy_count,3,12,144,full_file,816
insurance_churn_unwinding,data_clean/policy_matrix/state_month_policy_matrix_official.csv,e14_total_strategy_count,4,10,112,full_file,816
insurance_churn_unwinding,data_clean/policy_matrix/state_month_policy_matrix_official.csv,e14_total_strategy_count,5,14,96,full_file,816
insurance_churn_unwinding,data_clean/policy_matrix/state_month_policy_matrix_official.csv,e14_total_strategy_count,6,15,48,full_file,816
insurance_churn_unwinding,data_clean/policy_matrix/state_month_policy_matrix_official.csv,e14_total_strategy_count,7,9,48,full_file,816
insurance_churn_unwinding,data_clean/policy_matrix/state_month_policy_matrix_official.csv,e14_total_strategy_count,8,17,16,full_file,816
insurance_churn_unwinding,data_clean/policy_matrix/state_month_policy_matrix_official.csv,e14_ex_parte_strategy_count,1,2,400,full_file,816
insurance_churn_unwinding,data_clean/policy_matrix/state_month_policy_matrix_official.csv,e14_ex_parte_strategy_count,2,1,384,full_file,816
insurance_churn_unwinding,data_clean/policy_matrix/state_month_policy_matrix_official.csv,e14_ex_parte_strategy_count,3,3,32,full_file,816
insurance_churn_unwinding,data_clean/policy_matrix/state_month_policy_matrix_official.csv,e14_form_submission_completion_strategy_count,1,5,400,full_file,816
insurance_churn_unwinding,data_clean/policy_matrix/state_month_policy_matrix_official.csv,e14_form_submission_completion_strategy_count,2,6,320,full_file,816
insurance_churn_unwinding,data_clean/policy_matrix/state_month_policy_matrix_official.csv,e14_form_submission_completion_strategy_count,3,4,48,full_file,816
insurance_churn_unwinding,data_clean/policy_matrix/state_month_policy_matrix_official.csv,e14_form_submission_completion_strategy_count,4,7,32,full_file,816
insurance_churn_unwinding,data_clean/policy_matrix/state_month_policy_matrix_official.csv,e14_form_submission_completion_strategy_count,5,8,16,full_file,816
insurance_churn_unwinding,data_clean/policy_matrix/state_month_policy_matrix_official.csv,e14_contact_update_strategy_count,1,1,640,full_file,816
insurance_churn_unwinding,data_clean/policy_matrix/state_month_policy_matrix_official.csv,e14_contact_update_strategy_count,2,0,176,full_file,816
insurance_churn_unwinding,data_clean/policy_matrix/state_month_policy_matrix_official.csv,e14_reinstatement_strategy_count,1,1,624,full_file,816
insurance_churn_unwinding,data_clean/policy_matrix/state_month_policy_matrix_official.csv,e14_reinstatement_strategy_count,2,2,176,full_file,816
insurance_churn_unwinding,data_clean/policy_matrix/state_month_policy_matrix_official.csv,e14_reinstatement_strategy_count,3,3,16,full_file,816
insurance_churn_unwinding,data_clean/policy_matrix/state_month_policy_matrix_official.csv,e14_other_strategy_count,1,3,768,full_file,816
insurance_churn_unwinding,data_clean/policy_matrix/state_month_policy_matrix_official.csv,e14_other_strategy_count,2,2,32,full_file,816
insurance_churn_unwinding,data_clean/policy_matrix/state_month_policy_matrix_official.csv,e14_other_strategy_count,3,4,16,full_file,816
insurance_churn_unwinding,data_clean/policy_matrix/state_month_policy_matrix_official.csv,e14_any_approved,1,1,816,full_file,816
insurance_churn_unwinding,data_clean/policy_matrix/state_month_policy_matrix_official.csv,e14_ex_parte_any,1,1,816,full_file,816
insurance_churn_unwinding,data_clean/policy_matrix/state_month_policy_matrix_official.csv,e14_form_submission_completion_any,1,1,816,full_file,816
insurance_churn_unwinding,data_clean/policy_matrix/state_month_policy_matrix_official.csv,e14_contact_update_any,1,1,640,full_file,816
insurance_churn_unwinding,data_clean/policy_matrix/state_month_policy_matrix_official.csv,e14_contact_update_any,2,0,176,full_file,816
insurance_churn_unwinding,data_clean/policy_matrix/state_month_policy_matrix_official.csv,e14_reinstatement_any,1,1,816,full_file,816
insurance_churn_unwinding,data_clean/policy_matrix/state_month_policy_matrix_official.csv,e14_other_any,1,1,816,full_file,816
insurance_churn_unwinding,data_clean/policy_matrix/state_month_policy_matrix_official.csv,delay_procedural_disenrollment_any,1,0,702,full_file,816
insurance_churn_unwinding,data_clean/policy_matrix/state_month_policy_matrix_official.csv,delay_procedural_disenrollment_any,2,1,114,full_file,816
insurance_churn_unwinding,data_clean/policy_matrix/state_month_policy_matrix_official.csv,delay_procedural_disenrollment_months,1,0.0,702,full_file,816
insurance_churn_unwinding,data_clean/policy_matrix/state_month_policy_matrix_official.csv,delay_procedural_disenrollment_months,2,9.0,9,full_file,816
insurance_churn_unwinding,data_clean/policy_matrix/state_month_policy_matrix_official.csv,delay_procedural_disenrollment_months,3,1.0,3,full_file,816
insurance_churn_unwinding,data_clean/policy_matrix/state_month_policy_matrix_official.csv,delay_procedural_disenrollment_months,4,3.0,3,full_file,816
insurance_churn_unwinding,data_clean/policy_matrix/state_month_policy_matrix_official.csv,delay_procedural_disenrollment_months,5,2.0,2,full_file,816
insurance_churn_unwinding,data_clean/policy_matrix/state_month_policy_matrix_official.csv,delay_procedural_disenrollment_all_beneficiaries,1,0,762,full_file,816
insurance_churn_unwinding,data_clean/policy_matrix/state_month_policy_matrix_official.csv,delay_procedural_disenrollment_all_beneficiaries,2,1,54,full_file,816
insurance_churn_unwinding,data_clean/policy_matrix/state_month_policy_matrix_official.csv,delay_procedural_disenrollment_MAGI,1,0,805,full_file,816
insurance_churn_unwinding,data_clean/policy_matrix/state_month_policy_matrix_official.csv,delay_procedural_disenrollment_MAGI,2,1,11,full_file,816
insurance_churn_unwinding,data_clean/policy_matrix/state_month_policy_matrix_official.csv,delay_procedural_disenrollment_nonMAGI,1,0,767,full_file,816
insurance_churn_unwinding,data_clean/policy_matrix/state_month_policy_matrix_official.csv,delay_procedural_disenrollment_nonMAGI,2,1,49,full_file,816
insurance_churn_unwinding,data_clean/policy_matrix/state_month_policy_matrix_official.csv,pause_termination_any,1,0,816,full_file,816
insurance_churn_unwinding,data_clean/policy_matrix/state_month_policy_matrix_official.csv,renewal_started_this_month,1,0,816,full_file,816
insurance_churn_unwinding,data_clean/policy_matrix/state_month_policy_matrix_official.csv,renewal_staggered_over_12_months,1,0,816,full_file,816
insurance_churn_unwinding,data_clean/policy_matrix/state_month_policy_matrix_official.csv,renewal_due_cohort_schedule_available,1,0,816,full_file,816
insurance_churn_unwinding,data_clean/policy_matrix/state_month_policy_matrix_official.csv,official_ex_parte_improvement_policy_active,1,0,816,full_file,816
insurance_churn_unwinding,data_clean/policy_matrix/state_month_policy_matrix_official.csv,official_manual_form_support_policy_active,1,0,816,full_file,816
insurance_churn_unwinding,data_clean/policy_matrix/state_month_policy_matrix_official.csv,official_contact_update_policy_active,1,0,816,full_file,816
insurance_churn_unwinding,data_clean/policy_matrix/state_month_policy_matrix_official.csv,official_mco_or_provider_outreach_policy_active,1,0,816,full_file,816
insurance_churn_unwinding,data_clean/policy_matrix/state_month_policy_matrix_official.csv,official_targeted_outreach_policy_active,1,0,816,full_file,816
insurance_churn_unwinding,data_clean/policy_matrix/state_month_policy_matrix_official.csv,official_reinstatement_policy_active,1,0,816,full_file,816
insurance_churn_unwinding,data_clean/policy_matrix/state_month_policy_matrix_official.csv,official_reconsideration_extension_active,1,0,816,full_file,816
insurance_churn_unwinding,data_clean/policy_matrix/state_month_policy_matrix_official.csv,cms_mitigation_strategy_active,1,0,702,full_file,816
insurance_churn_unwinding,data_clean/policy_matrix/state_month_policy_matrix_official.csv,cms_mitigation_strategy_active,2,1,114,full_file,816
insurance_churn_unwinding,data_clean/policy_matrix/state_month_policy_matrix_official.csv,cms_compliance_plan_required_or_available,1,0,816,full_file,816
insurance_churn_unwinding,data_clean/policy_matrix/state_month_policy_matrix_official.csv,individual_level_exparte_compliance_issue_flag,1,0,816,full_file,816
insurance_churn_unwinding,data_clean/policy_matrix/state_month_policy_matrix_official.csv,renewal_requirement_correction_plan_flag,1,0,816,full_file,816
insurance_churn_unwinding,data_clean/policy_matrix/state_month_policy_matrix_official.csv,pause_or_delay_evidence_source_id,1,fed_cms_delay_archived_table_text,114,full_file,816
insurance_churn_unwinding,data_clean/policy_matrix/state_month_policy_matrix_official.csv,n_official_sources_supporting_state_month,1,1,702,full_file,816
insurance_churn_unwinding,data_clean/policy_matrix/state_month_policy_matrix_official.csv,n_official_sources_supporting_state_month,2,2,114,full_file,816
insurance_churn_unwinding,data_clean/policy_matrix/state_month_policy_matrix_official.csv,n_federal_sources_supporting_state_month,1,1,702,full_file,816
insurance_churn_unwinding,data_clean/policy_matrix/state_month_policy_matrix_official.csv,n_federal_sources_supporting_state_month,2,2,114,full_file,816
insurance_churn_unwinding,data_clean/policy_matrix/state_month_policy_matrix_official.csv,n_state_sources_supporting_state_month,1,0,816,full_file,816
insurance_churn_unwinding,data_clean/policy_matrix/state_month_policy_matrix_official.csv,highest_source_grade,1,official_federal,816,full_file,816
insurance_churn_unwinding,data_clean/policy_matrix/state_month_policy_matrix_official.csv,has_direct_state_source,1,False,816,full_file,816
insurance_churn_unwinding,data_clean/policy_matrix/state_month_policy_matrix_official.csv,has_direct_federal_state_table_source,1,True,816,full_file,816
insurance_churn_unwinding,data_clean/policy_matrix/state_month_policy_matrix_official.csv,policy_coding_confidence,1,medium_documented_no_month,702,full_file,816
insurance_churn_unwinding,data_clean/policy_matrix/state_month_policy_matrix_official.csv,policy_coding_confidence,2,medium_end_unclear,97,full_file,816
insurance_churn_unwinding,data_clean/policy_matrix/state_month_policy_matrix_official.csv,policy_coding_confidence,3,high,17,full_file,816
insurance_churn_unwinding,data_clean/policy_matrix/state_month_policy_matrix_official.csv,L1_e14_total_strategy_count,1,11.0,165,full_file,816
insurance_churn_unwinding,data_clean/policy_matrix/state_month_policy_matrix_official.csv,L1_e14_total_strategy_count,2,13.0,165,full_file,816
insurance_churn_unwinding,data_clean/policy_matrix/state_month_policy_matrix_official.csv,L1_e14_total_strategy_count,3,12.0,135,full_file,816
insurance_churn_unwinding,data_clean/policy_matrix/state_month_policy_matrix_official.csv,L1_e14_total_strategy_count,4,10.0,105,full_file,816
insurance_churn_unwinding,data_clean/policy_matrix/state_month_policy_matrix_official.csv,L1_e14_total_strategy_count,5,14.0,90,full_file,816
insurance_churn_unwinding,data_clean/policy_matrix/state_month_policy_matrix_official.csv,L1_e14_total_strategy_count,6,15.0,45,full_file,816
insurance_churn_unwinding,data_clean/policy_matrix/state_month_policy_matrix_official.csv,L1_e14_total_strategy_count,7,9.0,45,full_file,816
insurance_churn_unwinding,data_clean/policy_matrix/state_month_policy_matrix_official.csv,L1_e14_total_strategy_count,8,17.0,15,full_file,816
insurance_churn_unwinding,data_clean/policy_matrix/state_month_policy_matrix_official.csv,L2_e14_total_strategy_count,1,11.0,154,full_file,816
insurance_churn_unwinding,data_clean/policy_matrix/state_month_policy_matrix_official.csv,L2_e14_total_strategy_count,2,13.0,154,full_file,816
insurance_churn_unwinding,data_clean/policy_matrix/state_month_policy_matrix_official.csv,L2_e14_total_strategy_count,3,12.0,126,full_file,816
insurance_churn_unwinding,data_clean/policy_matrix/state_month_policy_matrix_official.csv,L2_e14_total_strategy_count,4,10.0,98,full_file,816
insurance_churn_unwinding,data_clean/policy_matrix/state_month_policy_matrix_official.csv,L2_e14_total_strategy_count,5,14.0,84,full_file,816
insurance_churn_unwinding,data_clean/policy_matrix/state_month_policy_matrix_official.csv,L2_e14_total_strategy_count,6,15.0,42,full_file,816
insurance_churn_unwinding,data_clean/policy_matrix/state_month_policy_matrix_official.csv,L2_e14_total_strategy_count,7,9.0,42,full_file,816
insurance_churn_unwinding,data_clean/policy_matrix/state_month_policy_matrix_official.csv,L2_e14_total_strategy_count,8,17.0,14,full_file,816
insurance_churn_unwinding,data_clean/policy_matrix/state_month_policy_matrix_official.csv,L1_e14_ex_parte_strategy_count,1,2.0,375,full_file,816
insurance_churn_unwinding,data_clean/policy_matrix/state_month_policy_matrix_official.csv,L1_e14_ex_parte_strategy_count,2,1.0,360,full_file,816
insurance_churn_unwinding,data_clean/policy_matrix/state_month_policy_matrix_official.csv,L1_e14_ex_parte_strategy_count,3,3.0,30,full_file,816
insurance_churn_unwinding,data_clean/policy_matrix/state_month_policy_matrix_official.csv,L2_e14_ex_parte_strategy_count,1,2.0,350,full_file,816
insurance_churn_unwinding,data_clean/policy_matrix/state_month_policy_matrix_official.csv,L2_e14_ex_parte_strategy_count,2,1.0,336,full_file,816
insurance_churn_unwinding,data_clean/policy_matrix/state_month_policy_matrix_official.csv,L2_e14_ex_parte_strategy_count,3,3.0,28,full_file,816
insurance_churn_unwinding,data_clean/policy_matrix/state_month_policy_matrix_official.csv,L1_e14_form_submission_completion_strategy_count,1,5.0,375,full_file,816
insurance_churn_unwinding,data_clean/policy_matrix/state_month_policy_matrix_official.csv,L1_e14_form_submission_completion_strategy_count,2,6.0,300,full_file,816
insurance_churn_unwinding,data_clean/policy_matrix/state_month_policy_matrix_official.csv,L1_e14_form_submission_completion_strategy_count,3,4.0,45,full_file,816
insurance_churn_unwinding,data_clean/policy_matrix/state_month_policy_matrix_official.csv,L1_e14_form_submission_completion_strategy_count,4,7.0,30,full_file,816
insurance_churn_unwinding,data_clean/policy_matrix/state_month_policy_matrix_official.csv,L1_e14_form_submission_completion_strategy_count,5,8.0,15,full_file,816
insurance_churn_unwinding,data_clean/policy_matrix/state_month_policy_matrix_official.csv,L2_e14_form_submission_completion_strategy_count,1,5.0,350,full_file,816
insurance_churn_unwinding,data_clean/policy_matrix/state_month_policy_matrix_official.csv,L2_e14_form_submission_completion_strategy_count,2,6.0,280,full_file,816
insurance_churn_unwinding,data_clean/policy_matrix/state_month_policy_matrix_official.csv,L2_e14_form_submission_completion_strategy_count,3,4.0,42,full_file,816
insurance_churn_unwinding,data_clean/policy_matrix/state_month_policy_matrix_official.csv,L2_e14_form_submission_completion_strategy_count,4,7.0,28,full_file,816
insurance_churn_unwinding,data_clean/policy_matrix/state_month_policy_matrix_official.csv,L2_e14_form_submission_completion_strategy_count,5,8.0,14,full_file,816
insurance_churn_unwinding,data_clean/policy_matrix/state_month_policy_matrix_official.csv,L1_e14_contact_update_strategy_count,1,1.0,600,full_file,816
insurance_churn_unwinding,data_clean/policy_matrix/state_month_policy_matrix_official.csv,L1_e14_contact_update_strategy_count,2,0.0,165,full_file,816
insurance_churn_unwinding,data_clean/policy_matrix/state_month_policy_matrix_official.csv,L2_e14_contact_update_strategy_count,1,1.0,560,full_file,816
insurance_churn_unwinding,data_clean/policy_matrix/state_month_policy_matrix_official.csv,L2_e14_contact_update_strategy_count,2,0.0,154,full_file,816
insurance_churn_unwinding,data_clean/policy_matrix/state_month_policy_matrix_official.csv,L1_e14_reinstatement_strategy_count,1,1.0,585,full_file,816
insurance_churn_unwinding,data_clean/policy_matrix/state_month_policy_matrix_official.csv,L1_e14_reinstatement_strategy_count,2,2.0,165,full_file,816
insurance_churn_unwinding,data_clean/policy_matrix/state_month_policy_matrix_official.csv,L1_e14_reinstatement_strategy_count,3,3.0,15,full_file,816
insurance_churn_unwinding,data_clean/policy_matrix/state_month_policy_matrix_official.csv,L2_e14_reinstatement_strategy_count,1,1.0,546,full_file,816
insurance_churn_unwinding,data_clean/policy_matrix/state_month_policy_matrix_official.csv,L2_e14_reinstatement_strategy_count,2,2.0,154,full_file,816
insurance_churn_unwinding,data_clean/policy_matrix/state_month_policy_matrix_official.csv,L2_e14_reinstatement_strategy_count,3,3.0,14,full_file,816
insurance_churn_unwinding,data_clean/policy_matrix/state_month_policy_matrix_official.csv,L1_e14_other_strategy_count,1,3.0,720,full_file,816
insurance_churn_unwinding,data_clean/policy_matrix/state_month_policy_matrix_official.csv,L1_e14_other_strategy_count,2,2.0,30,full_file,816
insurance_churn_unwinding,data_clean/policy_matrix/state_month_policy_matrix_official.csv,L1_e14_other_strategy_count,3,4.0,15,full_file,816
insurance_churn_unwinding,data_clean/policy_matrix/state_month_policy_matrix_official.csv,L2_e14_other_strategy_count,1,3.0,672,full_file,816
insurance_churn_unwinding,data_clean/policy_matrix/state_month_policy_matrix_official.csv,L2_e14_other_strategy_count,2,2.0,28,full_file,816
insurance_churn_unwinding,data_clean/policy_matrix/state_month_policy_matrix_official.csv,L2_e14_other_strategy_count,3,4.0,14,full_file,816
insurance_churn_unwinding,data_clean/policy_matrix/state_month_policy_matrix_official.csv,L1_e14_any_approved,1,1.0,765,full_file,816
insurance_churn_unwinding,data_clean/policy_matrix/state_month_policy_matrix_official.csv,L2_e14_any_approved,1,1.0,714,full_file,816
insurance_churn_unwinding,data_clean/policy_matrix/state_month_policy_matrix_official.csv,L1_e14_ex_parte_any,1,1.0,765,full_file,816
insurance_churn_unwinding,data_clean/policy_matrix/state_month_policy_matrix_official.csv,L2_e14_ex_parte_any,1,1.0,714,full_file,816
insurance_churn_unwinding,data_clean/policy_matrix/state_month_policy_matrix_official.csv,L1_e14_form_submission_completion_any,1,1.0,765,full_file,816
insurance_churn_unwinding,data_clean/policy_matrix/state_month_policy_matrix_official.csv,L2_e14_form_submission_completion_any,1,1.0,714,full_file,816
insurance_churn_unwinding,data_clean/policy_matrix/state_month_policy_matrix_official.csv,L1_e14_contact_update_any,1,1.0,600,full_file,816
insurance_churn_unwinding,data_clean/policy_matrix/state_month_policy_matrix_official.csv,L1_e14_contact_update_any,2,0.0,165,full_file,816
insurance_churn_unwinding,data_clean/policy_matrix/state_month_policy_matrix_official.csv,L2_e14_contact_update_any,1,1.0,560,full_file,816
insurance_churn_unwinding,data_clean/policy_matrix/state_month_policy_matrix_official.csv,L2_e14_contact_update_any,2,0.0,154,full_file,816
insurance_churn_unwinding,data_clean/policy_matrix/state_month_policy_matrix_official.csv,L1_e14_reinstatement_any,1,1.0,765,full_file,816
insurance_churn_unwinding,data_clean/policy_matrix/state_month_policy_matrix_official.csv,L2_e14_reinstatement_any,1,1.0,714,full_file,816
insurance_churn_unwinding,data_clean/policy_matrix/state_month_policy_matrix_official.csv,L1_e14_other_any,1,1.0,765,full_file,816
insurance_churn_unwinding,data_clean/policy_matrix/state_month_policy_matrix_official.csv,L2_e14_other_any,1,1.0,714,full_file,816
insurance_churn_unwinding,data_clean/policy_matrix/state_month_policy_matrix_official.csv,L1_delay_procedural_disenrollment_any,1,0.0,660,full_file,816
insurance_churn_unwinding,data_clean/policy_matrix/state_month_policy_matrix_official.csv,L1_delay_procedural_disenrollment_any,2,1.0,105,full_file,816
insurance_churn_unwinding,data_clean/policy_matrix/state_month_policy_matrix_official.csv,L2_delay_procedural_disenrollment_any,1,0.0,618,full_file,816
insurance_churn_unwinding,data_clean/policy_matrix/state_month_policy_matrix_official.csv,L2_delay_procedural_disenrollment_any,2,1.0,96,full_file,816
insurance_churn_unwinding,data_clean/policy_matrix/state_month_policy_matrix_official.csv,L1_delay_procedural_disenrollment_months,1,0.0,660,full_file,816
insurance_churn_unwinding,data_clean/policy_matrix/state_month_policy_matrix_official.csv,L1_delay_procedural_disenrollment_months,2,9.0,9,full_file,816
insurance_churn_unwinding,data_clean/policy_matrix/state_month_policy_matrix_official.csv,L1_delay_procedural_disenrollment_months,3,1.0,3,full_file,816
insurance_churn_unwinding,data_clean/policy_matrix/state_month_policy_matrix_official.csv,L1_delay_procedural_disenrollment_months,4,3.0,3,full_file,816
insurance_churn_unwinding,data_clean/policy_matrix/state_month_policy_matrix_official.csv,L1_delay_procedural_disenrollment_months,5,2.0,2,full_file,816
insurance_churn_unwinding,data_clean/policy_matrix/state_month_policy_matrix_official.csv,L2_delay_procedural_disenrollment_months,1,0.0,618,full_file,816
insurance_churn_unwinding,data_clean/policy_matrix/state_month_policy_matrix_official.csv,L2_delay_procedural_disenrollment_months,2,9.0,9,full_file,816
insurance_churn_unwinding,data_clean/policy_matrix/state_month_policy_matrix_official.csv,L2_delay_procedural_disenrollment_months,3,1.0,3,full_file,816
insurance_churn_unwinding,data_clean/policy_matrix/state_month_policy_matrix_official.csv,L2_delay_procedural_disenrollment_months,4,3.0,3,full_file,816
insurance_churn_unwinding,data_clean/policy_matrix/state_month_policy_matrix_official.csv,L2_delay_procedural_disenrollment_months,5,2.0,2,full_file,816
insurance_churn_unwinding,data_clean/policy_matrix/state_month_policy_matrix_official.csv,L1_delay_procedural_disenrollment_all_beneficiaries,1,0.0,715,full_file,816
insurance_churn_unwinding,data_clean/policy_matrix/state_month_policy_matrix_official.csv,L1_delay_procedural_disenrollment_all_beneficiaries,2,1.0,50,full_file,816
insurance_churn_unwinding,data_clean/policy_matrix/state_month_policy_matrix_official.csv,L2_delay_procedural_disenrollment_all_beneficiaries,1,0.0,668,full_file,816
insurance_churn_unwinding,data_clean/policy_matrix/state_month_policy_matrix_official.csv,L2_delay_procedural_disenrollment_all_beneficiaries,2,1.0,46,full_file,816
insurance_churn_unwinding,data_clean/policy_matrix/state_month_policy_matrix_official.csv,L1_delay_procedural_disenrollment_MAGI,1,0.0,755,full_file,816
insurance_churn_unwinding,data_clean/policy_matrix/state_month_policy_matrix_official.csv,L1_delay_procedural_disenrollment_MAGI,2,1.0,10,full_file,816
insurance_churn_unwinding,data_clean/policy_matrix/state_month_policy_matrix_official.csv,L2_delay_procedural_disenrollment_MAGI,1,0.0,705,full_file,816
insurance_churn_unwinding,data_clean/policy_matrix/state_month_policy_matrix_official.csv,L2_delay_procedural_disenrollment_MAGI,2,1.0,9,full_file,816
insurance_churn_unwinding,data_clean/policy_matrix/state_month_policy_matrix_official.csv,L1_delay_procedural_disenrollment_nonMAGI,1,0.0,720,full_file,816
insurance_churn_unwinding,data_clean/policy_matrix/state_month_policy_matrix_official.csv,L1_delay_procedural_disenrollment_nonMAGI,2,1.0,45,full_file,816
insurance_churn_unwinding,data_clean/policy_matrix/state_month_policy_matrix_official.csv,L2_delay_procedural_disenrollment_nonMAGI,1,0.0,673,full_file,816
insurance_churn_unwinding,data_clean/policy_matrix/state_month_policy_matrix_official.csv,L2_delay_procedural_disenrollment_nonMAGI,2,1.0,41,full_file,816
insurance_churn_unwinding,data_clean/policy_matrix/state_month_policy_matrix_official.csv,L1_pause_termination_any,1,0.0,765,full_file,816
insurance_churn_unwinding,data_clean/policy_matrix/state_month_policy_matrix_official.csv,L2_pause_termination_any,1,0.0,714,full_file,816
insurance_churn_unwinding,data_clean/policy_matrix/state_month_policy_matrix_official.csv,L1_renewal_started_this_month,1,0.0,765,full_file,816
insurance_churn_unwinding,data_clean/policy_matrix/state_month_policy_matrix_official.csv,L2_renewal_started_this_month,1,0.0,714,full_file,816
insurance_churn_unwinding,data_clean/policy_matrix/state_month_policy_matrix_official.csv,L1_renewal_staggered_over_12_months,1,0.0,765,full_file,816
insurance_churn_unwinding,data_clean/policy_matrix/state_month_policy_matrix_official.csv,L2_renewal_staggered_over_12_months,1,0.0,714,full_file,816
insurance_churn_unwinding,data_clean/policy_matrix/state_month_policy_matrix_official.csv,L1_renewal_due_cohort_schedule_available,1,0.0,765,full_file,816
insurance_churn_unwinding,data_clean/policy_matrix/state_month_policy_matrix_official.csv,L2_renewal_due_cohort_schedule_available,1,0.0,714,full_file,816
insurance_churn_unwinding,data_clean/policy_matrix/state_month_policy_matrix_official.csv,L1_official_ex_parte_improvement_policy_active,1,0.0,765,full_file,816
insurance_churn_unwinding,data_clean/policy_matrix/state_month_policy_matrix_official.csv,L2_official_ex_parte_improvement_policy_active,1,0.0,714,full_file,816
insurance_churn_unwinding,data_clean/policy_matrix/state_month_policy_matrix_official.csv,L1_official_manual_form_support_policy_active,1,0.0,765,full_file,816
insurance_churn_unwinding,data_clean/policy_matrix/state_month_policy_matrix_official.csv,L2_official_manual_form_support_policy_active,1,0.0,714,full_file,816
insurance_churn_unwinding,data_clean/policy_matrix/state_month_policy_matrix_official.csv,L1_official_contact_update_policy_active,1,0.0,765,full_file,816
insurance_churn_unwinding,data_clean/policy_matrix/state_month_policy_matrix_official.csv,L2_official_contact_update_policy_active,1,0.0,714,full_file,816
insurance_churn_unwinding,data_clean/policy_matrix/state_month_policy_matrix_official.csv,L1_official_mco_or_provider_outreach_policy_active,1,0.0,765,full_file,816
insurance_churn_unwinding,data_clean/policy_matrix/state_month_policy_matrix_official.csv,L2_official_mco_or_provider_outreach_policy_active,1,0.0,714,full_file,816
insurance_churn_unwinding,data_clean/policy_matrix/state_month_policy_matrix_official.csv,L1_official_targeted_outreach_policy_active,1,0.0,765,full_file,816
insurance_churn_unwinding,data_clean/policy_matrix/state_month_policy_matrix_official.csv,L2_official_targeted_outreach_policy_active,1,0.0,714,full_file,816
insurance_churn_unwinding,data_clean/policy_matrix/state_month_policy_matrix_official.csv,L1_official_reinstatement_policy_active,1,0.0,765,full_file,816
insurance_churn_unwinding,data_clean/policy_matrix/state_month_policy_matrix_official.csv,L2_official_reinstatement_policy_active,1,0.0,714,full_file,816
insurance_churn_unwinding,data_clean/policy_matrix/state_month_policy_matrix_official.csv,L1_official_reconsideration_extension_active,1,0.0,765,full_file,816
insurance_churn_unwinding,data_clean/policy_matrix/state_month_policy_matrix_official.csv,L2_official_reconsideration_extension_active,1,0.0,714,full_file,816
insurance_churn_unwinding,data_clean/policy_matrix/state_month_policy_matrix_official.csv,L1_cms_mitigation_strategy_active,1,0.0,660,full_file,816
insurance_churn_unwinding,data_clean/policy_matrix/state_month_policy_matrix_official.csv,L1_cms_mitigation_strategy_active,2,1.0,105,full_file,816
insurance_churn_unwinding,data_clean/policy_matrix/state_month_policy_matrix_official.csv,L2_cms_mitigation_strategy_active,1,0.0,618,full_file,816
insurance_churn_unwinding,data_clean/policy_matrix/state_month_policy_matrix_official.csv,L2_cms_mitigation_strategy_active,2,1.0,96,full_file,816
insurance_churn_unwinding,data_clean/policy_matrix/state_month_policy_matrix_official.csv,L1_cms_compliance_plan_required_or_available,1,0.0,765,full_file,816
insurance_churn_unwinding,data_clean/policy_matrix/state_month_policy_matrix_official.csv,L2_cms_compliance_plan_required_or_available,1,0.0,714,full_file,816
insurance_churn_unwinding,data_clean/policy_matrix/state_month_policy_matrix_official.csv,L1_individual_level_exparte_compliance_issue_flag,1,0.0,765,full_file,816
insurance_churn_unwinding,data_clean/policy_matrix/state_month_policy_matrix_official.csv,L2_individual_level_exparte_compliance_issue_flag,1,0.0,714,full_file,816
insurance_churn_unwinding,data_clean/policy_matrix/state_month_policy_matrix_official.csv,L1_renewal_requirement_correction_plan_flag,1,0.0,765,full_file,816
insurance_churn_unwinding,data_clean/policy_matrix/state_month_policy_matrix_official.csv,L2_renewal_requirement_correction_plan_flag,1,0.0,714,full_file,816
insurance_churn_unwinding,data_clean/policy_matrix/state_month_policy_matrix_official.csv,L1_n_official_sources_supporting_state_month,1,1.0,660,full_file,816
insurance_churn_unwinding,data_clean/policy_matrix/state_month_policy_matrix_official.csv,L1_n_official_sources_supporting_state_month,2,2.0,105,full_file,816
insurance_churn_unwinding,data_clean/policy_matrix/state_month_policy_matrix_official.csv,L2_n_official_sources_supporting_state_month,1,1.0,618,full_file,816
insurance_churn_unwinding,data_clean/policy_matrix/state_month_policy_matrix_official.csv,L2_n_official_sources_supporting_state_month,2,2.0,96,full_file,816
insurance_churn_unwinding,data_clean/policy_matrix/state_month_policy_matrix_official.csv,L1_n_federal_sources_supporting_state_month,1,1.0,660,full_file,816
insurance_churn_unwinding,data_clean/policy_matrix/state_month_policy_matrix_official.csv,L1_n_federal_sources_supporting_state_month,2,2.0,105,full_file,816
insurance_churn_unwinding,data_clean/policy_matrix/state_month_policy_matrix_official.csv,L2_n_federal_sources_supporting_state_month,1,1.0,618,full_file,816
insurance_churn_unwinding,data_clean/policy_matrix/state_month_policy_matrix_official.csv,L2_n_federal_sources_supporting_state_month,2,2.0,96,full_file,816
insurance_churn_unwinding,data_clean/policy_matrix/state_month_policy_matrix_official.csv,L1_n_state_sources_supporting_state_month,1,0.0,765,full_file,816
insurance_churn_unwinding,data_clean/policy_matrix/state_month_policy_matrix_official.csv,L2_n_state_sources_supporting_state_month,1,0.0,714,full_file,816
insurance_churn_unwinding,data_clean/policy_matrix/state_month_policy_matrix_official.csv,L1_has_direct_state_source,1,False,765,full_file,816
insurance_churn_unwinding,data_clean/policy_matrix/state_month_policy_matrix_official.csv,L2_has_direct_state_source,1,False,714,full_file,816
insurance_churn_unwinding,data_clean/policy_matrix/state_month_policy_matrix_official.csv,L1_has_direct_federal_state_table_source,1,True,765,full_file,816
insurance_churn_unwinding,data_clean/policy_matrix/state_month_policy_matrix_official.csv,L2_has_direct_federal_state_table_source,1,True,714,full_file,816
insurance_churn_unwinding,data_clean/policy_matrix/state_month_policy_source_bridge.csv,state_abbr,1,MA,31,full_file,930
insurance_churn_unwinding,data_clean/policy_matrix/state_month_policy_source_bridge.csv,state_abbr,2,MT,29,full_file,930
insurance_churn_unwinding,data_clean/policy_matrix/state_month_policy_source_bridge.csv,state_abbr,3,CO,26,full_file,930
insurance_churn_unwinding,data_clean/policy_matrix/state_month_policy_source_bridge.csv,state_abbr,4,NV,26,full_file,930
insurance_churn_unwinding,data_clean/policy_matrix/state_month_policy_source_bridge.csv,state_abbr,5,VA,26,full_file,930
insurance_churn_unwinding,data_clean/policy_matrix/state_month_policy_source_bridge.csv,state_abbr,6,WY,26,full_file,930
insurance_churn_unwinding,data_clean/policy_matrix/state_month_policy_source_bridge.csv,state_abbr,7,NC,26,full_file,930
insurance_churn_unwinding,data_clean/policy_matrix/state_month_policy_source_bridge.csv,state_abbr,8,NY,26,full_file,930
insurance_churn_unwinding,data_clean/policy_matrix/state_month_policy_source_bridge.csv,state_abbr,9,NM,25,full_file,930
insurance_churn_unwinding,data_clean/policy_matrix/state_month_policy_source_bridge.csv,state_abbr,10,DC,25,full_file,930
insurance_churn_unwinding,data_clean/policy_matrix/state_month_policy_source_bridge.csv,yyyymm,1,202310,62,full_file,930
insurance_churn_unwinding,data_clean/policy_matrix/state_month_policy_source_bridge.csv,yyyymm,2,202401,61,full_file,930
insurance_churn_unwinding,data_clean/policy_matrix/state_month_policy_source_bridge.csv,yyyymm,3,202312,61,full_file,930
insurance_churn_unwinding,data_clean/policy_matrix/state_month_policy_source_bridge.csv,yyyymm,4,202311,61,full_file,930
insurance_churn_unwinding,data_clean/policy_matrix/state_month_policy_source_bridge.csv,yyyymm,5,202402,61,full_file,930
insurance_churn_unwinding,data_clean/policy_matrix/state_month_policy_source_bridge.csv,yyyymm,6,202309,60,full_file,930
insurance_churn_unwinding,data_clean/policy_matrix/state_month_policy_source_bridge.csv,yyyymm,7,202404,60,full_file,930
insurance_churn_unwinding,data_clean/policy_matrix/state_month_policy_source_bridge.csv,yyyymm,8,202403,60,full_file,930
insurance_churn_unwinding,data_clean/policy_matrix/state_month_policy_source_bridge.csv,yyyymm,9,202405,60,full_file,930
insurance_churn_unwinding,data_clean/policy_matrix/state_month_policy_source_bridge.csv,yyyymm,10,202406,60,full_file,930
insurance_churn_unwinding,data_clean/policy_matrix/state_month_policy_source_bridge.csv,policy_feature,1,e14_total_strategy_count,816,full_file,930
insurance_churn_unwinding,data_clean/policy_matrix/state_month_policy_source_bridge.csv,policy_feature,2,delay_procedural_disenrollment_any,114,full_file,930
insurance_churn_unwinding,data_clean/policy_matrix/state_month_policy_source_bridge.csv,feature_value,1,11,176,full_file,930
insurance_churn_unwinding,data_clean/policy_matrix/state_month_policy_source_bridge.csv,feature_value,2,13,176,full_file,930
insurance_churn_unwinding,data_clean/policy_matrix/state_month_policy_source_bridge.csv,feature_value,3,12,144,full_file,930
insurance_churn_unwinding,data_clean/policy_matrix/state_month_policy_source_bridge.csv,feature_value,4,1,114,full_file,930
insurance_churn_unwinding,data_clean/policy_matrix/state_month_policy_source_bridge.csv,feature_value,5,10,112,full_file,930
insurance_churn_unwinding,data_clean/policy_matrix/state_month_policy_source_bridge.csv,feature_value,6,14,96,full_file,930
insurance_churn_unwinding,data_clean/policy_matrix/state_month_policy_source_bridge.csv,feature_value,7,15,48,full_file,930
insurance_churn_unwinding,data_clean/policy_matrix/state_month_policy_source_bridge.csv,feature_value,8,9,48,full_file,930
insurance_churn_unwinding,data_clean/policy_matrix/state_month_policy_source_bridge.csv,feature_value,9,17,16,full_file,930
insurance_churn_unwinding,data_clean/policy_matrix/state_month_policy_source_bridge.csv,event_id,1,evt_e14_AL,16,full_file,930
insurance_churn_unwinding,data_clean/policy_matrix/state_month_policy_source_bridge.csv,event_id,2,evt_e14_AK,16,full_file,930
insurance_churn_unwinding,data_clean/policy_matrix/state_month_policy_source_bridge.csv,event_id,3,evt_e14_AZ,16,full_file,930
insurance_churn_unwinding,data_clean/policy_matrix/state_month_policy_source_bridge.csv,event_id,4,evt_e14_AR,16,full_file,930
insurance_churn_unwinding,data_clean/policy_matrix/state_month_policy_source_bridge.csv,event_id,5,evt_e14_CA,16,full_file,930
insurance_churn_unwinding,data_clean/policy_matrix/state_month_policy_source_bridge.csv,event_id,6,evt_e14_CO,16,full_file,930
insurance_churn_unwinding,data_clean/policy_matrix/state_month_policy_source_bridge.csv,event_id,7,evt_e14_CT,16,full_file,930
insurance_churn_unwinding,data_clean/policy_matrix/state_month_policy_source_bridge.csv,event_id,8,evt_e14_DE,16,full_file,930
insurance_churn_unwinding,data_clean/policy_matrix/state_month_policy_source_bridge.csv,event_id,9,evt_e14_DC,16,full_file,930
insurance_churn_unwinding,data_clean/policy_matrix/state_month_policy_source_bridge.csv,event_id,10,evt_e14_FL,16,full_file,930
insurance_churn_unwinding,data_clean/policy_matrix/state_month_policy_source_bridge.csv,source_id,1,fed_cms_e14_archived_table_text,816,full_file,930
insurance_churn_unwinding,data_clean/policy_matrix/state_month_policy_source_bridge.csv,source_id,2,fed_cms_delay_archived_table_text,114,full_file,930
insurance_churn_unwinding,data_clean/policy_matrix/state_month_policy_source_bridge.csv,source_url,1,https://www.medicaid.gov/resources-for-states/coronavirus-disease-2019-covid-19/unwinding-and-returning-regular-operations-after-covid-19/covid-19-phe-unwinding-section-1902e14a-waiver-approvals,816,full_file,930
insurance_churn_unwinding,data_clean/policy_matrix/state_month_policy_source_bridge.csv,source_url,2,https://www.medicaid.gov/resources-for-states/coronavirus-disease-2019-covid-19/unwinding-and-returning-regular-operations-after-covid-19/state-option-to-delay-procedural-disenrollments,114,full_file,930
insurance_churn_unwinding,data_clean/policy_matrix/state_month_policy_source_bridge.csv,quoted_evidence_text,1,Alabama: total=15; ex parte=2; form support=8; contact update=0; reinstatement=2; other=3,16,full_file,930
insurance_churn_unwinding,data_clean/policy_matrix/state_month_policy_source_bridge.csv,quoted_evidence_text,2,Alaska: total=10; ex parte=1; form support=5; contact update=1; reinstatement=1; other=2,16,full_file,930
insurance_churn_unwinding,data_clean/policy_matrix/state_month_policy_source_bridge.csv,quoted_evidence_text,3,Arizona: total=12; ex parte=2; form support=5; contact update=0; reinstatement=1; other=4,16,full_file,930
insurance_churn_unwinding,data_clean/policy_matrix/state_month_policy_source_bridge.csv,quoted_evidence_text,4,Arkansas: total=14; ex parte=2; form support=6; contact update=1; reinstatement=2; other=3,16,full_file,930
insurance_churn_unwinding,data_clean/policy_matrix/state_month_policy_source_bridge.csv,quoted_evidence_text,5,California: total=17; ex parte=3; form support=7; contact update=1; reinstatement=3; other=3,16,full_file,930
insurance_churn_unwinding,data_clean/policy_matrix/state_month_policy_source_bridge.csv,quoted_evidence_text,6,Colorado: total=15; ex parte=2; form support=7; contact update=1; reinstatement=2; other=3,16,full_file,930
insurance_churn_unwinding,data_clean/policy_matrix/state_month_policy_source_bridge.csv,quoted_evidence_text,7,Connecticut: total=12; ex parte=2; form support=5; contact update=1; reinstatement=1; other=3,16,full_file,930
insurance_churn_unwinding,data_clean/policy_matrix/state_month_policy_source_bridge.csv,quoted_evidence_text,8,Delaware: total=13; ex parte=2; form support=5; contact update=1; reinstatement=2; other=3,16,full_file,930
insurance_churn_unwinding,data_clean/policy_matrix/state_month_policy_source_bridge.csv,quoted_evidence_text,9,District of Columbia: total=13; ex parte=2; form support=6; contact update=1; reinstatement=2; other=2,16,full_file,930
insurance_churn_unwinding,data_clean/policy_matrix/state_month_policy_source_bridge.csv,quoted_evidence_text,10,Florida: total=11; ex parte=1; form support=5; contact update=1; reinstatement=1; other=3,16,full_file,930
insurance_churn_unwinding,data_clean/policy_matrix/state_month_policy_source_bridge.csv,confidence,1,medium,913,full_file,930
insurance_churn_unwinding,data_clean/policy_matrix/state_month_policy_source_bridge.csv,confidence,2,high,17,full_file,930
insurance_churn_unwinding,data_raw/cms/updated-renewal-outcomes-october-2024-releasefinal.csv,State,1,AK,195,full_file,10140
insurance_churn_unwinding,data_raw/cms/updated-renewal-outcomes-october-2024-releasefinal.csv,State,2,AL,195,full_file,10140
insurance_churn_unwinding,data_raw/cms/updated-renewal-outcomes-october-2024-releasefinal.csv,State,3,AR,195,full_file,10140
insurance_churn_unwinding,data_raw/cms/updated-renewal-outcomes-october-2024-releasefinal.csv,State,4,AZ,195,full_file,10140
insurance_churn_unwinding,data_raw/cms/updated-renewal-outcomes-october-2024-releasefinal.csv,State,5,CA,195,full_file,10140
insurance_churn_unwinding,data_raw/cms/updated-renewal-outcomes-october-2024-releasefinal.csv,State,6,CO,195,full_file,10140
insurance_churn_unwinding,data_raw/cms/updated-renewal-outcomes-october-2024-releasefinal.csv,State,7,CT,195,full_file,10140
insurance_churn_unwinding,data_raw/cms/updated-renewal-outcomes-october-2024-releasefinal.csv,State,8,DC,195,full_file,10140
insurance_churn_unwinding,data_raw/cms/updated-renewal-outcomes-october-2024-releasefinal.csv,State,9,DE,195,full_file,10140
insurance_churn_unwinding,data_raw/cms/updated-renewal-outcomes-october-2024-releasefinal.csv,State,10,FL,195,full_file,10140
insurance_churn_unwinding,data_raw/cms/updated-renewal-outcomes-october-2024-releasefinal.csv,Reporting period,1,202403,780,full_file,10140
insurance_churn_unwinding,data_raw/cms/updated-renewal-outcomes-october-2024-releasefinal.csv,Reporting period,2,202402,780,full_file,10140
insurance_churn_unwinding,data_raw/cms/updated-renewal-outcomes-october-2024-releasefinal.csv,Reporting period,3,202401,780,full_file,10140
insurance_churn_unwinding,data_raw/cms/updated-renewal-outcomes-october-2024-releasefinal.csv,Reporting period,4,202312,780,full_file,10140
insurance_churn_unwinding,data_raw/cms/updated-renewal-outcomes-october-2024-releasefinal.csv,Reporting period,5,202311,780,full_file,10140
insurance_churn_unwinding,data_raw/cms/updated-renewal-outcomes-october-2024-releasefinal.csv,Reporting period,6,202310,780,full_file,10140
insurance_churn_unwinding,data_raw/cms/updated-renewal-outcomes-october-2024-releasefinal.csv,Reporting period,7,202309,780,full_file,10140
insurance_churn_unwinding,data_raw/cms/updated-renewal-outcomes-october-2024-releasefinal.csv,Reporting period,8,202308,780,full_file,10140
insurance_churn_unwinding,data_raw/cms/updated-renewal-outcomes-october-2024-releasefinal.csv,Reporting period,9,202307,780,full_file,10140
insurance_churn_unwinding,data_raw/cms/updated-renewal-outcomes-october-2024-releasefinal.csv,Reporting period,10,202306,780,full_file,10140
insurance_churn_unwinding,data_raw/cms/updated-renewal-outcomes-october-2024-releasefinal.csv,Release date,1,202404,4680,full_file,10140
insurance_churn_unwinding,data_raw/cms/updated-renewal-outcomes-october-2024-releasefinal.csv,Release date,2,202405,1560,full_file,10140
insurance_churn_unwinding,data_raw/cms/updated-renewal-outcomes-october-2024-releasefinal.csv,Release date,3,202410,780,full_file,10140
insurance_churn_unwinding,data_raw/cms/updated-renewal-outcomes-october-2024-releasefinal.csv,Release date,4,202408,780,full_file,10140
insurance_churn_unwinding,data_raw/cms/updated-renewal-outcomes-october-2024-releasefinal.csv,Release date,5,202409,780,full_file,10140
insurance_churn_unwinding,data_raw/cms/updated-renewal-outcomes-october-2024-releasefinal.csv,Release date,6,202406,780,full_file,10140
insurance_churn_unwinding,data_raw/cms/updated-renewal-outcomes-october-2024-releasefinal.csv,Release date,7,202407,780,full_file,10140
insurance_churn_unwinding,data_raw/cms/updated-renewal-outcomes-october-2024-releasefinal.csv,Metric name ,1,Total number of beneficiaries due for renewal in the reporting month (Metric 5),676,full_file,10140
insurance_churn_unwinding,data_raw/cms/updated-renewal-outcomes-october-2024-releasefinal.csv,Metric name ,2,Total number of beneficiaries due for renewal in the reporting month whose coverage was renewed  (Metric 5a),676,full_file,10140
insurance_churn_unwinding,data_raw/cms/updated-renewal-outcomes-october-2024-releasefinal.csv,Metric name ,3,Total beneficiaries renewed on an ex parte basis (i.e. based on available information)  (Metric 5a1),676,full_file,10140
insurance_churn_unwinding,data_raw/cms/updated-renewal-outcomes-october-2024-releasefinal.csv,Metric name ,4,Total beneficiaries renewed based on the return of a renewal form (Metric 5a2),676,full_file,10140
insurance_churn_unwinding,data_raw/cms/updated-renewal-outcomes-october-2024-releasefinal.csv,Metric name ,5,Total number of beneficiaries due for renewal in the reporting month whose coverage was terminated (Metric 5b + 5c),676,full_file,10140
insurance_churn_unwinding,data_raw/cms/updated-renewal-outcomes-october-2024-releasefinal.csv,Metric name ,6,Total beneficiaries determined ineligible for Medicaid and CHIP based on the return of a renewal form  (Metric 5b),676,full_file,10140
insurance_churn_unwinding,data_raw/cms/updated-renewal-outcomes-october-2024-releasefinal.csv,Metric name ,7,Total beneficiaries whose coverage was terminated for a procedural or administrative reason  (Metric 5c),676,full_file,10140
insurance_churn_unwinding,data_raw/cms/updated-renewal-outcomes-october-2024-releasefinal.csv,Metric name ,8,Total number of beneficiaries due for renewal in the reporting month whose renewal was pending at the end of the month (Metric 5d),676,full_file,10140
insurance_churn_unwinding,data_raw/cms/updated-renewal-outcomes-october-2024-releasefinal.csv,Metric name ,9,Percent of beneficiaries whose coverage was renewed as a share of total beneficiaries due for renewal in the reporting month (Metric 5a / 5),676,full_file,10140
insurance_churn_unwinding,data_raw/cms/updated-renewal-outcomes-october-2024-releasefinal.csv,Metric name ,10,Percent of beneficiaries renewed on an ex parte basis (i.e. based on available information) as a share of total beneficiaries due for renewal in the reporting month  (Metric 5a1 / 5),676,full_file,10140
insurance_churn_unwinding,data_raw/cms/updated-renewal-outcomes-october-2024-releasefinal.csv,Data Type,1,Updated,10140,full_file,10140
insurance_churn_unwinding,data_raw/cms/updated-renewal-outcomes-october-2024-releasefinal.csv,Value ,1,0,246,full_file,10140
insurance_churn_unwinding,data_raw/cms/updated-renewal-outcomes-october-2024-releasefinal.csv,Value ,2, ,36,full_file,10140
insurance_churn_unwinding,data_raw/cms/updated-renewal-outcomes-october-2024-releasefinal.csv,Value ,3,0.0001,14,full_file,10140
insurance_churn_unwinding,data_raw/cms/updated-renewal-outcomes-october-2024-releasefinal.csv,Value ,4,0.0002,13,full_file,10140
insurance_churn_unwinding,data_raw/cms/updated-renewal-outcomes-october-2024-releasefinal.csv,Value ,5,0.0038,7,full_file,10140
insurance_churn_unwinding,data_raw/cms/updated-renewal-outcomes-october-2024-releasefinal.csv,Value ,6,0.0004,6,full_file,10140
insurance_churn_unwinding,data_raw/cms/updated-renewal-outcomes-october-2024-releasefinal.csv,Value ,7,0.0005,6,full_file,10140
insurance_churn_unwinding,data_raw/cms/updated-renewal-outcomes-october-2024-releasefinal.csv,Value ,8,0.0003,6,full_file,10140
insurance_churn_unwinding,data_raw/cms/updated-renewal-outcomes-october-2024-releasefinal.csv,Value ,9,0.2743,5,full_file,10140
insurance_churn_unwinding,data_raw/cms/updated-renewal-outcomes-october-2024-releasefinal.csv,Value ,10,0.0854,5,full_file,10140
insurance_churn_unwinding,sipp_2023_monthly_insurance_dynamics.csv,MONTHCODE,1,1,1,full_file,12
insurance_churn_unwinding,sipp_2023_monthly_insurance_dynamics.csv,MONTHCODE,2,2,1,full_file,12
insurance_churn_unwinding,sipp_2023_monthly_insurance_dynamics.csv,MONTHCODE,3,3,1,full_file,12
insurance_churn_unwinding,sipp_2023_monthly_insurance_dynamics.csv,MONTHCODE,4,4,1,full_file,12
insurance_churn_unwinding,sipp_2023_monthly_insurance_dynamics.csv,MONTHCODE,5,5,1,full_file,12
insurance_churn_unwinding,sipp_2023_monthly_insurance_dynamics.csv,MONTHCODE,6,6,1,full_file,12
insurance_churn_unwinding,sipp_2023_monthly_insurance_dynamics.csv,MONTHCODE,7,7,1,full_file,12
insurance_churn_unwinding,sipp_2023_monthly_insurance_dynamics.csv,MONTHCODE,8,8,1,full_file,12
insurance_churn_unwinding,sipp_2023_monthly_insurance_dynamics.csv,MONTHCODE,9,9,1,full_file,12
insurance_churn_unwinding,sipp_2023_monthly_insurance_dynamics.csv,MONTHCODE,10,10,1,full_file,12
insurance_churn_unwinding,sipp_2023_monthly_insurance_dynamics.csv,month_name,1,Jan,1,full_file,12
insurance_churn_unwinding,sipp_2023_monthly_insurance_dynamics.csv,month_name,2,Feb,1,full_file,12
insurance_churn_unwinding,sipp_2023_monthly_insurance_dynamics.csv,month_name,3,Mar,1,full_file,12
insurance_churn_unwinding,sipp_2023_monthly_insurance_dynamics.csv,month_name,4,Apr,1,full_file,12
insurance_churn_unwinding,sipp_2023_monthly_insurance_dynamics.csv,month_name,5,May,1,full_file,12
insurance_churn_unwinding,sipp_2023_monthly_insurance_dynamics.csv,month_name,6,Jun,1,full_file,12
insurance_churn_unwinding,sipp_2023_monthly_insurance_dynamics.csv,month_name,7,Jul,1,full_file,12
insurance_churn_unwinding,sipp_2023_monthly_insurance_dynamics.csv,month_name,8,Aug,1,full_file,12
insurance_churn_unwinding,sipp_2023_monthly_insurance_dynamics.csv,month_name,9,Sep,1,full_file,12
insurance_churn_unwinding,sipp_2023_monthly_insurance_dynamics.csv,month_name,10,Oct,1,full_file,12
insurance_churn_unwinding,sipp_2023_monthly_insurance_dynamics.csv,n_person_months,1,36677,1,full_file,12
insurance_churn_unwinding,sipp_2023_monthly_insurance_dynamics.csv,n_person_months,2,36670,1,full_file,12
insurance_churn_unwinding,sipp_2023_monthly_insurance_dynamics.csv,n_person_months,3,36610,1,full_file,12
insurance_churn_unwinding,sipp_2023_monthly_insurance_dynamics.csv,n_person_months,4,36533,1,full_file,12
insurance_churn_unwinding,sipp_2023_monthly_insurance_dynamics.csv,n_person_months,5,36483,1,full_file,12
insurance_churn_unwinding,sipp_2023_monthly_insurance_dynamics.csv,n_person_months,6,36430,1,full_file,12
insurance_churn_unwinding,sipp_2023_monthly_insurance_dynamics.csv,n_person_months,7,36388,1,full_file,12
insurance_churn_unwinding,sipp_2023_monthly_insurance_dynamics.csv,n_person_months,8,36336,1,full_file,12
insurance_churn_unwinding,sipp_2023_monthly_insurance_dynamics.csv,n_person_months,9,36301,1,full_file,12
insurance_churn_unwinding,sipp_2023_monthly_insurance_dynamics.csv,n_person_months,10,36280,1,full_file,12
insurance_churn_unwinding,sipp_2023_monthly_insurance_dynamics.csv,medicaid_rate,1,0.2076233061591733,1,full_file,12
insurance_churn_unwinding,sipp_2023_monthly_insurance_dynamics.csv,medicaid_rate,2,0.2066812107990182,1,full_file,12
insurance_churn_unwinding,sipp_2023_monthly_insurance_dynamics.csv,medicaid_rate,3,0.2060366020213056,1,full_file,12
insurance_churn_unwinding,sipp_2023_monthly_insurance_dynamics.csv,medicaid_rate,4,0.2049106287466126,1,full_file,12
insurance_churn_unwinding,sipp_2023_monthly_insurance_dynamics.csv,medicaid_rate,5,0.2038209577063289,1,full_file,12
insurance_churn_unwinding,sipp_2023_monthly_insurance_dynamics.csv,medicaid_rate,6,0.2027724402964589,1,full_file,12
insurance_churn_unwinding,sipp_2023_monthly_insurance_dynamics.csv,medicaid_rate,7,0.2015499615257777,1,full_file,12
insurance_churn_unwinding,sipp_2023_monthly_insurance_dynamics.csv,medicaid_rate,8,0.2015081461911052,1,full_file,12
insurance_churn_unwinding,sipp_2023_monthly_insurance_dynamics.csv,medicaid_rate,9,0.201123935979725,1,full_file,12
insurance_churn_unwinding,sipp_2023_monthly_insurance_dynamics.csv,medicaid_rate,10,0.2005237045203969,1,full_file,12
insurance_churn_unwinding,sipp_2023_monthly_insurance_dynamics.csv,uninsured_rate,1,0.0883660059437794,1,full_file,12
insurance_churn_unwinding,sipp_2023_monthly_insurance_dynamics.csv,uninsured_rate,2,0.0884101445323152,1,full_file,12
insurance_churn_unwinding,sipp_2023_monthly_insurance_dynamics.csv,uninsured_rate,3,0.0872166074842939,1,full_file,12
insurance_churn_unwinding,sipp_2023_monthly_insurance_dynamics.csv,uninsured_rate,4,0.0874825500232666,1,full_file,12
insurance_churn_unwinding,sipp_2023_monthly_insurance_dynamics.csv,uninsured_rate,5,0.0863415837513362,1,full_file,12
insurance_churn_unwinding,sipp_2023_monthly_insurance_dynamics.csv,uninsured_rate,6,0.0860279989020038,1,full_file,12
insurance_churn_unwinding,sipp_2023_monthly_insurance_dynamics.csv,uninsured_rate,7,0.086154776299879,1,full_file,12
insurance_churn_unwinding,sipp_2023_monthly_insurance_dynamics.csv,uninsured_rate,8,0.0855350066050198,1,full_file,12
insurance_churn_unwinding,sipp_2023_monthly_insurance_dynamics.csv,uninsured_rate,9,0.0854797388501694,1,full_file,12
insurance_churn_unwinding,sipp_2023_monthly_insurance_dynamics.csv,uninsured_rate,10,0.0850606394707828,1,full_file,12
insurance_churn_unwinding,sipp_2023_monthly_insurance_dynamics.csv,private_rate,1,0.645690759876762,1,full_file,12
insurance_churn_unwinding,sipp_2023_monthly_insurance_dynamics.csv,private_rate,2,0.6439050995364057,1,full_file,12
insurance_churn_unwinding,sipp_2023_monthly_insurance_dynamics.csv,private_rate,3,0.6448784485113357,1,full_file,12
insurance_churn_unwinding,sipp_2023_monthly_insurance_dynamics.csv,private_rate,4,0.6447047874524403,1,full_file,12
insurance_churn_unwinding,sipp_2023_monthly_insurance_dynamics.csv,private_rate,5,0.6452046158484773,1,full_file,12
insurance_churn_unwinding,sipp_2023_monthly_insurance_dynamics.csv,private_rate,6,0.6458962393631622,1,full_file,12
insurance_churn_unwinding,sipp_2023_monthly_insurance_dynamics.csv,private_rate,7,0.6462844893921073,1,full_file,12
insurance_churn_unwinding,sipp_2023_monthly_insurance_dynamics.csv,private_rate,8,0.646741523557904,1,full_file,12
insurance_churn_unwinding,sipp_2023_monthly_insurance_dynamics.csv,private_rate,9,0.6467314950001377,1,full_file,12
insurance_churn_unwinding,sipp_2023_monthly_insurance_dynamics.csv,private_rate,10,0.646747519294377,1,full_file,12
insurance_churn_unwinding,sipp_2023_monthly_insurance_dynamics.csv,public_rate,1,0.4467104725032036,1,full_file,12
insurance_churn_unwinding,sipp_2023_monthly_insurance_dynamics.csv,public_rate,2,0.4464685028633761,1,full_file,12
insurance_churn_unwinding,sipp_2023_monthly_insurance_dynamics.csv,public_rate,3,0.4464080852226167,1,full_file,12
insurance_churn_unwinding,sipp_2023_monthly_insurance_dynamics.csv,public_rate,4,0.4462814441737607,1,full_file,12
insurance_churn_unwinding,sipp_2023_monthly_insurance_dynamics.csv,public_rate,5,0.4462900529013513,1,full_file,12
insurance_churn_unwinding,sipp_2023_monthly_insurance_dynamics.csv,public_rate,6,0.4461158385945649,1,full_file,12
insurance_churn_unwinding,sipp_2023_monthly_insurance_dynamics.csv,public_rate,7,0.4459986808838078,1,full_file,12
insurance_churn_unwinding,sipp_2023_monthly_insurance_dynamics.csv,public_rate,8,0.4466369440774989,1,full_file,12
insurance_churn_unwinding,sipp_2023_monthly_insurance_dynamics.csv,public_rate,9,0.4468747417426517,1,full_file,12
insurance_churn_unwinding,sipp_2023_monthly_insurance_dynamics.csv,public_rate,10,0.4471334068357221,1,full_file,12
insurance_churn_unwinding,sipp_2023_monthly_insurance_dynamics.csv,n_lag_medicaid,1,0,1,full_file,12
insurance_churn_unwinding,sipp_2023_monthly_insurance_dynamics.csv,n_lag_medicaid,2,7603,1,full_file,12
insurance_churn_unwinding,sipp_2023_monthly_insurance_dynamics.csv,n_lag_medicaid,3,7555,1,full_file,12
insurance_churn_unwinding,sipp_2023_monthly_insurance_dynamics.csv,n_lag_medicaid,4,7515,1,full_file,12
insurance_churn_unwinding,sipp_2023_monthly_insurance_dynamics.csv,n_lag_medicaid,5,7451,1,full_file,12
insurance_churn_unwinding,sipp_2023_monthly_insurance_dynamics.csv,n_lag_medicaid,6,7418,1,full_file,12
insurance_churn_unwinding,sipp_2023_monthly_insurance_dynamics.csv,n_lag_medicaid,7,7364,1,full_file,12
insurance_churn_unwinding,sipp_2023_monthly_insurance_dynamics.csv,n_lag_medicaid,8,7312,1,full_file,12
insurance_churn_unwinding,sipp_2023_monthly_insurance_dynamics.csv,n_lag_medicaid,9,7306,1,full_file,12
insurance_churn_unwinding,sipp_2023_monthly_insurance_dynamics.csv,n_lag_medicaid,10,7287,1,full_file,12
insurance_churn_unwinding,sipp_2023_monthly_insurance_dynamics.csv,medicaid_exit_rate,1,0.009733000131527,1,full_file,12
insurance_churn_unwinding,sipp_2023_monthly_insurance_dynamics.csv,medicaid_exit_rate,2,0.0064857710125744,1,full_file,12
insurance_churn_unwinding,sipp_2023_monthly_insurance_dynamics.csv,medicaid_exit_rate,3,0.0059880239520958,1,full_file,12
insurance_churn_unwinding,sipp_2023_monthly_insurance_dynamics.csv,medicaid_exit_rate,4,0.0064420883102939,1,full_file,12
insurance_churn_unwinding,sipp_2023_monthly_insurance_dynamics.csv,medicaid_exit_rate,5,0.0072795901860339,1,full_file,12
insurance_churn_unwinding,sipp_2023_monthly_insurance_dynamics.csv,medicaid_exit_rate,6,0.00869092884302,1,full_file,12
insurance_churn_unwinding,sipp_2023_monthly_insurance_dynamics.csv,medicaid_exit_rate,7,0.0041028446389496,1,full_file,12
insurance_churn_unwinding,sipp_2023_monthly_insurance_dynamics.csv,medicaid_exit_rate,8,0.006022447303586,1,full_file,12
insurance_churn_unwinding,sipp_2023_monthly_insurance_dynamics.csv,medicaid_exit_rate,9,0.0060381501303691,1,full_file,12
insurance_churn_unwinding,sipp_2023_monthly_insurance_dynamics.csv,medicaid_exit_rate,10,0.0071615479961437,1,full_file,12
insurance_churn_unwinding,sipp_2023_monthly_insurance_dynamics.csv,exit_to_uninsured_rate,1,0.0027620676048928,1,full_file,12
insurance_churn_unwinding,sipp_2023_monthly_insurance_dynamics.csv,exit_to_uninsured_rate,2,0.0031767041694242,1,full_file,12
insurance_churn_unwinding,sipp_2023_monthly_insurance_dynamics.csv,exit_to_uninsured_rate,3,0.0037258815701929,1,full_file,12
insurance_churn_unwinding,sipp_2023_monthly_insurance_dynamics.csv,exit_to_uninsured_rate,4,0.0018789424238357,1,full_file,12
insurance_churn_unwinding,sipp_2023_monthly_insurance_dynamics.csv,exit_to_uninsured_rate,5,0.0028309517390132,1,full_file,12
insurance_churn_unwinding,sipp_2023_monthly_insurance_dynamics.csv,exit_to_uninsured_rate,6,0.0052960347637153,1,full_file,12
insurance_churn_unwinding,sipp_2023_monthly_insurance_dynamics.csv,exit_to_uninsured_rate,7,0.0013676148796498,1,full_file,12
insurance_churn_unwinding,sipp_2023_monthly_insurance_dynamics.csv,exit_to_uninsured_rate,8,0.0032849712565015,1,full_file,12
insurance_churn_unwinding,sipp_2023_monthly_insurance_dynamics.csv,exit_to_uninsured_rate,9,0.0024701523260601,1,full_file,12
insurance_churn_unwinding,sipp_2023_monthly_insurance_dynamics.csv,exit_to_uninsured_rate,10,0.0034430519212229,1,full_file,12
insurance_churn_unwinding,sipp_2023_monthly_insurance_dynamics.csv,n_lag_nonmedicaid,1,0,1,full_file,12
insurance_churn_unwinding,sipp_2023_monthly_insurance_dynamics.csv,n_lag_nonmedicaid,2,29043,1,full_file,12
insurance_churn_unwinding,sipp_2023_monthly_insurance_dynamics.csv,n_lag_nonmedicaid,3,29034,1,full_file,12
insurance_churn_unwinding,sipp_2023_monthly_insurance_dynamics.csv,n_lag_nonmedicaid,4,29002,1,full_file,12
insurance_churn_unwinding,sipp_2023_monthly_insurance_dynamics.csv,n_lag_nonmedicaid,5,29000,1,full_file,12
insurance_churn_unwinding,sipp_2023_monthly_insurance_dynamics.csv,n_lag_nonmedicaid,6,28993,1,full_file,12
insurance_churn_unwinding,sipp_2023_monthly_insurance_dynamics.csv,n_lag_nonmedicaid,7,29010,1,full_file,12
insurance_churn_unwinding,sipp_2023_monthly_insurance_dynamics.csv,n_lag_nonmedicaid,8,29001,1,full_file,12
insurance_churn_unwinding,sipp_2023_monthly_insurance_dynamics.csv,n_lag_nonmedicaid,9,28975,1,full_file,12
insurance_churn_unwinding,sipp_2023_monthly_insurance_dynamics.csv,n_lag_nonmedicaid,10,28966,1,full_file,12
insurance_churn_unwinding,sipp_2023_monthly_insurance_dynamics.csv,medicaid_gain_rate,1,0.0014116998932617,1,full_file,12
insurance_churn_unwinding,sipp_2023_monthly_insurance_dynamics.csv,medicaid_gain_rate,2,0.0009988289591513,1,full_file,12
insurance_churn_unwinding,sipp_2023_monthly_insurance_dynamics.csv,medicaid_gain_rate,3,0.0004137645679608,1,full_file,12
insurance_churn_unwinding,sipp_2023_monthly_insurance_dynamics.csv,medicaid_gain_rate,4,0.0006551724137931,1,full_file,12
insurance_churn_unwinding,sipp_2023_monthly_insurance_dynamics.csv,medicaid_gain_rate,5,0.0006553305970406,1,full_file,12
insurance_churn_unwinding,sipp_2023_monthly_insurance_dynamics.csv,medicaid_gain_rate,6,0.0010685970355049,1,full_file,12
insurance_churn_unwinding,sipp_2023_monthly_insurance_dynamics.csv,medicaid_gain_rate,7,0.0010344470880314,1,full_file,12
insurance_churn_unwinding,sipp_2023_monthly_insurance_dynamics.csv,medicaid_gain_rate,8,0.0011389128559102,1,full_file,12
insurance_churn_unwinding,sipp_2023_monthly_insurance_dynamics.csv,medicaid_gain_rate,9,0.0008285576192777,1,full_file,12
insurance_churn_unwinding,sipp_2023_monthly_insurance_dynamics.csv,medicaid_gain_rate,10,0.0006905362013603,1,full_file,12
insurance_churn_unwinding,sipp_2023_monthly_insurance_dynamics.csv,delta_medicaid_rate_from_previous_month,1,-0.000942095360155,1,full_file,12
insurance_churn_unwinding,sipp_2023_monthly_insurance_dynamics.csv,delta_medicaid_rate_from_previous_month,2,-0.0006446087777126,1,full_file,12
insurance_churn_unwinding,sipp_2023_monthly_insurance_dynamics.csv,delta_medicaid_rate_from_previous_month,3,-0.001125973274693,1,full_file,12
insurance_churn_unwinding,sipp_2023_monthly_insurance_dynamics.csv,delta_medicaid_rate_from_previous_month,4,-0.0010896710402836,1,full_file,12
insurance_churn_unwinding,sipp_2023_monthly_insurance_dynamics.csv,delta_medicaid_rate_from_previous_month,5,-0.0010485174098699,1,full_file,12
insurance_churn_unwinding,sipp_2023_monthly_insurance_dynamics.csv,delta_medicaid_rate_from_previous_month,6,-0.0012224787706812,1,full_file,12
insurance_churn_unwinding,sipp_2023_monthly_insurance_dynamics.csv,delta_medicaid_rate_from_previous_month,7,-4.181533467248477e-05,1,full_file,12
insurance_churn_unwinding,sipp_2023_monthly_insurance_dynamics.csv,delta_medicaid_rate_from_previous_month,8,-0.0003842102113801,1,full_file,12
insurance_churn_unwinding,sipp_2023_monthly_insurance_dynamics.csv,delta_medicaid_rate_from_previous_month,9,-0.0006002314593281,1,full_file,12
insurance_churn_unwinding,sipp_2023_monthly_insurance_dynamics.csv,delta_medicaid_rate_from_previous_month,10,-0.0008051148829196,1,full_file,12
insurance_churn_unwinding,sipp_2023_monthly_insurance_dynamics.csv,delta_uninsured_rate_from_previous_month,1,4.4138588535760914e-05,1,full_file,12
insurance_churn_unwinding,sipp_2023_monthly_insurance_dynamics.csv,delta_uninsured_rate_from_previous_month,2,-0.0011935370480213,1,full_file,12
insurance_churn_unwinding,sipp_2023_monthly_insurance_dynamics.csv,delta_uninsured_rate_from_previous_month,3,0.0002659425389727,1,full_file,12
insurance_churn_unwinding,sipp_2023_monthly_insurance_dynamics.csv,delta_uninsured_rate_from_previous_month,4,-0.0011409662719303,1,full_file,12
insurance_churn_unwinding,sipp_2023_monthly_insurance_dynamics.csv,delta_uninsured_rate_from_previous_month,5,-0.0003135848493324,1,full_file,12
insurance_churn_unwinding,sipp_2023_monthly_insurance_dynamics.csv,delta_uninsured_rate_from_previous_month,6,0.0001267773978752,1,full_file,12
insurance_churn_unwinding,sipp_2023_monthly_insurance_dynamics.csv,delta_uninsured_rate_from_previous_month,7,-0.0006197696948592,1,full_file,12
insurance_churn_unwinding,sipp_2023_monthly_insurance_dynamics.csv,delta_uninsured_rate_from_previous_month,8,-5.526775485038826e-05,1,full_file,12
insurance_churn_unwinding,sipp_2023_monthly_insurance_dynamics.csv,delta_uninsured_rate_from_previous_month,9,-0.0004190993793866,1,full_file,12
insurance_churn_unwinding,sipp_2023_monthly_insurance_dynamics.csv,delta_uninsured_rate_from_previous_month,10,-0.0008582447237762,1,full_file,12
insurance_churn_unwinding,sipp_state_month_exit_distribution_by_month.csv,MONTHCODE,1,2,1,full_file,11
insurance_churn_unwinding,sipp_state_month_exit_distribution_by_month.csv,MONTHCODE,2,3,1,full_file,11
insurance_churn_unwinding,sipp_state_month_exit_distribution_by_month.csv,MONTHCODE,3,4,1,full_file,11
insurance_churn_unwinding,sipp_state_month_exit_distribution_by_month.csv,MONTHCODE,4,5,1,full_file,11
insurance_churn_unwinding,sipp_state_month_exit_distribution_by_month.csv,MONTHCODE,5,6,1,full_file,11
insurance_churn_unwinding,sipp_state_month_exit_distribution_by_month.csv,MONTHCODE,6,7,1,full_file,11
insurance_churn_unwinding,sipp_state_month_exit_distribution_by_month.csv,MONTHCODE,7,8,1,full_file,11
insurance_churn_unwinding,sipp_state_month_exit_distribution_by_month.csv,MONTHCODE,8,9,1,full_file,11
insurance_churn_unwinding,sipp_state_month_exit_distribution_by_month.csv,MONTHCODE,9,10,1,full_file,11
insurance_churn_unwinding,sipp_state_month_exit_distribution_by_month.csv,MONTHCODE,10,11,1,full_file,11
insurance_churn_unwinding,sipp_state_month_exit_distribution_by_month.csv,number_of_valid_states,1,41,6,full_file,11
insurance_churn_unwinding,sipp_state_month_exit_distribution_by_month.csv,number_of_valid_states,2,40,3,full_file,11
insurance_churn_unwinding,sipp_state_month_exit_distribution_by_month.csv,number_of_valid_states,3,39,2,full_file,11
insurance_churn_unwinding,sipp_state_month_exit_distribution_by_month.csv,mean_exit_rate,1,0.0079041114570008,1,full_file,11
insurance_churn_unwinding,sipp_state_month_exit_distribution_by_month.csv,mean_exit_rate,2,0.0068246342080795,1,full_file,11
insurance_churn_unwinding,sipp_state_month_exit_distribution_by_month.csv,mean_exit_rate,3,0.0052375371287553,1,full_file,11
insurance_churn_unwinding,sipp_state_month_exit_distribution_by_month.csv,mean_exit_rate,4,0.0103859265371098,1,full_file,11
insurance_churn_unwinding,sipp_state_month_exit_distribution_by_month.csv,mean_exit_rate,5,0.0072171161216134,1,full_file,11
insurance_churn_unwinding,sipp_state_month_exit_distribution_by_month.csv,mean_exit_rate,6,0.0138222162714059,1,full_file,11
insurance_churn_unwinding,sipp_state_month_exit_distribution_by_month.csv,mean_exit_rate,7,0.0051451318845173,1,full_file,11
insurance_churn_unwinding,sipp_state_month_exit_distribution_by_month.csv,mean_exit_rate,8,0.0075123131581457,1,full_file,11
insurance_churn_unwinding,sipp_state_month_exit_distribution_by_month.csv,mean_exit_rate,9,0.012647083515451,1,full_file,11
insurance_churn_unwinding,sipp_state_month_exit_distribution_by_month.csv,mean_exit_rate,10,0.0059696074723491,1,full_file,11
insurance_churn_unwinding,sipp_state_month_exit_distribution_by_month.csv,p10_exit_rate,1,0.0,11,full_file,11
insurance_churn_unwinding,sipp_state_month_exit_distribution_by_month.csv,median_exit_rate,1,0.0,5,full_file,11
insurance_churn_unwinding,sipp_state_month_exit_distribution_by_month.csv,median_exit_rate,2,0.0055865921787709,1,full_file,11
insurance_churn_unwinding,sipp_state_month_exit_distribution_by_month.csv,median_exit_rate,3,0.002079002079002,1,full_file,11
insurance_churn_unwinding,sipp_state_month_exit_distribution_by_month.csv,median_exit_rate,4,0.0048543689320388,1,full_file,11
insurance_churn_unwinding,sipp_state_month_exit_distribution_by_month.csv,median_exit_rate,5,0.0027548209366391,1,full_file,11
insurance_churn_unwinding,sipp_state_month_exit_distribution_by_month.csv,median_exit_rate,6,0.0008992805755395,1,full_file,11
insurance_churn_unwinding,sipp_state_month_exit_distribution_by_month.csv,median_exit_rate,7,0.0028288543140028,1,full_file,11
insurance_churn_unwinding,sipp_state_month_exit_distribution_by_month.csv,p90_exit_rate,1,0.0172413793103448,1,full_file,11
insurance_churn_unwinding,sipp_state_month_exit_distribution_by_month.csv,p90_exit_rate,2,0.015267175572519,1,full_file,11
insurance_churn_unwinding,sipp_state_month_exit_distribution_by_month.csv,p90_exit_rate,3,0.0128205128205128,1,full_file,11
insurance_churn_unwinding,sipp_state_month_exit_distribution_by_month.csv,p90_exit_rate,4,0.0186915887850467,1,full_file,11
insurance_churn_unwinding,sipp_state_month_exit_distribution_by_month.csv,p90_exit_rate,5,0.0166666666666666,1,full_file,11
insurance_churn_unwinding,sipp_state_month_exit_distribution_by_month.csv,p90_exit_rate,6,0.037037037037037,1,full_file,11
insurance_churn_unwinding,sipp_state_month_exit_distribution_by_month.csv,p90_exit_rate,7,0.0163290615957007,1,full_file,11
insurance_churn_unwinding,sipp_state_month_exit_distribution_by_month.csv,p90_exit_rate,8,0.0203057119871279,1,full_file,11
insurance_churn_unwinding,sipp_state_month_exit_distribution_by_month.csv,p90_exit_rate,9,0.0182015167930661,1,full_file,11
insurance_churn_unwinding,sipp_state_month_exit_distribution_by_month.csv,p90_exit_rate,10,0.0174844720496894,1,full_file,11
insurance_churn_unwinding,sipp_state_month_exit_distribution_by_month.csv,mean_exit_to_uninsured_rate,1,0.0023862113982078,1,full_file,11
insurance_churn_unwinding,sipp_state_month_exit_distribution_by_month.csv,mean_exit_to_uninsured_rate,2,0.0018214806175251,1,full_file,11
insurance_churn_unwinding,sipp_state_month_exit_distribution_by_month.csv,mean_exit_to_uninsured_rate,3,0.0027441336070037,1,full_file,11
insurance_churn_unwinding,sipp_state_month_exit_distribution_by_month.csv,mean_exit_to_uninsured_rate,4,0.0010906964764281,1,full_file,11
insurance_churn_unwinding,sipp_state_month_exit_distribution_by_month.csv,mean_exit_to_uninsured_rate,5,0.0032406553531213,1,full_file,11
insurance_churn_unwinding,sipp_state_month_exit_distribution_by_month.csv,mean_exit_to_uninsured_rate,6,0.009005944312168,1,full_file,11
insurance_churn_unwinding,sipp_state_month_exit_distribution_by_month.csv,mean_exit_to_uninsured_rate,7,0.0019075957224157,1,full_file,11
insurance_churn_unwinding,sipp_state_month_exit_distribution_by_month.csv,mean_exit_to_uninsured_rate,8,0.004047108844922,1,full_file,11
insurance_churn_unwinding,sipp_state_month_exit_distribution_by_month.csv,mean_exit_to_uninsured_rate,9,0.0043638640439892,1,full_file,11
insurance_churn_unwinding,sipp_state_month_exit_distribution_by_month.csv,mean_exit_to_uninsured_rate,10,0.0027776118130715,1,full_file,11
insurance_churn_unwinding,sipp_state_month_exit_distribution_by_month.csv,p10_exit_to_uninsured_rate,1,0.0,11,full_file,11
insurance_churn_unwinding,sipp_state_month_exit_distribution_by_month.csv,median_exit_to_uninsured_rate,1,0.0,11,full_file,11
insurance_churn_unwinding,sipp_state_month_exit_distribution_by_month.csv,p90_exit_to_uninsured_rate,1,0.00625,1,full_file,11
insurance_churn_unwinding,sipp_state_month_exit_distribution_by_month.csv,p90_exit_to_uninsured_rate,2,0.0057803468208092,1,full_file,11
insurance_churn_unwinding,sipp_state_month_exit_distribution_by_month.csv,p90_exit_to_uninsured_rate,3,0.010204081632653,1,full_file,11
insurance_churn_unwinding,sipp_state_month_exit_distribution_by_month.csv,p90_exit_to_uninsured_rate,4,0.0046728971962616,1,full_file,11
insurance_churn_unwinding,sipp_state_month_exit_distribution_by_month.csv,p90_exit_to_uninsured_rate,5,0.008,1,full_file,11
insurance_churn_unwinding,sipp_state_month_exit_distribution_by_month.csv,p90_exit_to_uninsured_rate,6,0.032,1,full_file,11
insurance_churn_unwinding,sipp_state_month_exit_distribution_by_month.csv,p90_exit_to_uninsured_rate,7,0.0081717740254325,1,full_file,11
insurance_churn_unwinding,sipp_state_month_exit_distribution_by_month.csv,p90_exit_to_uninsured_rate,8,0.0178159959926532,1,full_file,11
insurance_churn_unwinding,sipp_state_month_exit_distribution_by_month.csv,p90_exit_to_uninsured_rate,9,0.0091670713938805,1,full_file,11
insurance_churn_unwinding,sipp_state_month_exit_distribution_by_month.csv,p90_exit_to_uninsured_rate,10,0.0079903512739333,1,full_file,11
insurance_churn_unwinding,sipp_state_month_exit_outcomes.csv,TEHC_ST,1,1,11,full_file,561
insurance_churn_unwinding,sipp_state_month_exit_outcomes.csv,TEHC_ST,2,2,11,full_file,561
insurance_churn_unwinding,sipp_state_month_exit_outcomes.csv,TEHC_ST,3,4,11,full_file,561
insurance_churn_unwinding,sipp_state_month_exit_outcomes.csv,TEHC_ST,4,5,11,full_file,561
insurance_churn_unwinding,sipp_state_month_exit_outcomes.csv,TEHC_ST,5,6,11,full_file,561
insurance_churn_unwinding,sipp_state_month_exit_outcomes.csv,TEHC_ST,6,8,11,full_file,561
insurance_churn_unwinding,sipp_state_month_exit_outcomes.csv,TEHC_ST,7,9,11,full_file,561
insurance_churn_unwinding,sipp_state_month_exit_outcomes.csv,TEHC_ST,8,10,11,full_file,561
insurance_churn_unwinding,sipp_state_month_exit_outcomes.csv,TEHC_ST,9,11,11,full_file,561
insurance_churn_unwinding,sipp_state_month_exit_outcomes.csv,TEHC_ST,10,12,11,full_file,561
insurance_churn_unwinding,sipp_state_month_exit_outcomes.csv,MONTHCODE,1,2,51,full_file,561
insurance_churn_unwinding,sipp_state_month_exit_outcomes.csv,MONTHCODE,2,3,51,full_file,561
insurance_churn_unwinding,sipp_state_month_exit_outcomes.csv,MONTHCODE,3,4,51,full_file,561
insurance_churn_unwinding,sipp_state_month_exit_outcomes.csv,MONTHCODE,4,5,51,full_file,561
insurance_churn_unwinding,sipp_state_month_exit_outcomes.csv,MONTHCODE,5,6,51,full_file,561
insurance_churn_unwinding,sipp_state_month_exit_outcomes.csv,MONTHCODE,6,7,51,full_file,561
insurance_churn_unwinding,sipp_state_month_exit_outcomes.csv,MONTHCODE,7,8,51,full_file,561
insurance_churn_unwinding,sipp_state_month_exit_outcomes.csv,MONTHCODE,8,9,51,full_file,561
insurance_churn_unwinding,sipp_state_month_exit_outcomes.csv,MONTHCODE,9,10,51,full_file,561
insurance_churn_unwinding,sipp_state_month_exit_outcomes.csv,MONTHCODE,10,11,51,full_file,561
insurance_churn_unwinding,sipp_state_month_exit_outcomes.csv,n_lag_medicaid,1,4,21,full_file,561
insurance_churn_unwinding,sipp_state_month_exit_outcomes.csv,n_lag_medicaid,2,10,16,full_file,561
insurance_churn_unwinding,sipp_state_month_exit_outcomes.csv,n_lag_medicaid,3,13,14,full_file,561
insurance_churn_unwinding,sipp_state_month_exit_outcomes.csv,n_lag_medicaid,4,8,12,full_file,561
insurance_churn_unwinding,sipp_state_month_exit_outcomes.csv,n_lag_medicaid,5,3,12,full_file,561
insurance_churn_unwinding,sipp_state_month_exit_outcomes.csv,n_lag_medicaid,6,21,11,full_file,561
insurance_churn_unwinding,sipp_state_month_exit_outcomes.csv,n_lag_medicaid,7,143,10,full_file,561
insurance_churn_unwinding,sipp_state_month_exit_outcomes.csv,n_lag_medicaid,8,52,10,full_file,561
insurance_churn_unwinding,sipp_state_month_exit_outcomes.csv,n_lag_medicaid,9,32,10,full_file,561
insurance_churn_unwinding,sipp_state_month_exit_outcomes.csv,n_lag_medicaid,10,53,10,full_file,561
insurance_churn_unwinding,sipp_state_month_exit_outcomes.csv,medicaid_exit_rate,1,0.0,341,full_file,561
insurance_churn_unwinding,sipp_state_month_exit_outcomes.csv,medicaid_exit_rate,2,0.0074626865671641,3,full_file,561
insurance_churn_unwinding,sipp_state_month_exit_outcomes.csv,medicaid_exit_rate,3,0.0178571428571428,3,full_file,561
insurance_churn_unwinding,sipp_state_month_exit_outcomes.csv,medicaid_exit_rate,4,0.0066225165562913,3,full_file,561
insurance_churn_unwinding,sipp_state_month_exit_outcomes.csv,medicaid_exit_rate,5,0.0063291139240506,3,full_file,561
insurance_churn_unwinding,sipp_state_month_exit_outcomes.csv,medicaid_exit_rate,6,0.0172413793103448,3,full_file,561
insurance_churn_unwinding,sipp_state_month_exit_outcomes.csv,medicaid_exit_rate,7,0.0071428571428571,2,full_file,561
insurance_churn_unwinding,sipp_state_month_exit_outcomes.csv,medicaid_exit_rate,8,0.125,2,full_file,561
insurance_churn_unwinding,sipp_state_month_exit_outcomes.csv,medicaid_exit_rate,9,0.0027472527472527,2,full_file,561
insurance_churn_unwinding,sipp_state_month_exit_outcomes.csv,medicaid_exit_rate,10,0.0075757575757575,2,full_file,561
insurance_churn_unwinding,sipp_state_month_exit_outcomes.csv,exit_to_uninsured_rate,1,0.0,454,full_file,561
insurance_churn_unwinding,sipp_state_month_exit_outcomes.csv,exit_to_uninsured_rate,2,0.008,3,full_file,561
insurance_churn_unwinding,sipp_state_month_exit_outcomes.csv,exit_to_uninsured_rate,3,0.0074626865671641,2,full_file,561
insurance_churn_unwinding,sipp_state_month_exit_outcomes.csv,exit_to_uninsured_rate,4,0.00625,2,full_file,561
insurance_churn_unwinding,sipp_state_month_exit_outcomes.csv,exit_to_uninsured_rate,5,0.0049504950495049,2,full_file,561
insurance_churn_unwinding,sipp_state_month_exit_outcomes.csv,exit_to_uninsured_rate,6,0.0066225165562913,2,full_file,561
insurance_churn_unwinding,sipp_state_month_exit_outcomes.csv,exit_to_uninsured_rate,7,0.0176991150442477,2,full_file,561
insurance_churn_unwinding,sipp_state_month_exit_outcomes.csv,exit_to_uninsured_rate,8,0.0833333333333333,1,full_file,561
insurance_churn_unwinding,sipp_state_month_exit_outcomes.csv,exit_to_uninsured_rate,9,0.0209790209790209,1,full_file,561
insurance_churn_unwinding,sipp_state_month_exit_outcomes.csv,exit_to_uninsured_rate,10,0.0034965034965034,1,full_file,561
insurance_churn_unwinding,sipp_state_month_exit_outcomes.csv,valid_cell_30,1,True,444,full_file,561
insurance_churn_unwinding,sipp_state_month_exit_outcomes.csv,valid_cell_30,2,False,117,full_file,561
insurance_churn_unwinding,sipp_state_month_exit_outcomes.csv,valid_cell_50,1,True,400,full_file,561
insurance_churn_unwinding,sipp_state_month_exit_outcomes.csv,valid_cell_50,2,False,161,full_file,561
