project,dataset_path,variable,dtype,row_count,profile_basis,profile_rows,nonmissing_in_profile,missing_in_profile,unique_in_profile,min,p25,median,p75,max,mean,std,top_value,top_value_count
aca_zero_premium_turnover,data/intermediate/all_metal_plan_county_year_panel.csv,age_40_premium,float64,446800,first_10000_rows,10000,10000,0,5155,200.29,409.78,473.95000000000005,559.805,1257.4,501.533182,134.13983256372023,428.81,150
aca_zero_premium_turnover,data/intermediate/all_metal_plan_county_year_panel.csv,county_fips,int64,446800,first_10000_rows,10000,10000,0,300,1001,5083.0,12033.0,12103.0,13089,9335.7169,3954.8356842583657,12117,180
aca_zero_premium_turnover,data/intermediate/all_metal_plan_county_year_panel.csv,county_name,object,446800,first_10000_rows,10000,10000,0,255,,,,,,,,Clay,181
aca_zero_premium_turnover,data/intermediate/all_metal_plan_county_year_panel.csv,data_quality_notes,object,446800,first_10000_rows,10000,10000,0,1,,,,,,,,PY2021 direct QHP Landscape from official Data.HealthCare.gov dataset jzae-njub.,10000
aca_zero_premium_turnover,data/intermediate/all_metal_plan_county_year_panel.csv,ehb_age_40_premium,float64,446800,first_10000_rows,10000,10000,0,5279,195.983765,407.35,469.7397985,553.85,1257.4,497.60619699789993,134.57889827786087,428.81,150
aca_zero_premium_turnover,data/intermediate/all_metal_plan_county_year_panel.csv,ehb_percent_missing_flag,bool,446800,first_10000_rows,10000,10000,0,1,0.0,0.0,0.0,0.0,0.0,0.0,0.0,False,10000
aca_zero_premium_turnover,data/intermediate/all_metal_plan_county_year_panel.csv,ehb_percent_total_premium,float64,446800,first_10000_rows,10000,10000,0,46,91.95,99.26,100.0,100.0,100.0,99.174902,1.576973409702742,100.0,7054
aca_zero_premium_turnover,data/intermediate/all_metal_plan_county_year_panel.csv,ehb_percent_total_premium_raw,object,446800,first_10000_rows,10000,10000,0,46,,,,,,,,100.00%,7054
aca_zero_premium_turnover,data/intermediate/all_metal_plan_county_year_panel.csv,ehb_premium_component_source,object,446800,first_10000_rows,10000,10000,0,1,,,,,,,,QHP Landscape EHB Percent of Total Premium,10000
aca_zero_premium_turnover,data/intermediate/all_metal_plan_county_year_panel.csv,ehb_share_of_total_premium,float64,446800,first_10000_rows,10000,10000,0,46,0.9195,0.9926,1.0,1.0,1.0,0.99174902,0.01576973409702743,1.0,7054
aca_zero_premium_turnover,data/intermediate/all_metal_plan_county_year_panel.csv,issuer_id,int64,446800,first_10000_rows,10000,10000,0,32,12379,21663.0,40572.0,62141.0,97667,43501.4334,22416.00402806939,21663,1575
aca_zero_premium_turnover,data/intermediate/all_metal_plan_county_year_panel.csv,issuer_id_rate,int64,446800,first_10000_rows,10000,10000,0,32,12379,21663.0,40572.0,62141.0,97667,43501.4334,22416.00402806939,21663,1575
aca_zero_premium_turnover,data/intermediate/all_metal_plan_county_year_panel.csv,issuer_name,object,446800,first_10000_rows,10000,10000,0,30,,,,,,,,Ambetter from Sunshine Health,1575
aca_zero_premium_turnover,data/intermediate/all_metal_plan_county_year_panel.csv,likely_reason_for_difference,float64,446800,first_10000_rows,10000,0,10000,0,,,,,,,,,
aca_zero_premium_turnover,data/intermediate/all_metal_plan_county_year_panel.csv,market_type,object,446800,first_10000_rows,10000,10000,0,1,,,,,,,,Individual,10000
aca_zero_premium_turnover,data/intermediate/all_metal_plan_county_year_panel.csv,metal_filter_used,float64,446800,first_10000_rows,10000,0,10000,0,,,,,,,,,
aca_zero_premium_turnover,data/intermediate/all_metal_plan_county_year_panel.csv,metal_level,object,446800,first_10000_rows,10000,10000,0,6,,,,,,,,Silver,4956
aca_zero_premium_turnover,data/intermediate/all_metal_plan_county_year_panel.csv,non_ehb_age_40_premium,float64,446800,first_10000_rows,10000,10000,0,1091,0.0,0.0,0.0,2.809799999999996,40.08148799999992,3.9269850021000003,7.6585924482459555,0.0,7054
aca_zero_premium_turnover,data/intermediate/all_metal_plan_county_year_panel.csv,plan_id,object,446800,first_10000_rows,10000,10000,0,751,,,,,,,,62141AR0080017,75
aca_zero_premium_turnover,data/intermediate/all_metal_plan_county_year_panel.csv,plan_marketing_name,object,446800,first_10000_rows,10000,10000,0,448,,,,,,,,Ambetter Secure Care 5 (2021) + Vision + Adult Dental,188
aca_zero_premium_turnover,data/intermediate/all_metal_plan_county_year_panel.csv,plan_type,object,446800,first_10000_rows,10000,10000,0,4,,,,,,,,EPO,3546
aca_zero_premium_turnover,data/intermediate/all_metal_plan_county_year_panel.csv,premium_difference,float64,446800,first_10000_rows,10000,10000,0,1,0.0,0.0,0.0,0.0,0.0,0.0,0.0,0.0,10000
aca_zero_premium_turnover,data/intermediate/all_metal_plan_county_year_panel.csv,premium_match_flag,bool,446800,first_10000_rows,10000,10000,0,1,1.0,1.0,1.0,1.0,1.0,1.0,0.0,True,10000
aca_zero_premium_turnover,data/intermediate/all_metal_plan_county_year_panel.csv,premium_pct_difference,float64,446800,first_10000_rows,10000,10000,0,1,0.0,0.0,0.0,0.0,0.0,0.0,0.0,0.0,10000
aca_zero_premium_turnover,data/intermediate/all_metal_plan_county_year_panel.csv,premium_reconciliation_flag,object,446800,first_10000_rows,10000,10000,0,1,,,,,,,,match,10000
aca_zero_premium_turnover,data/intermediate/all_metal_plan_county_year_panel.csv,premium_source,object,446800,first_10000_rows,10000,10000,0,1,,,,,,,,QHP Landscape,10000
aca_zero_premium_turnover,data/intermediate/all_metal_plan_county_year_panel.csv,qhp_landscape_premium,float64,446800,first_10000_rows,10000,10000,0,5155,200.29,409.78,473.95000000000005,559.805,1257.4,501.533182,134.13983256372023,428.81,150
aca_zero_premium_turnover,data/intermediate/all_metal_plan_county_year_panel.csv,rate_puf_age_40_premium,float64,446800,first_10000_rows,10000,10000,0,5155,200.29,409.78,473.95000000000005,559.805,1257.4,501.533182,134.13983256372023,428.81,150
aca_zero_premium_turnover,data/intermediate/all_metal_plan_county_year_panel.csv,rating_area_id,object,446800,first_10000_rows,10000,10000,0,67,,,,,,,,Rating Area 3,934
aca_zero_premium_turnover,data/intermediate/all_metal_plan_county_year_panel.csv,raw_plan_id_columns_used,object,446800,first_10000_rows,10000,10000,0,1,,,,,,,,Plan ID (Standard Component),10000
aca_zero_premium_turnover,data/intermediate/all_metal_plan_county_year_panel.csv,service_area_id,float64,446800,first_10000_rows,10000,0,10000,0,,,,,,,,,
aca_zero_premium_turnover,data/intermediate/all_metal_plan_county_year_panel.csv,source_file,object,446800,first_10000_rows,10000,10000,0,1,,,,,,,,data\raw\qhp_landscape\2021\PY2021_Medi-Indi-Land-08_04_2021.zip,10000
aca_zero_premium_turnover,data/intermediate/all_metal_plan_county_year_panel.csv,standard_component_id,object,446800,first_10000_rows,10000,10000,0,751,,,,,,,,62141AR0080017,75
aca_zero_premium_turnover,data/intermediate/all_metal_plan_county_year_panel.csv,state,object,446800,first_10000_rows,10000,10000,0,7,,,,,,,,FL,5000
aca_zero_premium_turnover,data/intermediate/all_metal_plan_county_year_panel.csv,year,int64,446800,first_10000_rows,10000,10000,0,1,2021,2021.0,2021.0,2021.0,2021,2021.0,0.0,2021,10000
aca_zero_premium_turnover,data/intermediate/bronze_plan_county_year_panel.csv,age_40_premium,float64,159643,first_10000_rows,10000,10000,0,2643,222.88,356.17,400.96,458.21,710.24,413.974427,80.80458477081402,369.51,75
aca_zero_premium_turnover,data/intermediate/bronze_plan_county_year_panel.csv,county_fips,int64,159643,first_10000_rows,10000,10000,0,1126,1001,12127.0,18044.0,21021.5,29049,16872.7218,6155.588015257853,12117,62
aca_zero_premium_turnover,data/intermediate/bronze_plan_county_year_panel.csv,county_name,object,159643,first_10000_rows,10000,10000,0,736,,,,,,,,Clay,114
aca_zero_premium_turnover,data/intermediate/bronze_plan_county_year_panel.csv,data_quality_notes,object,159643,first_10000_rows,10000,10000,0,1,,,,,,,,PY2021 direct QHP Landscape from official Data.HealthCare.gov dataset jzae-njub.,10000
aca_zero_premium_turnover,data/intermediate/bronze_plan_county_year_panel.csv,ehb_age_40_premium,float64,159643,first_10000_rows,10000,10000,0,2708,222.88,351.7,398.65,453.40032,710.24,411.1004299776,81.66758324917191,322.06,75
aca_zero_premium_turnover,data/intermediate/bronze_plan_county_year_panel.csv,ehb_percent_missing_flag,bool,159643,first_10000_rows,10000,10000,0,1,0.0,0.0,0.0,0.0,0.0,0.0,0.0,False,10000
aca_zero_premium_turnover,data/intermediate/bronze_plan_county_year_panel.csv,ehb_percent_total_premium,float64,159643,first_10000_rows,10000,10000,0,50,91.39,99.76,100.0,100.0,100.0,99.26030700000001,1.6201681981356213,100.0,7053
aca_zero_premium_turnover,data/intermediate/bronze_plan_county_year_panel.csv,ehb_percent_total_premium_raw,object,159643,first_10000_rows,10000,10000,0,50,,,,,,,,100.00%,7053
aca_zero_premium_turnover,data/intermediate/bronze_plan_county_year_panel.csv,ehb_premium_component_source,object,159643,first_10000_rows,10000,10000,0,1,,,,,,,,QHP Landscape EHB Percent of Total Premium,10000
aca_zero_premium_turnover,data/intermediate/bronze_plan_county_year_panel.csv,ehb_share_of_total_premium,float64,159643,first_10000_rows,10000,10000,0,50,0.9139,0.9976,1.0,1.0,1.0,0.9926030699999999,0.016201681981356214,1.0,7053
aca_zero_premium_turnover,data/intermediate/bronze_plan_county_year_panel.csv,issuer_id,int64,159643,first_10000_rows,10000,10000,0,77,12379,29698.0,49046.0,70893.0,99723,51392.0206,25438.21792127107,70893,596
aca_zero_premium_turnover,data/intermediate/bronze_plan_county_year_panel.csv,issuer_id_rate,int64,159643,first_10000_rows,10000,10000,0,77,12379,29698.0,49046.0,70893.0,99723,51392.0206,25438.21792127107,70893,596
aca_zero_premium_turnover,data/intermediate/bronze_plan_county_year_panel.csv,issuer_name,object,159643,first_10000_rows,10000,10000,0,58,,,,,,,,Medica,1008
aca_zero_premium_turnover,data/intermediate/bronze_plan_county_year_panel.csv,likely_reason_for_difference,float64,159643,first_10000_rows,10000,0,10000,0,,,,,,,,,
aca_zero_premium_turnover,data/intermediate/bronze_plan_county_year_panel.csv,market_type,object,159643,first_10000_rows,10000,10000,0,1,,,,,,,,Individual,10000
aca_zero_premium_turnover,data/intermediate/bronze_plan_county_year_panel.csv,metal_filter_used,object,159643,first_10000_rows,10000,10000,0,1,,,,,,,,bronze,10000
aca_zero_premium_turnover,data/intermediate/bronze_plan_county_year_panel.csv,metal_level,object,159643,first_10000_rows,10000,10000,0,2,,,,,,,,Expanded Bronze,8172
aca_zero_premium_turnover,data/intermediate/bronze_plan_county_year_panel.csv,non_ehb_age_40_premium,float64,159643,first_10000_rows,10000,10000,0,595,0.0,0.0,0.0,1.0612199999999916,35.03359999999998,2.8739970223999993,6.177794795530782,0.0,7053
aca_zero_premium_turnover,data/intermediate/bronze_plan_county_year_panel.csv,plan_id,object,159643,first_10000_rows,10000,10000,0,550,,,,,,,,70893GA0010015,114
aca_zero_premium_turnover,data/intermediate/bronze_plan_county_year_panel.csv,plan_marketing_name,object,159643,first_10000_rows,10000,10000,0,311,,,,,,,,Ambetter Essential Care 1 (2021),525
aca_zero_premium_turnover,data/intermediate/bronze_plan_county_year_panel.csv,plan_type,object,159643,first_10000_rows,10000,10000,0,4,,,,,,,,HMO,4616
aca_zero_premium_turnover,data/intermediate/bronze_plan_county_year_panel.csv,premium_difference,float64,159643,first_10000_rows,10000,10000,0,1,0.0,0.0,0.0,0.0,0.0,0.0,0.0,0.0,10000
aca_zero_premium_turnover,data/intermediate/bronze_plan_county_year_panel.csv,premium_match_flag,bool,159643,first_10000_rows,10000,10000,0,1,1.0,1.0,1.0,1.0,1.0,1.0,0.0,True,10000
aca_zero_premium_turnover,data/intermediate/bronze_plan_county_year_panel.csv,premium_pct_difference,float64,159643,first_10000_rows,10000,10000,0,1,0.0,0.0,0.0,0.0,0.0,0.0,0.0,0.0,10000
aca_zero_premium_turnover,data/intermediate/bronze_plan_county_year_panel.csv,premium_reconciliation_flag,object,159643,first_10000_rows,10000,10000,0,1,,,,,,,,match,10000
aca_zero_premium_turnover,data/intermediate/bronze_plan_county_year_panel.csv,premium_source,object,159643,first_10000_rows,10000,10000,0,1,,,,,,,,QHP Landscape,10000
aca_zero_premium_turnover,data/intermediate/bronze_plan_county_year_panel.csv,qhp_landscape_premium,float64,159643,first_10000_rows,10000,10000,0,2643,222.88,356.17,400.96,458.21,710.24,413.974427,80.80458477081402,369.51,75
aca_zero_premium_turnover,data/intermediate/bronze_plan_county_year_panel.csv,rate_puf_age_40_premium,float64,159643,first_10000_rows,10000,10000,0,2643,222.88,356.17,400.96,458.21,710.24,413.974427,80.80458477081402,369.51,75
aca_zero_premium_turnover,data/intermediate/bronze_plan_county_year_panel.csv,rating_area_id,object,159643,first_10000_rows,10000,10000,0,67,,,,,,,,Rating Area 3,1082
aca_zero_premium_turnover,data/intermediate/bronze_plan_county_year_panel.csv,raw_plan_id_columns_used,object,159643,first_10000_rows,10000,10000,0,1,,,,,,,,Plan ID (Standard Component),10000
aca_zero_premium_turnover,data/intermediate/bronze_plan_county_year_panel.csv,service_area_id,float64,159643,first_10000_rows,10000,0,10000,0,,,,,,,,,
aca_zero_premium_turnover,data/intermediate/bronze_plan_county_year_panel.csv,source_file,object,159643,first_10000_rows,10000,10000,0,1,,,,,,,,data\raw\qhp_landscape\2021\PY2021_Medi-Indi-Land-08_04_2021.zip,10000
aca_zero_premium_turnover,data/intermediate/bronze_plan_county_year_panel.csv,standard_component_id,object,159643,first_10000_rows,10000,10000,0,550,,,,,,,,70893GA0010015,114
aca_zero_premium_turnover,data/intermediate/bronze_plan_county_year_panel.csv,state,object,159643,first_10000_rows,10000,10000,0,17,,,,,,,,FL,1685
aca_zero_premium_turnover,data/intermediate/bronze_plan_county_year_panel.csv,year,int64,159643,first_10000_rows,10000,10000,0,1,2021,2021.0,2021.0,2021.0,2021,2021.0,0.0,2021,10000
aca_zero_premium_turnover,data/intermediate/crosswalk_transition_2021_2022.csv,transition,object,30722,full_file,30722,30722,0,1,,,,,,,,2021_to_2022,30722
aca_zero_premium_turnover,data/intermediate/crosswalk_transition_2021_2022.csv,previous_year,int64,30722,full_file,30722,30722,0,1,2021,2021.0,2021.0,2021.0,2021,2021.0,0.0,2021,30722
aca_zero_premium_turnover,data/intermediate/crosswalk_transition_2021_2022.csv,current_year,int64,30722,full_file,30722,30722,0,1,2022,2022.0,2022.0,2022.0,2022,2022.0,0.0,2022,30722
aca_zero_premium_turnover,data/intermediate/crosswalk_transition_2021_2022.csv,state,object,30722,full_file,30722,30722,0,33,,,,,,,,TX,3823
aca_zero_premium_turnover,data/intermediate/crosswalk_transition_2021_2022.csv,county_fips,int64,30722,full_file,30722,30722,0,2449,1001,18041.0,30027.0,47084.5,56045,31143.618742269384,15424.411298844809,12117,70
aca_zero_premium_turnover,data/intermediate/crosswalk_transition_2021_2022.csv,zip_code,int64,30722,full_file,30722,30722,0,1,0,0.0,0.0,0.0,0,0.0,0.0,0,30722
aca_zero_premium_turnover,data/intermediate/crosswalk_transition_2021_2022.csv,previous_plan_id,object,30722,full_file,30722,30722,0,1323,,,,,,,,33602TX0770181,177
aca_zero_premium_turnover,data/intermediate/crosswalk_transition_2021_2022.csv,previous_issuer_id,int64,30722,full_file,30722,30722,0,171,10091,29418.0,52664.0,76179.0,99969,53212.64976238526,26052.464021863198,29418,2622
aca_zero_premium_turnover,data/intermediate/crosswalk_transition_2021_2022.csv,previous_plan_id_raw,object,30722,full_file,30722,30722,0,1323,,,,,,,,33602TX0770181,177
aca_zero_premium_turnover,data/intermediate/crosswalk_transition_2021_2022.csv,previous_metal_level,object,30722,full_file,30722,30722,0,1,,,,,,,,Silver,30722
aca_zero_premium_turnover,data/intermediate/crosswalk_transition_2021_2022.csv,current_plan_id,object,30722,full_file,30722,30722,0,1134,,,,,,,,76179IN0130011,276
aca_zero_premium_turnover,data/intermediate/crosswalk_transition_2021_2022.csv,current_issuer_id,int64,30722,full_file,30722,30722,0,171,10091,29418.0,49046.0,75841.0,99969,51893.32930798776,25718.461941585458,29418,2622
aca_zero_premium_turnover,data/intermediate/crosswalk_transition_2021_2022.csv,current_plan_id_raw,object,30722,full_file,30722,30722,0,1134,,,,,,,,76179IN0130011,276
aca_zero_premium_turnover,data/intermediate/crosswalk_transition_2021_2022.csv,current_metal_level,object,30722,full_file,30722,30722,0,1,,,,,,,,Silver,30722
aca_zero_premium_turnover,data/intermediate/crosswalk_transition_2021_2022.csv,crosswalk_level,int64,30722,full_file,30722,30722,0,3,0,0.0,0.0,1.0,2,0.4759455764598659,0.7044831208734393,0,19892
aca_zero_premium_turnover,data/intermediate/crosswalk_transition_2021_2022.csv,crosswalk_level_num,int64,30722,full_file,30722,30722,0,3,0,0.0,0.0,1.0,2,0.4759455764598659,0.7044831208734393,0,19892
aca_zero_premium_turnover,data/intermediate/crosswalk_transition_2021_2022.csv,crosswalk_reason_or_type,int64,30722,full_file,30722,30722,0,6,0,0.0,0.0,2.0,8,0.7201028578868564,1.3837817298084751,0,21544
aca_zero_premium_turnover,data/intermediate/crosswalk_transition_2021_2022.csv,same_issuer_flag,bool,30722,full_file,30722,30722,0,2,0.0,1.0,1.0,1.0,1.0,0.9619165418918039,0.191400890206644,True,29552
aca_zero_premium_turnover,data/intermediate/crosswalk_transition_2021_2022.csv,across_issuer_flag,bool,30722,full_file,30722,30722,0,2,0.0,0.0,0.0,0.0,1.0,0.03808345810819608,0.191400890206644,False,29552
aca_zero_premium_turnover,data/intermediate/crosswalk_transition_2021_2022.csv,crosswalk_source_file,object,30722,full_file,30722,30722,0,1,,,,,,,,data\raw\exchange_puf\2022\plan-id-crosswalk-puf.zip,30722
aca_zero_premium_turnover,data/intermediate/crosswalk_transition_2021_2022.csv,mapping_quality_flag,object,30722,full_file,30722,30722,0,1,,,,,,,,mapped,30722
aca_zero_premium_turnover,data/intermediate/crosswalk_transition_2021_2022.csv,crosswalk_duplicate_candidate_count,int64,30722,full_file,30722,30722,0,1,1,1.0,1.0,1.0,1,1.0,0.0,1,30722
aca_zero_premium_turnover,data/intermediate/crosswalk_transition_2022_2023.csv,transition,object,43504,full_file,43504,43504,0,1,,,,,,,,2022_to_2023,43504
aca_zero_premium_turnover,data/intermediate/crosswalk_transition_2022_2023.csv,previous_year,int64,43504,full_file,43504,43504,0,1,2022,2022.0,2022.0,2022.0,2022,2022.0,0.0,2022,43504
aca_zero_premium_turnover,data/intermediate/crosswalk_transition_2022_2023.csv,current_year,int64,43504,full_file,43504,43504,0,1,2023,2023.0,2023.0,2023.0,2023,2023.0,0.0,2023,43504
aca_zero_premium_turnover,data/intermediate/crosswalk_transition_2022_2023.csv,state,object,43504,full_file,43504,43504,0,33,,,,,,,,GA,5301
aca_zero_premium_turnover,data/intermediate/crosswalk_transition_2022_2023.csv,county_fips,int64,43504,full_file,43504,43504,0,2449,1001,17121.0,31017.0,47021.0,56045,30835.442465060685,15015.523039834636,12086,100
aca_zero_premium_turnover,data/intermediate/crosswalk_transition_2022_2023.csv,zip_code,int64,43504,full_file,43504,43504,0,2,0,0.0,0.0,0.0,48888,1.1237587348289813,234.38924256099983,0,43503
aca_zero_premium_turnover,data/intermediate/crosswalk_transition_2022_2023.csv,previous_plan_id,object,43504,full_file,43504,43504,0,1938,,,,,,,,33602TX0770312,177
aca_zero_premium_turnover,data/intermediate/crosswalk_transition_2022_2023.csv,previous_issuer_id,int64,43504,full_file,43504,43504,0,213,10091,29418.0,54192.0,76179.0,99969,53943.6805581096,26318.975908324555,29418,2755
aca_zero_premium_turnover,data/intermediate/crosswalk_transition_2022_2023.csv,previous_plan_id_raw,object,43504,full_file,43504,43504,0,1938,,,,,,,,33602TX0770312,177
aca_zero_premium_turnover,data/intermediate/crosswalk_transition_2022_2023.csv,previous_metal_level,object,43504,full_file,43504,43504,0,1,,,,,,,,Silver,43504
aca_zero_premium_turnover,data/intermediate/crosswalk_transition_2022_2023.csv,current_plan_id,object,43504,full_file,43504,43504,0,1433,,,,,,,,29418TX0160038,1043
aca_zero_premium_turnover,data/intermediate/crosswalk_transition_2022_2023.csv,current_issuer_id,int64,43504,full_file,43504,43504,0,205,10091,29418.0,54172.0,75293.0,99969,53165.72014067672,25794.286642202922,29418,2787
aca_zero_premium_turnover,data/intermediate/crosswalk_transition_2022_2023.csv,current_plan_id_raw,object,43504,full_file,43504,43504,0,1433,,,,,,,,29418TX0160038,1043
aca_zero_premium_turnover,data/intermediate/crosswalk_transition_2022_2023.csv,current_metal_level,object,43504,full_file,43504,43504,0,1,,,,,,,,Silver,43504
aca_zero_premium_turnover,data/intermediate/crosswalk_transition_2022_2023.csv,crosswalk_level,int64,43504,full_file,43504,43504,0,4,0,0.0,0.0,1.0,3,0.5852105553512321,0.7183086227098519,0,23981
aca_zero_premium_turnover,data/intermediate/crosswalk_transition_2022_2023.csv,crosswalk_level_num,int64,43504,full_file,43504,43504,0,4,0,0.0,0.0,1.0,3,0.5852105553512321,0.7183086227098519,0,23981
aca_zero_premium_turnover,data/intermediate/crosswalk_transition_2022_2023.csv,crosswalk_reason_or_type,int64,43504,full_file,43504,43504,0,7,0,0.0,0.0,2.0,8,1.2910077234277308,2.1437750295165534,0,25256
aca_zero_premium_turnover,data/intermediate/crosswalk_transition_2022_2023.csv,same_issuer_flag,bool,43504,full_file,43504,43504,0,2,0.0,1.0,1.0,1.0,1.0,0.940350312614932,0.23683937922805087,True,40909
aca_zero_premium_turnover,data/intermediate/crosswalk_transition_2022_2023.csv,across_issuer_flag,bool,43504,full_file,43504,43504,0,2,0.0,0.0,0.0,0.0,1.0,0.05964968738506804,0.23683937922805087,False,40909
aca_zero_premium_turnover,data/intermediate/crosswalk_transition_2022_2023.csv,crosswalk_source_file,object,43504,full_file,43504,43504,0,1,,,,,,,,data\raw\exchange_puf\2023\plan-id-crosswalk-puf.zip,43504
aca_zero_premium_turnover,data/intermediate/crosswalk_transition_2022_2023.csv,mapping_quality_flag,object,43504,full_file,43504,43504,0,1,,,,,,,,mapped,43504
aca_zero_premium_turnover,data/intermediate/crosswalk_transition_2022_2023.csv,crosswalk_duplicate_candidate_count,int64,43504,full_file,43504,43504,0,2,1,1.0,1.0,1.0,11,1.0002298639205591,0.047944125871584004,1,43503
aca_zero_premium_turnover,data/intermediate/crosswalk_transition_2023_2024.csv,transition,object,47423,full_file,47423,47423,0,1,,,,,,,,2023_to_2024,47423
aca_zero_premium_turnover,data/intermediate/crosswalk_transition_2023_2024.csv,previous_year,int64,47423,full_file,47423,47423,0,1,2023,2023.0,2023.0,2023.0,2023,2023.0,0.0,2023,47423
aca_zero_premium_turnover,data/intermediate/crosswalk_transition_2023_2024.csv,current_year,int64,47423,full_file,47423,47423,0,1,2024,2024.0,2024.0,2024.0,2024,2024.0,0.0,2024,47423
aca_zero_premium_turnover,data/intermediate/crosswalk_transition_2023_2024.csv,state,object,47423,full_file,47423,47423,0,33,,,,,,,,GA,5437
aca_zero_premium_turnover,data/intermediate/crosswalk_transition_2023_2024.csv,county_fips,int64,47423,full_file,47423,47423,0,2449,1001,17134.0,30099.0,47017.0,56045,30740.325053244207,15224.244461480921,12117,96
aca_zero_premium_turnover,data/intermediate/crosswalk_transition_2023_2024.csv,zip_code,int64,47423,full_file,47423,47423,0,6,0,0.0,0.0,0.0,49070,11.27364359066276,740.1624181579392,0,47412
aca_zero_premium_turnover,data/intermediate/crosswalk_transition_2023_2024.csv,previous_plan_id,object,47423,full_file,47423,47423,0,2134,,,,,,,,87226TX0050005,149
aca_zero_premium_turnover,data/intermediate/crosswalk_transition_2023_2024.csv,previous_issuer_id,int64,47423,full_file,47423,47423,0,216,10091,29678.0,49046.0,75293.0,99969,52473.4980916433,26383.948331196396,70893,1858
aca_zero_premium_turnover,data/intermediate/crosswalk_transition_2023_2024.csv,previous_plan_id_raw,object,47423,full_file,47423,47423,0,2134,,,,,,,,87226TX0050005,149
aca_zero_premium_turnover,data/intermediate/crosswalk_transition_2023_2024.csv,previous_metal_level,object,47423,full_file,47423,47423,0,1,,,,,,,,Silver,47423
aca_zero_premium_turnover,data/intermediate/crosswalk_transition_2023_2024.csv,current_plan_id,object,47423,full_file,47423,47423,0,1520,,,,,,,,00000XX0000000,1618
aca_zero_premium_turnover,data/intermediate/crosswalk_transition_2023_2024.csv,current_issuer_id,int64,47423,full_file,47423,47423,0,200,0,29418.0,47840.0,73943.0,99969,50667.984690972735,27533.017961609843,70893,1858
aca_zero_premium_turnover,data/intermediate/crosswalk_transition_2023_2024.csv,current_plan_id_raw,object,47423,full_file,47423,47423,0,1520,,,,,,,,00000XX0000000,1618
aca_zero_premium_turnover,data/intermediate/crosswalk_transition_2023_2024.csv,current_metal_level,object,47423,full_file,47423,47423,0,2,,,,,,,,Silver,45805
aca_zero_premium_turnover,data/intermediate/crosswalk_transition_2023_2024.csv,crosswalk_level,int64,47423,full_file,47423,47423,0,4,0,0.0,0.0,1.0,3,0.44910697340952704,0.663853096513575,0,30604
aca_zero_premium_turnover,data/intermediate/crosswalk_transition_2023_2024.csv,crosswalk_level_num,int64,47423,full_file,47423,47423,0,4,0,0.0,0.0,1.0,3,0.44910697340952704,0.663853096513575,0,30604
aca_zero_premium_turnover,data/intermediate/crosswalk_transition_2023_2024.csv,crosswalk_reason_or_type,int64,47423,full_file,47423,47423,0,8,0,0.0,0.0,2.0,10,1.189022204415579,2.3544268914295383,0,31672
aca_zero_premium_turnover,data/intermediate/crosswalk_transition_2023_2024.csv,same_issuer_flag,bool,47423,full_file,47423,47423,0,2,0.0,1.0,1.0,1.0,1.0,0.9430866878940598,0.23167934489841624,True,44724
aca_zero_premium_turnover,data/intermediate/crosswalk_transition_2023_2024.csv,across_issuer_flag,bool,47423,full_file,47423,47423,0,2,0.0,0.0,0.0,0.0,1.0,0.05691331210594015,0.23167934489841624,False,44724
aca_zero_premium_turnover,data/intermediate/crosswalk_transition_2023_2024.csv,crosswalk_source_file,object,47423,full_file,47423,47423,0,1,,,,,,,,data\raw\exchange_puf\2024\plan-id-crosswalk-puf.zip,47423
aca_zero_premium_turnover,data/intermediate/crosswalk_transition_2023_2024.csv,mapping_quality_flag,object,47423,full_file,47423,47423,0,2,,,,,,,,mapped,45805
aca_zero_premium_turnover,data/intermediate/crosswalk_transition_2023_2024.csv,crosswalk_duplicate_candidate_count,int64,47423,full_file,47423,47423,0,6,1,1.0,1.0,1.0,27,1.002783459502773,0.2265361798605911,1,47412
aca_zero_premium_turnover,data/intermediate/market_controls_county_year.csv,year,int64,9831,full_file,9831,9831,0,4,2021,2021.0,2022.0,2023.0,2024,2022.4540738480318,1.1187395875444828,2021,2617
aca_zero_premium_turnover,data/intermediate/market_controls_county_year.csv,state,object,9831,full_file,9831,9831,0,36,,,,,,,,TX,1016
aca_zero_premium_turnover,data/intermediate/market_controls_county_year.csv,county_fips,int64,9831,full_file,9831,9831,0,2619,1001,18183.0,30065.0,47027.0,56045,31116.1953005798,15344.036488009719,56045,4
aca_zero_premium_turnover,data/intermediate/market_controls_county_year.csv,has_two_silver_plans,bool,9831,full_file,9831,9831,0,1,1.0,1.0,1.0,1.0,1.0,1.0,0.0,True,9831
aca_zero_premium_turnover,data/intermediate/market_controls_county_year.csv,lowest_silver_premium,float64,9831,full_file,9831,9831,0,1899,287.63,434.58,485.81,556.68,988.67,505.0545315837656,108.04408945710189,520.12,147
aca_zero_premium_turnover,data/intermediate/market_controls_county_year.csv,lowest_silver_ehb_premium,float64,9831,full_file,9831,9831,0,1915,287.63,434.315,485.81,556.545,982.441379,504.851975519581,107.8226982890262,520.12,147
aca_zero_premium_turnover,data/intermediate/market_controls_county_year.csv,lowest_silver_non_ehb_premium,float64,9831,full_file,9831,9831,0,198,0.0,0.0,0.0,0.0,11.669241,0.2025560641847225,0.8960072546791008,0.0,8816
aca_zero_premium_turnover,data/intermediate/market_controls_county_year.csv,second_lowest_silver_premium,float64,9831,full_file,9831,9831,0,2011,287.72,442.425,499.89,576.56,1010.27,519.0309225918014,112.65907595091099,555.97,82
aca_zero_premium_turnover,data/intermediate/market_controls_county_year.csv,second_lowest_silver_ehb_premium,float64,9831,full_file,9831,9831,0,2030,287.72,441.270655,499.26,576.56,1004.0063259999998,518.299749014851,112.31418592574286,555.97,82
aca_zero_premium_turnover,data/intermediate/market_controls_county_year.csv,second_lowest_silver_non_ehb_premium,float64,9831,full_file,9831,9831,0,313,0.0,0.0,0.0,0.0,29.275169999999942,0.7311735769504645,3.063154012396371,0.0,8372
aca_zero_premium_turnover,data/intermediate/market_controls_county_year.csv,number_of_plans_tied_lowest,int64,9831,full_file,9831,9831,0,2,1,1.0,1.0,1.0,2,1.0123080052893907,0.11026221007442587,1,9710
aca_zero_premium_turnover,data/intermediate/market_controls_county_year.csv,number_of_plans_tied_second_lowest,int64,9831,full_file,9831,9831,0,2,1,1.0,1.0,1.0,2,1.0014240667276981,0.03771184727380603,1,9817
aca_zero_premium_turnover,data/intermediate/market_controls_county_year.csv,tie_flag,bool,9831,full_file,9831,9831,0,2,0.0,0.0,0.0,0.0,1.0,0.0137320720170888,0.11638247285376688,False,9696
aca_zero_premium_turnover,data/intermediate/market_controls_county_year.csv,number_of_silver_plans,int64,9831,full_file,9831,9831,0,84,2,8.0,15.0,24.0,100,17.27179330688638,11.873364397866208,6,644
aca_zero_premium_turnover,data/intermediate/market_controls_county_year.csv,number_of_insurers,int64,9831,full_file,9831,9831,0,12,1,2.0,3.0,4.0,12,3.367307496694131,1.6150567180084674,2,2945
aca_zero_premium_turnover,data/intermediate/market_controls_county_year.csv,min_silver_premium_all_plans,float64,9831,full_file,9831,9831,0,1899,287.63,434.58,485.81,556.68,988.67,505.0545315837656,108.04408945710189,520.12,147
aca_zero_premium_turnover,data/intermediate/market_controls_county_year.csv,max_silver_premium_all_plans,float64,9831,full_file,9831,9831,0,1602,363.05,572.28,652.17,760.5,1367.49,681.7489787407183,155.39294569613097,597.94,83
aca_zero_premium_turnover,data/intermediate/market_controls_county_year.csv,premium_spread_among_silver_plans,float64,9831,full_file,9831,9831,0,1591,0.0,2.1399999999999864,6.509999999999991,16.02000000000004,213.24,13.976391008035808,22.008877951474624,0.0,121
aca_zero_premium_turnover,data/intermediate/market_controls_county_year.csv,fewer_than_two_silver_plans,bool,9831,full_file,9831,9831,0,1,0.0,0.0,0.0,0.0,0.0,0.0,0.0,False,9831
aca_zero_premium_turnover,data/intermediate/market_controls_county_year.csv,lowest_bronze_premium,float64,9831,full_file,9831,9831,0,1831,217.51,330.23,372.98,417.975,718.27,384.065424677042,79.19503491236877,376.58,150
aca_zero_premium_turnover,data/intermediate/market_controls_county_year.csv,number_of_bronze_plans,int64,9831,full_file,9831,9831,0,75,2,9.0,14.0,21.0,97,16.229274743159394,10.601019235096258,7,950
aca_zero_premium_turnover,data/intermediate/market_controls_county_year.csv,number_of_bronze_insurers,int64,9831,full_file,9831,9831,0,12,1,2.0,3.0,4.0,12,3.1697690977520088,1.478074941138905,2,3173
aca_zero_premium_turnover,data/intermediate/market_controls_county_year.csv,bronze_spread,float64,9831,full_file,9831,9831,0,2162,-78.10000000000002,96.40999999999995,129.83000000000004,165.07500000000002,428.48,134.96549791475945,56.41406959919122,179.39000000000004,82
aca_zero_premium_turnover,data/intermediate/market_controls_county_year.csv,market_control_measure_type,object,9831,full_file,9831,9831,0,1,,,,,,,,age_40_premium_county_year_market_controls,9831
aca_zero_premium_turnover,data/intermediate/market_controls_county_year.csv,market_control_limitations,object,9831,full_file,9831,9831,0,1,,,,,,,,Number of insurers is based on silver plan issuers in the constructed county-plan panel; bronze spread is SLCSP minus lowest bronze premium.,9831
aca_zero_premium_turnover,data/intermediate/oep_2021_county_enrollment_weights.csv,state,object,2616,full_file,2616,2616,0,36,,,,,,,,TX,254
aca_zero_premium_turnover,data/intermediate/oep_2021_county_enrollment_weights.csv,county_fips,int64,2616,full_file,2616,2616,0,2616,1001,19082.5,30022.0,47013.5,56045,31042.79013761468,15164.327359575473,1001,1
aca_zero_premium_turnover,data/intermediate/oep_2021_county_enrollment_weights.csv,enrollment_2021_weight,float64,2616,full_file,2616,2614,2,1632,12.0,301.0,666.0,1724.25,509218.0,3156.7314460596785,15502.008162660455,147.0,8
aca_zero_premium_turnover,data/intermediate/oep_2021_county_enrollment_weights.csv,enrollment_2021_weight_raw,object,2616,full_file,2616,2616,0,1633,12.0,201.0,367.0,598.0,999.0,413.4203782794387,255.12283828100382,147,8
aca_zero_premium_turnover,data/intermediate/oep_2021_county_enrollment_weights.csv,enrollment_2021_weight_suppressed_flag,bool,2616,full_file,2616,2616,0,2,0.0,0.0,0.0,0.0,1.0,0.0007645259938837921,0.0276447758559741,False,2614
aca_zero_premium_turnover,data/intermediate/oep_2021_county_enrollment_weights.csv,enrollment_2021_weight_source,object,2616,full_file,2616,2616,0,1,,,,,,,,data\raw\oep_puf\2021\2021-oep-county-level-public-use-file.zip,2616
aca_zero_premium_turnover,data/intermediate/oep_county_outcomes_2022_2024.csv,year,int64,7211,full_file,7211,7211,0,3,2022,2022.0,2023.0,2024.0,2024,2022.981555956178,0.8125700176528208,2022,2448
aca_zero_premium_turnover,data/intermediate/oep_county_outcomes_2022_2024.csv,State_Abrvtn,object,7211,full_file,7211,7211,0,33,,,,,,,,TX,762
aca_zero_premium_turnover,data/intermediate/oep_county_outcomes_2022_2024.csv,County_FIPS_Cd,int64,7211,full_file,7211,7211,0,2448,1001,18158.0,30079.0,47031.0,56045,31151.76216890861,15409.21808470006,56045,3
aca_zero_premium_turnover,data/intermediate/oep_county_outcomes_2022_2024.csv,Cnsmr,float64,7211,full_file,7211,7203,8,3727,11.0,459.0,1050.0,2846.0,949577.0,5389.743162571151,26916.60584700612,208.0,11
aca_zero_premium_turnover,data/intermediate/oep_county_outcomes_2022_2024.csv,New_Cnsmr,float64,7211,full_file,7211,7116,95,2031,0.0,99.0,251.0,692.0,208477.0,1350.0147554806072,6644.280375809054,48.0,33
aca_zero_premium_turnover,data/intermediate/oep_county_outcomes_2022_2024.csv,Tot_Renrl,float64,7211,full_file,7211,7116,95,3348,11.0,370.0,821.0,2216.5,741100.0,4104.827852726251,20526.512803893937,222.0,16
aca_zero_premium_turnover,data/intermediate/oep_county_outcomes_2022_2024.csv,Auto_Renrl,float64,7211,full_file,7211,7076,135,2053,11.0,120.0,271.0,712.0,127363.0,1182.3470887507067,4523.161045009159,58.0,29
aca_zero_premium_turnover,data/intermediate/oep_county_outcomes_2022_2024.csv,Actv_Renrl,float64,7211,full_file,7211,7076,135,2812,12.0,249.75,558.0,1507.25,625580.0,2945.278123233465,16374.939439828255,108.0,21
aca_zero_premium_turnover,data/intermediate/oep_county_outcomes_2022_2024.csv,Actv_Renrl_Nsw,float64,7211,full_file,7211,7019,192,2065,11.0,133.0,287.0,758.5,301830.0,1300.7976919789144,6235.109129155845,95.0,25
aca_zero_premium_turnover,data/intermediate/oep_county_outcomes_2022_2024.csv,Actv_Renrl_Sw,float64,7211,full_file,7211,7019,192,2071,11.0,98.0,252.0,728.0,368524.0,1667.9665194472148,10641.38994224827,45.0,36
aca_zero_premium_turnover,data/intermediate/oep_county_outcomes_2022_2024.csv,Avg_Prm,float64,7211,full_file,7211,7203,8,768,349.0,596.0,666.0,759.0,1530.0,692.4181591003749,146.09285301810613,637.0,41
aca_zero_premium_turnover,data/intermediate/oep_county_outcomes_2022_2024.csv,Avg_Prm_Aftr_APTC,float64,7211,full_file,7211,7203,8,286,9.0,75.0,109.0,147.0,422.0,114.46966541718729,53.02993883577543,131.0,68
aca_zero_premium_turnover,data/intermediate/oep_county_outcomes_2022_2024.csv,APTC_Cnsmr_Avg_APTC,float64,7211,full_file,7211,6238,973,686,296.0,505.0,580.0,673.75,1427.0,599.422411029176,132.79716869941328,554.0,31
aca_zero_premium_turnover,data/intermediate/oep_county_outcomes_2022_2024.csv,APTC_Cnsmr,float64,7211,full_file,7211,6238,973,3565,27.0,580.0,1232.0,3163.75,934017.0,5773.12712407823,27798.121167964673,576.0,11
aca_zero_premium_turnover,data/intermediate/oep_county_outcomes_2022_2024.csv,FPL_LT100,float64,7211,full_file,7211,3293,3918,489,0.0,11.0,25.0,72.0,28873.0,158.80595201943515,911.7494941251498,0.0,779
aca_zero_premium_turnover,data/intermediate/oep_county_outcomes_2022_2024.csv,FPL_100_138,float64,7211,full_file,7211,6096,1115,2034,0.0,56.0,224.0,855.5,564034.0,2271.4352034120734,15502.814029540603,12.0,83
aca_zero_premium_turnover,data/intermediate/oep_county_outcomes_2022_2024.csv,FPL_100_150,float64,7211,full_file,7211,7005,206,2442,0.0,103.0,339.0,1093.0,696916.0,2631.2423982869377,17624.409169056154,52.0,27
aca_zero_premium_turnover,data/intermediate/oep_county_outcomes_2022_2024.csv,FPL_150_200,float64,7211,full_file,7211,7131,80,1779,0.0,90.0,201.0,522.0,116334.0,912.4933389426448,3909.9926516690152,71.0,41
aca_zero_premium_turnover,data/intermediate/oep_county_outcomes_2022_2024.csv,FPL_200_250,float64,7211,full_file,7211,7065,146,1521,0.0,69.0,144.0,382.0,56371.0,611.4158527954706,2222.9316872706345,40.0,45
aca_zero_premium_turnover,data/intermediate/oep_county_outcomes_2022_2024.csv,FPL_250_300,float64,7211,full_file,7211,6915,296,1235,0.0,48.0,101.0,268.5,25035.0,396.29775849602316,1261.8779024140931,27.0,64
aca_zero_premium_turnover,data/intermediate/oep_county_outcomes_2022_2024.csv,FPL_300_400,float64,7211,full_file,7211,6918,293,1333,0.0,50.0,110.0,288.0,19668.0,419.80268863833476,1201.2919847022026,16.0,56
aca_zero_premium_turnover,data/intermediate/oep_county_outcomes_2022_2024.csv,FPL_GT400,float64,7211,full_file,7211,6425,786,1214,0.0,36.0,84.0,231.0,19810.0,369.100233463035,1095.4735044061076,13.0,81
aca_zero_premium_turnover,data/intermediate/oep_county_outcomes_2022_2024.csv,FPL_OTHR,float64,7211,full_file,7211,3343,3868,749,0.0,20.0,53.0,195.0,13395.0,271.16482201615315,757.1926827973366,0.0,247
aca_zero_premium_turnover,data/intermediate/oep_county_outcomes_2022_2024.csv,state,object,7211,full_file,7211,7211,0,33,,,,,,,,TX,762
aca_zero_premium_turnover,data/intermediate/oep_county_outcomes_2022_2024.csv,county_fips,int64,7211,full_file,7211,7211,0,2448,1001,18158.0,30079.0,47031.0,56045,31151.76216890861,15409.21808470006,56045,3
aca_zero_premium_turnover,data/intermediate/oep_county_outcomes_2022_2024.csv,county_name,float64,7211,full_file,7211,0,7211,0,,,,,,,,,
aca_zero_premium_turnover,data/intermediate/oep_county_outcomes_2022_2024.csv,Cnsmr_raw,object,7211,full_file,7211,7211,0,3728,11.0,246.0,444.0,666.0,998.0,468.7203805131162,260.27413835425324,208,11
aca_zero_premium_turnover,data/intermediate/oep_county_outcomes_2022_2024.csv,Cnsmr_suppressed_flag,bool,7211,full_file,7211,7211,0,2,0.0,0.0,0.0,0.0,1.0,0.001109416169740674,0.03329172669993636,False,7203
aca_zero_premium_turnover,data/intermediate/oep_county_outcomes_2022_2024.csv,New_Cnsmr_raw,object,7211,full_file,7211,7211,0,2032,0.0,81.0,178.0,378.0,999.0,262.75323778276635,236.1171353787785,*,95
aca_zero_premium_turnover,data/intermediate/oep_county_outcomes_2022_2024.csv,New_Cnsmr_suppressed_flag,bool,7211,full_file,7211,7211,0,2,0.0,0.0,0.0,0.0,1.0,0.013174317015670503,0.1140287575254127,False,7116
aca_zero_premium_turnover,data/intermediate/oep_county_outcomes_2022_2024.csv,Tot_Renrl_raw,object,7211,full_file,7211,7211,0,3349,11.0,229.25,409.5,642.0,999.0,446.9170426065163,255.9286412775986,*,95
aca_zero_premium_turnover,data/intermediate/oep_county_outcomes_2022_2024.csv,Tot_Renrl_suppressed_flag,bool,7211,full_file,7211,7211,0,2,0.0,0.0,0.0,0.0,1.0,0.013174317015670503,0.1140287575254127,False,7116
aca_zero_premium_turnover,data/intermediate/oep_county_outcomes_2022_2024.csv,Auto_Renrl_raw,object,7211,full_file,7211,7211,0,2054,11.0,98.0,202.0,394.0,999.0,276.89061953097655,233.17739222138565,*,135
aca_zero_premium_turnover,data/intermediate/oep_county_outcomes_2022_2024.csv,Auto_Renrl_suppressed_flag,bool,7211,full_file,7211,7211,0,2,0.0,0.0,0.0,0.0,1.0,0.018721397864373872,0.1355487185568376,False,7076
aca_zero_premium_turnover,data/intermediate/oep_county_outcomes_2022_2024.csv,Actv_Renrl_raw,object,7211,full_file,7211,7211,0,2813,12.0,173.0,318.0,547.0,999.0,379.31420004283575,248.18149752359508,*,135
aca_zero_premium_turnover,data/intermediate/oep_county_outcomes_2022_2024.csv,Actv_Renrl_suppressed_flag,bool,7211,full_file,7211,7211,0,2,0.0,0.0,0.0,0.0,1.0,0.018721397864373872,0.1355487185568376,False,7076
aca_zero_premium_turnover,data/intermediate/oep_county_outcomes_2022_2024.csv,Actv_Renrl_Nsw_raw,object,7211,full_file,7211,7211,0,2066,11.0,108.5,209.0,400.0,999.0,285.71622345172227,230.63077081064893,*,192
aca_zero_premium_turnover,data/intermediate/oep_county_outcomes_2022_2024.csv,Actv_Renrl_Nsw_suppressed_flag,bool,7211,full_file,7211,7211,0,2,0.0,0.0,0.0,0.0,1.0,0.026625988073776176,0.16099888021329684,False,7019
aca_zero_premium_turnover,data/intermediate/oep_county_outcomes_2022_2024.csv,Actv_Renrl_Sw_raw,object,7211,full_file,7211,7211,0,2072,11.0,79.0,175.0,375.0,999.0,261.881935826981,237.78906759628092,*,192
aca_zero_premium_turnover,data/intermediate/oep_county_outcomes_2022_2024.csv,Actv_Renrl_Sw_suppressed_flag,bool,7211,full_file,7211,7211,0,2,0.0,0.0,0.0,0.0,1.0,0.026625988073776176,0.16099888021329684,False,7019
aca_zero_premium_turnover,data/intermediate/oep_county_outcomes_2022_2024.csv,Avg_Prm_raw,object,7211,full_file,7211,7211,0,769,,,,,,,,$637,41
aca_zero_premium_turnover,data/intermediate/oep_county_outcomes_2022_2024.csv,Avg_Prm_suppressed_flag,bool,7211,full_file,7211,7211,0,2,0.0,0.0,0.0,0.0,1.0,0.001109416169740674,0.03329172669993636,False,7203
aca_zero_premium_turnover,data/intermediate/oep_county_outcomes_2022_2024.csv,Avg_Prm_Aftr_APTC_raw,object,7211,full_file,7211,7211,0,287,,,,,,,,$131,68
aca_zero_premium_turnover,data/intermediate/oep_county_outcomes_2022_2024.csv,Avg_Prm_Aftr_APTC_suppressed_flag,bool,7211,full_file,7211,7211,0,2,0.0,0.0,0.0,0.0,1.0,0.001109416169740674,0.03329172669993636,False,7203
aca_zero_premium_turnover,data/intermediate/oep_county_outcomes_2022_2024.csv,APTC_Cnsmr_Avg_APTC_raw,object,7211,full_file,7211,7211,0,687,,,,,,,,*,973
aca_zero_premium_turnover,data/intermediate/oep_county_outcomes_2022_2024.csv,APTC_Cnsmr_Avg_APTC_suppressed_flag,bool,7211,full_file,7211,7211,0,2,0.0,0.0,0.0,0.0,1.0,0.13493274164470948,0.34167541076544183,False,6238
aca_zero_premium_turnover,data/intermediate/oep_county_outcomes_2022_2024.csv,APTC_Cnsmr_raw,object,7211,full_file,7211,7211,0,3566,27.0,354.25,524.0,742.75,999.0,545.7068198665678,240.99734150243248,*,973
aca_zero_premium_turnover,data/intermediate/oep_county_outcomes_2022_2024.csv,APTC_Cnsmr_suppressed_flag,bool,7211,full_file,7211,7211,0,2,0.0,0.0,0.0,0.0,1.0,0.13493274164470948,0.34167541076544183,False,6238
aca_zero_premium_turnover,data/intermediate/oep_county_outcomes_2022_2024.csv,FPL_LT100_raw,object,7211,full_file,7211,7211,0,490,0.0,11.0,23.0,64.0,987.0,68.5415625,127.4713342938008,*,3918
aca_zero_premium_turnover,data/intermediate/oep_county_outcomes_2022_2024.csv,FPL_LT100_suppressed_flag,bool,7211,full_file,7211,7211,0,2,0.0,0.0,1.0,1.0,1.0,0.5433365691304951,0.49815294374334007,True,3918
aca_zero_premium_turnover,data/intermediate/oep_county_outcomes_2022_2024.csv,FPL_100_138_raw,object,7211,full_file,7211,7211,0,2035,0.0,38.0,120.0,346.5,998.0,227.265124177457,246.45256898653784,*,1115
aca_zero_premium_turnover,data/intermediate/oep_county_outcomes_2022_2024.csv,FPL_100_138_suppressed_flag,bool,7211,full_file,7211,7211,0,2,0.0,0.0,0.0,0.0,1.0,0.15462487865760643,0.36157178454764216,False,6096
aca_zero_premium_turnover,data/intermediate/oep_county_outcomes_2022_2024.csv,FPL_100_150_raw,object,7211,full_file,7211,7211,0,2443,0.0,74.0,179.0,425.5,998.0,277.56990083608787,255.76190681864992,*,206
aca_zero_premium_turnover,data/intermediate/oep_county_outcomes_2022_2024.csv,FPL_100_150_suppressed_flag,bool,7211,full_file,7211,7211,0,2,0.0,0.0,0.0,0.0,1.0,0.028567466370822355,0.16659896532256116,False,7005
aca_zero_premium_turnover,data/intermediate/oep_county_outcomes_2022_2024.csv,FPL_150_200_raw,object,7211,full_file,7211,7211,0,1780,0.0,79.0,161.0,325.0,999.0,240.38181221273803,221.8738572287309,*,80
aca_zero_premium_turnover,data/intermediate/oep_county_outcomes_2022_2024.csv,FPL_150_200_suppressed_flag,bool,7211,full_file,7211,7211,0,2,0.0,0.0,0.0,0.0,1.0,0.01109416169740674,0.10475019294267048,False,7131
aca_zero_premium_turnover,data/intermediate/oep_county_outcomes_2022_2024.csv,FPL_200_250_raw,object,7211,full_file,7211,7211,0,1522,0.0,63.0,124.0,267.0,999.0,205.1604743083004,210.22334066398716,*,146
aca_zero_premium_turnover,data/intermediate/oep_county_outcomes_2022_2024.csv,FPL_200_250_suppressed_flag,bool,7211,full_file,7211,7211,0,2,0.0,0.0,0.0,0.0,1.0,0.0202468450977673,0.14085333388506,False,7065
aca_zero_premium_turnover,data/intermediate/oep_county_outcomes_2022_2024.csv,FPL_250_300_raw,object,7211,full_file,7211,7211,0,1236,0.0,45.0,89.0,199.0,996.0,161.4433086963359,182.27917143035415,*,296
aca_zero_premium_turnover,data/intermediate/oep_county_outcomes_2022_2024.csv,FPL_250_300_suppressed_flag,bool,7211,full_file,7211,7211,0,2,0.0,0.0,0.0,0.0,1.0,0.041048398280404935,0.19841594401401735,False,6915
aca_zero_premium_turnover,data/intermediate/oep_county_outcomes_2022_2024.csv,FPL_300_400_raw,object,7211,full_file,7211,7211,0,1334,0.0,47.0,97.0,213.5,999.0,174.05911174332226,196.41183975381992,*,293
aca_zero_premium_turnover,data/intermediate/oep_county_outcomes_2022_2024.csv,FPL_300_400_suppressed_flag,bool,7211,full_file,7211,7211,0,2,0.0,0.0,0.0,0.0,1.0,0.04063236721675218,0.19745071415991278,False,6918
aca_zero_premium_turnover,data/intermediate/oep_county_outcomes_2022_2024.csv,FPL_GT400_raw,object,7211,full_file,7211,7211,0,1215,0.0,33.0,73.0,171.0,998.0,147.4176659348083,186.98302247695855,*,786
aca_zero_premium_turnover,data/intermediate/oep_county_outcomes_2022_2024.csv,FPL_GT400_suppressed_flag,bool,7211,full_file,7211,7211,0,2,0.0,0.0,0.0,0.0,1.0,0.10900013867702121,0.31166099932789343,False,6425
aca_zero_premium_turnover,data/intermediate/oep_county_outcomes_2022_2024.csv,FPL_OTHR_raw,object,7211,full_file,7211,7211,0,750,0.0,19.0,47.0,153.0,999.0,127.63124403436207,185.4296536819824,*,3868
aca_zero_premium_turnover,data/intermediate/oep_county_outcomes_2022_2024.csv,FPL_OTHR_suppressed_flag,bool,7211,full_file,7211,7211,0,2,0.0,0.0,1.0,1.0,1.0,0.5364027180696158,0.49870766224964747,True,3868
aca_zero_premium_turnover,data/intermediate/oep_county_outcomes_2022_2024.csv,Avg_Mo_Prem,float64,7211,full_file,7211,7203,8,768,349.0,596.0,666.0,759.0,1530.0,692.4181591003749,146.09285301810613,637.0,41
aca_zero_premium_turnover,data/intermediate/oep_county_outcomes_2022_2024.csv,Avg_Mo_Prem_Aft_APTC,float64,7211,full_file,7211,7203,8,286,9.0,75.0,109.0,147.0,422.0,114.46966541718729,53.02993883577543,131.0,68
aca_zero_premium_turnover,data/intermediate/oep_county_outcomes_2022_2024.csv,Avg_APTC,float64,7211,full_file,7211,6238,973,686,296.0,505.0,580.0,673.75,1427.0,599.422411029176,132.79716869941328,554.0,31
aca_zero_premium_turnover,data/intermediate/oep_county_outcomes_2022_2024.csv,Consumers_APTC,float64,7211,full_file,7211,6238,973,3565,27.0,580.0,1232.0,3163.75,934017.0,5773.12712407823,27798.121167964673,576.0,11
aca_zero_premium_turnover,data/intermediate/oep_county_outcomes_2022_2024.csv,suppression_or_missing_flag,bool,7211,full_file,7211,7211,0,2,0.0,0.0,0.0,0.0,1.0,0.026625988073776176,0.16099888021329684,False,7019
aca_zero_premium_turnover,data/intermediate/oep_county_outcomes_2022_2024.csv,auto_reenrollment_rate,float64,7211,full_file,7211,7076,135,6476,0.0398773006134969,0.27930619361266396,0.33055323687627525,0.3758222732810465,0.6451612903225806,0.32794872162592625,0.08179401826732764,0.3333333333333333,27
aca_zero_premium_turnover,data/intermediate/oep_county_outcomes_2022_2024.csv,active_reenrollment_rate,float64,7211,full_file,7211,7076,135,6476,0.3548387096774194,0.6241777267189534,0.6694467631237246,0.720693806387336,0.9601226993865032,0.6720512783740737,0.08179401826732764,0.6666666666666666,27
aca_zero_premium_turnover,data/intermediate/oep_county_outcomes_2022_2024.csv,active_switch_rate_among_active,float64,7211,full_file,7211,7019,192,6350,0.0951048951048951,0.3414634146341463,0.4475743348982786,0.5739749446947695,0.9577384351798972,0.46419046076302206,0.16114594900303172,0.5,22
aca_zero_premium_turnover,data/intermediate/oep_county_outcomes_2022_2024.csv,active_stay_rate_among_active,float64,7211,full_file,7211,7019,192,6350,0.0422615648201028,0.42602505530523055,0.5524256651017214,0.6585365853658537,0.9048951048951048,0.5358095392369779,0.16114594900303172,0.5,22
aca_zero_premium_turnover,data/intermediate/oep_county_outcomes_2022_2024.csv,new_consumer_share,float64,7211,full_file,7211,7116,95,6519,0.0,0.1907619803482255,0.2295293378595503,0.27005228506640966,0.7839721254355401,0.23158863278098005,0.05956329736545032,0.25,15
aca_zero_premium_turnover,data/intermediate/oep_county_outcomes_2022_2024.csv,total_reenrollment_share,float64,7211,full_file,7211,7116,95,6519,0.2160278745644599,0.7299477149335903,0.7704706621404496,0.8092380196517746,1.0,0.7684113672190199,0.0595632973654503,0.75,15
aca_zero_premium_turnover,data/intermediate/oep_county_outcomes_2022_2024.csv,log_Cnsmr,float64,7211,full_file,7211,7203,8,3727,2.3978952727983707,6.129050210060545,6.956545443151569,7.953669778649798,13.763771901259751,7.111450704984325,1.470391803538325,5.337538079701318,11
aca_zero_premium_turnover,data/intermediate/oep_county_outcomes_2022_2024.csv,log_Tot_Renrl,float64,7211,full_file,7211,7116,95,3348,2.3978952727983707,5.91350300563827,6.710523109452428,7.70368457787796,13.51589084793945,6.882371429090668,1.4271206584864542,5.402677381872279,16
aca_zero_premium_turnover,data/intermediate/oep_county_outcomes_2022_2024.csv,log_Auto_Renrl,float64,7211,full_file,7211,7076,135,2053,2.3978952727983707,4.787491742782046,5.602118820879701,6.568077911411976,11.75479655607717,5.748127773574845,1.4325425579587305,4.060443010546419,29
aca_zero_premium_turnover,data/intermediate/oep_county_outcomes_2022_2024.csv,log_Actv_Renrl,float64,7211,full_file,7211,7076,135,2812,2.4849066497880004,5.520458912512861,6.324358962381311,7.318042036111847,13.346434498392746,6.493860308442872,1.4297890897891021,4.68213122712422,21
aca_zero_premium_turnover,data/intermediate/oep_county_outcomes_2022_2024.csv,log_Actv_Renrl_Nsw,float64,7211,full_file,7211,7019,192,2065,2.3978952727983707,4.890349128221754,5.659482215759621,6.631342581519001,12.617619223954206,5.833977132477505,1.3909241852536143,4.553876891600541,25
aca_zero_premium_turnover,data/intermediate/oep_county_outcomes_2022_2024.csv,log_Actv_Renrl_Sw,float64,7211,full_file,7211,7019,192,2071,2.3978952727983707,4.584967478670572,5.529429087511423,6.590301048196686,12.817261117391684,5.684085446270836,1.5436680466257118,3.80666248977032,36
aca_zero_premium_turnover,data/intermediate/oep_county_outcomes_2022_2024.csv,raw_file_name,object,7211,full_file,7211,7211,0,3,,,,,,,,2022-oep-county-level-public-use-file.zip,2448
aca_zero_premium_turnover,data/intermediate/oep_county_outcomes_2022_2024.csv,source_year,int64,7211,full_file,7211,7211,0,3,2022,2022.0,2023.0,2024.0,2024,2022.981555956178,0.8125700176528208,2022,2448
aca_zero_premium_turnover,data/intermediate/silver_plan_county_year_panel.csv,age_40_premium,float64,169799,first_10000_rows,10000,10000,0,3066,328.64,435.07,488.62,551.43,1013.79,507.473808,96.82503972398302,416.89,150
aca_zero_premium_turnover,data/intermediate/silver_plan_county_year_panel.csv,county_fips,int64,169799,first_10000_rows,10000,10000,0,734,1001,12022.5,13097.0,18023.0,20041,12935.7034,4965.708864128138,12117,70
aca_zero_premium_turnover,data/intermediate/silver_plan_county_year_panel.csv,county_name,object,169799,first_10000_rows,10000,10000,0,494,,,,,,,,Clay,131
aca_zero_premium_turnover,data/intermediate/silver_plan_county_year_panel.csv,data_quality_notes,object,169799,first_10000_rows,10000,10000,0,1,,,,,,,,PY2021 direct QHP Landscape from official Data.HealthCare.gov dataset jzae-njub.,10000
aca_zero_premium_turnover,data/intermediate/silver_plan_county_year_panel.csv,ehb_age_40_premium,float64,169799,first_10000_rows,10000,10000,0,3161,328.64,428.81,479.8879295,544.1148,1013.79,501.4620846949,97.95328872639683,416.89,150
aca_zero_premium_turnover,data/intermediate/silver_plan_county_year_panel.csv,ehb_percent_missing_flag,bool,169799,first_10000_rows,10000,10000,0,1,0.0,0.0,0.0,0.0,0.0,0.0,0.0,False,10000
aca_zero_premium_turnover,data/intermediate/silver_plan_county_year_panel.csv,ehb_percent_total_premium,float64,169799,first_10000_rows,10000,10000,0,39,93.91,96.21,100.0,100.0,100.0,98.765331,1.9170996889991816,100.0,5918
aca_zero_premium_turnover,data/intermediate/silver_plan_county_year_panel.csv,ehb_percent_total_premium_raw,object,169799,first_10000_rows,10000,10000,0,39,,,,,,,,100.00%,5918
aca_zero_premium_turnover,data/intermediate/silver_plan_county_year_panel.csv,ehb_premium_component_source,object,169799,first_10000_rows,10000,10000,0,1,,,,,,,,QHP Landscape EHB Percent of Total Premium,10000
aca_zero_premium_turnover,data/intermediate/silver_plan_county_year_panel.csv,ehb_share_of_total_premium,float64,169799,first_10000_rows,10000,10000,0,39,0.9391,0.9621,1.0,1.0,1.0,0.98765331,0.019170996889991812,1.0,5918
aca_zero_premium_turnover,data/intermediate/silver_plan_county_year_panel.csv,issuer_id,int64,169799,first_10000_rows,10000,10000,0,52,12379,27833.0,60224.0,75293.0,97667,53072.1015,23189.573879868316,76179,1472
aca_zero_premium_turnover,data/intermediate/silver_plan_county_year_panel.csv,issuer_id_rate,int64,169799,first_10000_rows,10000,10000,0,52,12379,27833.0,60224.0,75293.0,97667,53072.1015,23189.573879868316,76179,1472
aca_zero_premium_turnover,data/intermediate/silver_plan_county_year_panel.csv,issuer_name,object,169799,first_10000_rows,10000,10000,0,44,,,,,,,,Ambetter from MHS,1472
aca_zero_premium_turnover,data/intermediate/silver_plan_county_year_panel.csv,likely_reason_for_difference,float64,169799,first_10000_rows,10000,0,10000,0,,,,,,,,,
aca_zero_premium_turnover,data/intermediate/silver_plan_county_year_panel.csv,market_type,object,169799,first_10000_rows,10000,10000,0,1,,,,,,,,Individual,10000
aca_zero_premium_turnover,data/intermediate/silver_plan_county_year_panel.csv,metal_filter_used,object,169799,first_10000_rows,10000,10000,0,1,,,,,,,,silver,10000
aca_zero_premium_turnover,data/intermediate/silver_plan_county_year_panel.csv,metal_level,object,169799,first_10000_rows,10000,10000,0,1,,,,,,,,Silver,10000
aca_zero_premium_turnover,data/intermediate/silver_plan_county_year_panel.csv,non_ehb_age_40_premium,float64,169799,first_10000_rows,10000,10000,0,1048,0.0,0.0,0.0,17.415569999999946,34.99070400000005,6.011723305100005,9.353623955910624,0.0,5918
aca_zero_premium_turnover,data/intermediate/silver_plan_county_year_panel.csv,plan_id,object,169799,first_10000_rows,10000,10000,0,450,,,,,,,,70893GA0030041,114
aca_zero_premium_turnover,data/intermediate/silver_plan_county_year_panel.csv,plan_marketing_name,object,169799,first_10000_rows,10000,10000,0,219,,,,,,,,Ambetter Balanced Care 11 (2021),422
aca_zero_premium_turnover,data/intermediate/silver_plan_county_year_panel.csv,plan_type,object,169799,first_10000_rows,10000,10000,0,4,,,,,,,,HMO,3755
aca_zero_premium_turnover,data/intermediate/silver_plan_county_year_panel.csv,premium_difference,float64,169799,first_10000_rows,10000,10000,0,1,0.0,0.0,0.0,0.0,0.0,0.0,0.0,0.0,10000
aca_zero_premium_turnover,data/intermediate/silver_plan_county_year_panel.csv,premium_match_flag,bool,169799,first_10000_rows,10000,10000,0,1,1.0,1.0,1.0,1.0,1.0,1.0,0.0,True,10000
aca_zero_premium_turnover,data/intermediate/silver_plan_county_year_panel.csv,premium_pct_difference,float64,169799,first_10000_rows,10000,10000,0,1,0.0,0.0,0.0,0.0,0.0,0.0,0.0,0.0,10000
aca_zero_premium_turnover,data/intermediate/silver_plan_county_year_panel.csv,premium_reconciliation_flag,object,169799,first_10000_rows,10000,10000,0,1,,,,,,,,match,10000
aca_zero_premium_turnover,data/intermediate/silver_plan_county_year_panel.csv,premium_source,object,169799,first_10000_rows,10000,10000,0,1,,,,,,,,QHP Landscape,10000
aca_zero_premium_turnover,data/intermediate/silver_plan_county_year_panel.csv,qhp_landscape_premium,float64,169799,first_10000_rows,10000,10000,0,3066,328.64,435.07,488.62,551.43,1013.79,507.473808,96.82503972398302,416.89,150
aca_zero_premium_turnover,data/intermediate/silver_plan_county_year_panel.csv,rate_puf_age_40_premium,float64,169799,first_10000_rows,10000,10000,0,3066,328.64,435.07,488.62,551.43,1013.79,507.473808,96.82503972398302,416.89,150
aca_zero_premium_turnover,data/intermediate/silver_plan_county_year_panel.csv,rating_area_id,object,169799,first_10000_rows,10000,10000,0,67,,,,,,,,Rating Area 3,1247
aca_zero_premium_turnover,data/intermediate/silver_plan_county_year_panel.csv,raw_plan_id_columns_used,object,169799,first_10000_rows,10000,10000,0,1,,,,,,,,Plan ID (Standard Component),10000
aca_zero_premium_turnover,data/intermediate/silver_plan_county_year_panel.csv,service_area_id,float64,169799,first_10000_rows,10000,0,10000,0,,,,,,,,,
aca_zero_premium_turnover,data/intermediate/silver_plan_county_year_panel.csv,source_file,object,169799,first_10000_rows,10000,10000,0,1,,,,,,,,data\raw\qhp_landscape\2021\PY2021_Medi-Indi-Land-08_04_2021.zip,10000
aca_zero_premium_turnover,data/intermediate/silver_plan_county_year_panel.csv,standard_component_id,object,169799,first_10000_rows,10000,10000,0,450,,,,,,,,70893GA0030041,114
aca_zero_premium_turnover,data/intermediate/silver_plan_county_year_panel.csv,state,object,169799,first_10000_rows,10000,10000,0,12,,,,,,,,FL,2293
aca_zero_premium_turnover,data/intermediate/silver_plan_county_year_panel.csv,year,int64,169799,first_10000_rows,10000,10000,0,1,2021,2021.0,2021.0,2021.0,2021,2021.0,0.0,2021,10000
aca_zero_premium_turnover,data/intermediate/transition_plan_pair_2021_2022.csv,transition,object,5234,full_file,5234,4894,340,1,,,,,,,,2021_to_2022,4894
aca_zero_premium_turnover,data/intermediate/transition_plan_pair_2021_2022.csv,state,object,5234,full_file,5234,5234,0,36,,,,,,,,TX,508
aca_zero_premium_turnover,data/intermediate/transition_plan_pair_2021_2022.csv,county_fips,int64,5234,full_file,5234,5234,0,2617,1001,19081.0,30021.0,47013.0,56045,31036.661826518914,15163.220610204507,2013,2
aca_zero_premium_turnover,data/intermediate/transition_plan_pair_2021_2022.csv,rank,object,5234,full_file,5234,5234,0,2,,,,,,,,lowest,2617
aca_zero_premium_turnover,data/intermediate/transition_plan_pair_2021_2022.csv,previous_plan_id,object,5234,full_file,5234,5234,0,376,,,,,,,,88380VA0720036,115
aca_zero_premium_turnover,data/intermediate/transition_plan_pair_2021_2022.csv,current_plan_id,object,5234,full_file,5234,4894,340,334,,,,,,,,88380VA0720036,115
aca_zero_premium_turnover,data/intermediate/transition_plan_pair_2021_2022.csv,previous_issuer_id,int64,5234,full_file,5234,5234,0,127,10091,31195.0,49046.0,79222.0,99969,53559.33779136416,25896.522262377952,88380,221
aca_zero_premium_turnover,data/intermediate/transition_plan_pair_2021_2022.csv,previous_issuer_id_cw,float64,5234,full_file,5234,4894,340,118,10091.0,30252.0,53461.0,79975.0,99969.0,54351.57805476093,26377.69482088417,88380.0,221
aca_zero_premium_turnover,data/intermediate/transition_plan_pair_2021_2022.csv,current_issuer_id,float64,5234,full_file,5234,4894,340,118,10091.0,30252.0,49046.0,77264.0,99969.0,52766.36902329383,26133.869371575714,88380.0,221
aca_zero_premium_turnover,data/intermediate/transition_plan_pair_2021_2022.csv,current_issuer_id_plan_panel,float64,5234,full_file,5234,4894,340,118,10091.0,30252.0,49046.0,77264.0,99969.0,52766.36902329383,26133.869371575714,88380.0,221
aca_zero_premium_turnover,data/intermediate/transition_plan_pair_2021_2022.csv,current_issuer_final,float64,5234,full_file,5234,4894,340,118,10091.0,30252.0,49046.0,77264.0,99969.0,52766.36902329383,26133.869371575714,88380.0,221
aca_zero_premium_turnover,data/intermediate/transition_plan_pair_2021_2022.csv,previous_plan_issuer_prefix,int64,5234,full_file,5234,5234,0,127,10091,31195.0,49046.0,79222.0,99969,53559.33779136416,25896.522262377952,88380,221
aca_zero_premium_turnover,data/intermediate/transition_plan_pair_2021_2022.csv,current_plan_issuer_prefix,float64,5234,full_file,5234,4894,340,118,10091.0,30252.0,49046.0,77264.0,99969.0,52766.36902329383,26133.869371575714,88380.0,221
aca_zero_premium_turnover,data/intermediate/transition_plan_pair_2021_2022.csv,crosswalk_level,float64,5234,full_file,5234,4894,340,3,0.0,0.0,0.0,0.0,2.0,0.3144666939109113,0.6630346225524513,0.0,3903
aca_zero_premium_turnover,data/intermediate/transition_plan_pair_2021_2022.csv,crosswalk_reason_or_type,float64,5234,full_file,5234,4894,340,6,0.0,0.0,0.0,0.0,8.0,0.39395177768696366,1.2400811017414497,0.0,4166
aca_zero_premium_turnover,data/intermediate/transition_plan_pair_2021_2022.csv,mapping_quality_flag,object,5234,full_file,5234,4894,340,1,,,,,,,,mapped,4894
aca_zero_premium_turnover,data/intermediate/transition_plan_pair_2021_2022.csv,prior_gross_premium,float64,5234,full_file,5234,5234,0,947,291.76,442.20000000000005,479.0,555.97,885.67,506.7812686282003,105.14227448485192,505.15,98
aca_zero_premium_turnover,data/intermediate/transition_plan_pair_2021_2022.csv,current_gross_premium,float64,5234,full_file,5234,4894,340,914,306.82,452.91,500.77,582.46,1186.19,528.9274540253372,119.116773254335,520.12,98
aca_zero_premium_turnover,data/intermediate/transition_plan_pair_2021_2022.csv,prior_ehb_premium,float64,5234,full_file,5234,5234,0,948,291.76,441.270655,478.63,555.97,885.67,505.97087730282766,104.94843860986842,505.15,98
aca_zero_premium_turnover,data/intermediate/transition_plan_pair_2021_2022.csv,current_ehb_premium,float64,5234,full_file,5234,4894,340,915,306.82,452.91,500.77,582.46,1186.19,528.6107978414384,118.82116552489384,520.12,98
aca_zero_premium_turnover,data/intermediate/transition_plan_pair_2021_2022.csv,prior_non_ehb_premium,float64,5234,full_file,5234,5234,0,113,0.0,0.0,0.0,0.0,29.275169999999942,0.8103913253725655,3.7549732515122938,0.0,4630
aca_zero_premium_turnover,data/intermediate/transition_plan_pair_2021_2022.csv,current_non_ehb_premium,float64,5234,full_file,5234,4894,340,99,0.0,0.0,0.0,0.0,24.161249999999995,0.316656183898652,1.4081376365954779,0.0,4272
aca_zero_premium_turnover,data/intermediate/transition_plan_pair_2021_2022.csv,prior_net_premium_proxy_gross_benchmark,float64,5234,full_file,5234,5234,0,1,0.0,0.0,0.0,0.0,0.0,0.0,0.0,0.0,5234
aca_zero_premium_turnover,data/intermediate/transition_plan_pair_2021_2022.csv,current_net_premium_proxy_gross_benchmark,float64,5234,full_file,5234,4894,340,787,0.0,0.0,17.00999999999999,35.322500000000005,414.48,27.884895790764194,44.0910746327643,0.0,1773
aca_zero_premium_turnover,data/intermediate/transition_plan_pair_2021_2022.csv,prior_net_premium_proxy,float64,5234,full_file,5234,5234,0,137,0.0,0.0,0.0,0.0,29.275169999999942,0.9731430787160892,3.8631459898164393,0.0,4493
aca_zero_premium_turnover,data/intermediate/transition_plan_pair_2021_2022.csv,current_net_premium_proxy,float64,5234,full_file,5234,4894,340,867,0.0,0.0,18.61500000000001,35.539999999999964,414.48,28.279887506334283,43.97750106772777,0.0,1295
aca_zero_premium_turnover,data/intermediate/transition_plan_pair_2021_2022.csv,prior_gross_benchmark_zero_premium_flag,bool,5234,full_file,5234,5234,0,1,1.0,1.0,1.0,1.0,1.0,1.0,0.0,True,5234
aca_zero_premium_turnover,data/intermediate/transition_plan_pair_2021_2022.csv,prior_zero_premium_flag,bool,5234,full_file,5234,5234,0,2,0.0,1.0,1.0,1.0,1.0,0.8584256782575468,0.3486463209834073,True,4493
aca_zero_premium_turnover,data/intermediate/transition_plan_pair_2021_2022.csv,current_positive_premium_flag,bool,5234,full_file,5234,5234,0,2,0.0,0.0,1.0,1.0,1.0,0.684753534581582,0.46465835018046825,True,3584
aca_zero_premium_turnover,data/intermediate/transition_plan_pair_2021_2022.csv,zero_to_positive_turnover,bool,5234,full_file,5234,5234,0,2,0.0,0.0,1.0,1.0,1.0,0.5844478410393581,0.4928640513421614,True,3059
aca_zero_premium_turnover,data/intermediate/transition_plan_pair_2021_2022.csv,same_issuer,bool,5234,full_file,5234,5234,0,2,0.0,1.0,1.0,1.0,1.0,0.899885364921666,0.3001814634376727,True,4710
aca_zero_premium_turnover,data/intermediate/transition_plan_pair_2021_2022.csv,across_issuer,bool,5234,full_file,5234,5234,0,2,0.0,0.0,0.0,0.0,1.0,0.03515475735575086,0.18418844188060315,False,5050
aca_zero_premium_turnover,data/intermediate/transition_plan_pair_2021_2022.csv,same_issuer_crosswalk_only,bool,5234,full_file,5234,5234,0,2,0.0,1.0,1.0,1.0,1.0,0.899885364921666,0.3001814634376727,True,4710
aca_zero_premium_turnover,data/intermediate/transition_plan_pair_2021_2022.csv,across_issuer_crosswalk_only,bool,5234,full_file,5234,5234,0,2,0.0,0.0,0.0,0.0,1.0,0.03515475735575086,0.18418844188060315,False,5050
aca_zero_premium_turnover,data/intermediate/transition_plan_pair_2021_2022.csv,same_issuer_plan_panel_only,bool,5234,full_file,5234,5234,0,2,0.0,1.0,1.0,1.0,1.0,0.899885364921666,0.3001814634376727,True,4710
aca_zero_premium_turnover,data/intermediate/transition_plan_pair_2021_2022.csv,across_issuer_plan_panel_only,bool,5234,full_file,5234,5234,0,2,0.0,0.0,0.0,0.0,1.0,0.03515475735575086,0.18418844188060315,False,5050
aca_zero_premium_turnover,data/intermediate/transition_plan_pair_2021_2022.csv,same_issuer_plan_id_prefix,bool,5234,full_file,5234,5234,0,2,0.0,1.0,1.0,1.0,1.0,0.899885364921666,0.3001814634376727,True,4710
aca_zero_premium_turnover,data/intermediate/transition_plan_pair_2021_2022.csv,across_issuer_plan_id_prefix,bool,5234,full_file,5234,5234,0,2,0.0,0.0,0.0,0.0,1.0,0.03515475735575086,0.18418844188060315,False,5050
aca_zero_premium_turnover,data/intermediate/transition_plan_pair_2021_2022.csv,missing_crosswalk_flag,bool,5234,full_file,5234,5234,0,2,0.0,0.0,0.0,0.0,1.0,0.0649598777225831,0.2464785977223289,False,4894
aca_zero_premium_turnover,data/intermediate/transition_plan_pair_2021_2022.csv,missing_current_plan_flag,bool,5234,full_file,5234,5234,0,2,0.0,0.0,0.0,0.0,1.0,0.0649598777225831,0.2464785977223289,False,4894
aca_zero_premium_turnover,data/intermediate/transition_plan_pair_2021_2022.csv,missing_premium_flag,bool,5234,full_file,5234,5234,0,2,0.0,0.0,0.0,0.0,1.0,0.0649598777225831,0.2464785977223289,False,4894
aca_zero_premium_turnover,data/intermediate/transition_plan_pair_2022_2023.csv,transition,object,4898,full_file,4898,4898,0,1,,,,,,,,2022_to_2023,4898
aca_zero_premium_turnover,data/intermediate/transition_plan_pair_2022_2023.csv,state,object,4898,full_file,4898,4898,0,33,,,,,,,,TX,508
aca_zero_premium_turnover,data/intermediate/transition_plan_pair_2022_2023.csv,county_fips,int64,4898,full_file,4898,4898,0,2449,1001,18179.0,31011.0,47097.0,56045,31509.25316455696,15503.805180133159,2013,2
aca_zero_premium_turnover,data/intermediate/transition_plan_pair_2022_2023.csv,rank,object,4898,full_file,4898,4898,0,2,,,,,,,,lowest,2449
aca_zero_premium_turnover,data/intermediate/transition_plan_pair_2022_2023.csv,previous_plan_id,object,4898,full_file,4898,4898,0,371,,,,,,,,33602TX0460704,171
aca_zero_premium_turnover,data/intermediate/transition_plan_pair_2022_2023.csv,current_plan_id,object,4898,full_file,4898,4898,0,345,,,,,,,,70893GA0010068,184
aca_zero_premium_turnover,data/intermediate/transition_plan_pair_2022_2023.csv,previous_issuer_id,int64,4898,full_file,4898,4898,0,141,10091,32225.0,53901.0,79222.0,99969,55216.983462637814,26752.626623000277,33602,216
aca_zero_premium_turnover,data/intermediate/transition_plan_pair_2022_2023.csv,previous_issuer_id_cw,int64,4898,full_file,4898,4898,0,141,10091,32225.0,53901.0,79222.0,99969,55216.983462637814,26752.626623000277,33602,216
aca_zero_premium_turnover,data/intermediate/transition_plan_pair_2022_2023.csv,current_issuer_id,int64,4898,full_file,4898,4898,0,140,10091,31195.0,50328.0,77320.0,99969,54110.04899959167,26248.076665531597,33602,216
aca_zero_premium_turnover,data/intermediate/transition_plan_pair_2022_2023.csv,current_issuer_id_plan_panel,int64,4898,full_file,4898,4898,0,140,10091,31195.0,50328.0,77320.0,99969,54110.04899959167,26248.076665531597,33602,216
aca_zero_premium_turnover,data/intermediate/transition_plan_pair_2022_2023.csv,current_issuer_final,int64,4898,full_file,4898,4898,0,140,10091,31195.0,50328.0,77320.0,99969,54110.04899959167,26248.076665531597,33602,216
aca_zero_premium_turnover,data/intermediate/transition_plan_pair_2022_2023.csv,previous_plan_issuer_prefix,int64,4898,full_file,4898,4898,0,141,10091,32225.0,53901.0,79222.0,99969,55216.983462637814,26752.626623000277,33602,216
aca_zero_premium_turnover,data/intermediate/transition_plan_pair_2022_2023.csv,current_plan_issuer_prefix,int64,4898,full_file,4898,4898,0,140,10091,31195.0,50328.0,77320.0,99969,54110.04899959167,26248.076665531597,33602,216
aca_zero_premium_turnover,data/intermediate/transition_plan_pair_2022_2023.csv,crosswalk_level,int64,4898,full_file,4898,4898,0,3,0,0.0,0.0,1.0,2,0.486116782360147,0.7107155478769083,0,3142
aca_zero_premium_turnover,data/intermediate/transition_plan_pair_2022_2023.csv,crosswalk_reason_or_type,int64,4898,full_file,4898,4898,0,7,0,0.0,0.0,2.0,8,0.9081257656186198,1.799000050939763,0,3223
aca_zero_premium_turnover,data/intermediate/transition_plan_pair_2022_2023.csv,mapping_quality_flag,object,4898,full_file,4898,4898,0,1,,,,,,,,mapped,4898
aca_zero_premium_turnover,data/intermediate/transition_plan_pair_2022_2023.csv,prior_gross_premium,float64,4898,full_file,4898,4898,0,945,287.63,426.53,476.48,560.36,853.5,499.1004797876684,108.58830239799626,520.12,171
aca_zero_premium_turnover,data/intermediate/transition_plan_pair_2022_2023.csv,current_gross_premium,float64,4898,full_file,4898,4898,0,815,311.37,439.435,512.11,596.39,958.77,532.0105879951,120.35484756887806,464.11,110
aca_zero_premium_turnover,data/intermediate/transition_plan_pair_2022_2023.csv,prior_ehb_premium,float64,4898,full_file,4898,4898,0,951,287.63,426.5,476.48,560.36,844.04,498.74060849265,108.23869220100975,520.12,171
aca_zero_premium_turnover,data/intermediate/transition_plan_pair_2022_2023.csv,current_ehb_premium,float64,4898,full_file,4898,4898,0,815,311.37,439.14,512.11,595.7048565,949.661685,531.6521040806451,119.92181436953939,464.11,110
aca_zero_premium_turnover,data/intermediate/transition_plan_pair_2022_2023.csv,prior_non_ehb_premium,float64,4898,full_file,4898,4898,0,163,0.0,0.0,0.0,0.0,17.25236499999994,0.3598712950183747,1.4050264788541946,0.0,4124
aca_zero_premium_turnover,data/intermediate/transition_plan_pair_2022_2023.csv,current_non_ehb_premium,float64,4898,full_file,4898,4898,0,126,0.0,0.0,0.0,0.0,16.322328000000084,0.3584839144548791,1.3301099998950174,0.0,4278
aca_zero_premium_turnover,data/intermediate/transition_plan_pair_2022_2023.csv,prior_net_premium_proxy_gross_benchmark,float64,4898,full_file,4898,4898,0,1,0.0,0.0,0.0,0.0,0.0,0.0,0.0,0.0,4898
aca_zero_premium_turnover,data/intermediate/transition_plan_pair_2022_2023.csv,current_net_premium_proxy_gross_benchmark,float64,4898,full_file,4898,4898,0,633,0.0,0.0,2.2949999999999875,21.329999999999927,230.06,19.679710085749285,36.20482155876713,0.0,2022
aca_zero_premium_turnover,data/intermediate/transition_plan_pair_2022_2023.csv,prior_net_premium_proxy,float64,4898,full_file,4898,4898,0,185,0.0,0.0,0.0,0.0,17.25236499999994,0.36534653409554885,1.4064779264135285,0.0,4020
aca_zero_premium_turnover,data/intermediate/transition_plan_pair_2022_2023.csv,current_net_premium_proxy,float64,4898,full_file,4898,4898,0,697,0.0,0.0,4.080000000000041,22.25,230.06,20.119612037158024,36.16122811411057,0.0,1747
aca_zero_premium_turnover,data/intermediate/transition_plan_pair_2022_2023.csv,prior_gross_benchmark_zero_premium_flag,bool,4898,full_file,4898,4898,0,1,1.0,1.0,1.0,1.0,1.0,1.0,0.0,True,4898
aca_zero_premium_turnover,data/intermediate/transition_plan_pair_2022_2023.csv,prior_zero_premium_flag,bool,4898,full_file,4898,4898,0,2,0.0,1.0,1.0,1.0,1.0,0.823805634953042,0.38102434482683634,True,4035
aca_zero_premium_turnover,data/intermediate/transition_plan_pair_2022_2023.csv,current_positive_premium_flag,bool,4898,full_file,4898,4898,0,2,0.0,0.0,1.0,1.0,1.0,0.6416904859126173,0.47955266465082547,True,3143
aca_zero_premium_turnover,data/intermediate/transition_plan_pair_2022_2023.csv,zero_to_positive_turnover,bool,4898,full_file,4898,4898,0,2,0.0,0.0,0.0,1.0,1.0,0.47795018374846876,0.4995645683827322,False,2557
aca_zero_premium_turnover,data/intermediate/transition_plan_pair_2022_2023.csv,same_issuer,bool,4898,full_file,4898,4898,0,2,0.0,1.0,1.0,1.0,1.0,0.957942017149857,0.2007419643048592,True,4692
aca_zero_premium_turnover,data/intermediate/transition_plan_pair_2022_2023.csv,across_issuer,bool,4898,full_file,4898,4898,0,2,0.0,0.0,0.0,0.0,1.0,0.042057982850142915,0.20074196430485916,False,4692
aca_zero_premium_turnover,data/intermediate/transition_plan_pair_2022_2023.csv,same_issuer_crosswalk_only,bool,4898,full_file,4898,4898,0,2,0.0,1.0,1.0,1.0,1.0,0.957942017149857,0.2007419643048592,True,4692
aca_zero_premium_turnover,data/intermediate/transition_plan_pair_2022_2023.csv,across_issuer_crosswalk_only,bool,4898,full_file,4898,4898,0,2,0.0,0.0,0.0,0.0,1.0,0.042057982850142915,0.20074196430485916,False,4692
aca_zero_premium_turnover,data/intermediate/transition_plan_pair_2022_2023.csv,same_issuer_plan_panel_only,bool,4898,full_file,4898,4898,0,2,0.0,1.0,1.0,1.0,1.0,0.957942017149857,0.2007419643048592,True,4692
aca_zero_premium_turnover,data/intermediate/transition_plan_pair_2022_2023.csv,across_issuer_plan_panel_only,bool,4898,full_file,4898,4898,0,2,0.0,0.0,0.0,0.0,1.0,0.042057982850142915,0.20074196430485916,False,4692
aca_zero_premium_turnover,data/intermediate/transition_plan_pair_2022_2023.csv,same_issuer_plan_id_prefix,bool,4898,full_file,4898,4898,0,2,0.0,1.0,1.0,1.0,1.0,0.957942017149857,0.2007419643048592,True,4692
aca_zero_premium_turnover,data/intermediate/transition_plan_pair_2022_2023.csv,across_issuer_plan_id_prefix,bool,4898,full_file,4898,4898,0,2,0.0,0.0,0.0,0.0,1.0,0.042057982850142915,0.20074196430485916,False,4692
aca_zero_premium_turnover,data/intermediate/transition_plan_pair_2022_2023.csv,missing_crosswalk_flag,bool,4898,full_file,4898,4898,0,1,0.0,0.0,0.0,0.0,0.0,0.0,0.0,False,4898
aca_zero_premium_turnover,data/intermediate/transition_plan_pair_2022_2023.csv,missing_current_plan_flag,bool,4898,full_file,4898,4898,0,1,0.0,0.0,0.0,0.0,0.0,0.0,0.0,False,4898
aca_zero_premium_turnover,data/intermediate/transition_plan_pair_2022_2023.csv,missing_premium_flag,bool,4898,full_file,4898,4898,0,1,0.0,0.0,0.0,0.0,0.0,0.0,0.0,False,4898
aca_zero_premium_turnover,data/intermediate/transition_plan_pair_2023_2024.csv,transition,object,4898,full_file,4898,4844,54,1,,,,,,,,2023_to_2024,4844
aca_zero_premium_turnover,data/intermediate/transition_plan_pair_2023_2024.csv,state,object,4898,full_file,4898,4898,0,33,,,,,,,,TX,508
aca_zero_premium_turnover,data/intermediate/transition_plan_pair_2023_2024.csv,county_fips,int64,4898,full_file,4898,4898,0,2449,1001,18179.0,31011.0,47097.0,56045,31509.25316455696,15503.805180133159,2013,2
aca_zero_premium_turnover,data/intermediate/transition_plan_pair_2023_2024.csv,rank,object,4898,full_file,4898,4898,0,2,,,,,,,,lowest,2449
aca_zero_premium_turnover,data/intermediate/transition_plan_pair_2023_2024.csv,previous_plan_id,object,4898,full_file,4898,4898,0,396,,,,,,,,40788TX0460003,103
aca_zero_premium_turnover,data/intermediate/transition_plan_pair_2023_2024.csv,current_plan_id,object,4898,full_file,4898,4844,54,349,,,,,,,,00000XX0000000,266
aca_zero_premium_turnover,data/intermediate/transition_plan_pair_2023_2024.csv,previous_issuer_id,int64,4898,full_file,4898,4898,0,141,10091,30252.0,41921.0,71287.0,99723,51684.50081665986,25874.541361063668,40788,205
aca_zero_premium_turnover,data/intermediate/transition_plan_pair_2023_2024.csv,previous_issuer_id_cw,float64,4898,full_file,4898,4844,54,139,10091.0,30113.5,41047.0,70893.0,99723.0,51330.09496284063,25788.981876290392,40788.0,205
aca_zero_premium_turnover,data/intermediate/transition_plan_pair_2023_2024.csv,current_issuer_id,float64,4898,full_file,4898,4844,54,131,0.0,29276.0,40788.0,70893.0,99723.0,49129.70004128819,27754.276924282323,0.0,266
aca_zero_premium_turnover,data/intermediate/transition_plan_pair_2023_2024.csv,current_issuer_id_plan_panel,float64,4898,full_file,4898,4578,320,130,10091.0,30252.0,45819.0,71287.0,99723.0,51984.330930537355,25819.34649127548,40788.0,205
aca_zero_premium_turnover,data/intermediate/transition_plan_pair_2023_2024.csv,current_issuer_final,float64,4898,full_file,4898,4844,54,131,0.0,29276.0,40788.0,70893.0,99723.0,49129.70004128819,27754.276924282323,0.0,266
aca_zero_premium_turnover,data/intermediate/transition_plan_pair_2023_2024.csv,previous_plan_issuer_prefix,int64,4898,full_file,4898,4898,0,141,10091,30252.0,41921.0,71287.0,99723,51684.50081665986,25874.541361063668,40788,205
aca_zero_premium_turnover,data/intermediate/transition_plan_pair_2023_2024.csv,current_plan_issuer_prefix,float64,4898,full_file,4898,4844,54,131,0.0,29276.0,40788.0,70893.0,99723.0,49129.70004128819,27754.276924282323,0.0,266
aca_zero_premium_turnover,data/intermediate/transition_plan_pair_2023_2024.csv,crosswalk_level,float64,4898,full_file,4898,4844,54,4,0.0,0.0,0.0,0.0,3.0,0.3181255161023947,0.6595552502721159,0.0,3787
aca_zero_premium_turnover,data/intermediate/transition_plan_pair_2023_2024.csv,crosswalk_reason_or_type,float64,4898,full_file,4898,4844,54,8,0.0,0.0,0.0,0.0,10.0,1.2146985962014865,2.7775505402985843,0.0,3848
aca_zero_premium_turnover,data/intermediate/transition_plan_pair_2023_2024.csv,mapping_quality_flag,object,4898,full_file,4898,4844,54,2,,,,,,,,mapped,4578
aca_zero_premium_turnover,data/intermediate/transition_plan_pair_2023_2024.csv,prior_gross_premium,float64,4898,full_file,4898,4898,0,979,289.76,427.58,496.03,565.68,937.96,510.0574275214374,110.94268087446503,411.1,75
aca_zero_premium_turnover,data/intermediate/transition_plan_pair_2023_2024.csv,current_gross_premium,float64,4898,full_file,4898,4578,320,881,318.25,469.12,530.86,607.04,1010.27,550.1386129314112,115.48563018856811,579.84,88
aca_zero_premium_turnover,data/intermediate/transition_plan_pair_2023_2024.csv,prior_ehb_premium,float64,4898,full_file,4898,4898,0,983,289.76,427.58,496.03,565.68,937.96,509.61767371233157,110.62311133693176,411.1,75
aca_zero_premium_turnover,data/intermediate/transition_plan_pair_2023_2024.csv,current_ehb_premium,float64,4898,full_file,4898,4578,320,886,318.25,469.09,530.74,607.04,1004.0063259999998,549.6180650725207,115.01499080511971,579.84,88
aca_zero_premium_turnover,data/intermediate/transition_plan_pair_2023_2024.csv,prior_non_ehb_premium,float64,4898,full_file,4898,4898,0,119,0.0,0.0,0.0,0.0,12.636372000000051,0.4397538091057581,1.6440968024519493,0.0,4364
aca_zero_premium_turnover,data/intermediate/transition_plan_pair_2023_2024.csv,current_non_ehb_premium,float64,4898,full_file,4898,4578,320,121,0.0,0.0,0.0,0.0,13.137920000000008,0.5205478588903469,1.8925711655477269,0.0,3898
aca_zero_premium_turnover,data/intermediate/transition_plan_pair_2023_2024.csv,prior_net_premium_proxy_gross_benchmark,float64,4898,full_file,4898,4898,0,1,0.0,0.0,0.0,0.0,0.0,0.0,0.0,0.0,4898
aca_zero_premium_turnover,data/intermediate/transition_plan_pair_2023_2024.csv,current_net_premium_proxy_gross_benchmark,float64,4898,full_file,4898,4578,320,627,0.0,0.0,0.0,20.23999999999998,185.15,14.990991699432065,26.44910420486122,0.0,2360
aca_zero_premium_turnover,data/intermediate/transition_plan_pair_2023_2024.csv,prior_net_premium_proxy,float64,4898,full_file,4898,4898,0,127,0.0,0.0,0.0,0.0,12.636372000000051,0.44176711167823657,1.6438074044874085,0.0,4336
aca_zero_premium_turnover,data/intermediate/transition_plan_pair_2023_2024.csv,current_net_premium_proxy,float64,4898,full_file,4898,4578,320,690,0.0,0.0,2.0003619999999955,20.45429999999999,185.15,15.254725584534734,26.42265800159782,0.0,1968
aca_zero_premium_turnover,data/intermediate/transition_plan_pair_2023_2024.csv,prior_gross_benchmark_zero_premium_flag,bool,4898,full_file,4898,4898,0,1,1.0,1.0,1.0,1.0,1.0,1.0,0.0,True,4898
aca_zero_premium_turnover,data/intermediate/transition_plan_pair_2023_2024.csv,prior_zero_premium_flag,bool,4898,full_file,4898,4898,0,2,0.0,1.0,1.0,1.0,1.0,0.8860759493670886,0.3177514359292337,True,4340
aca_zero_premium_turnover,data/intermediate/transition_plan_pair_2023_2024.csv,current_positive_premium_flag,bool,4898,full_file,4898,4898,0,2,0.0,0.0,1.0,1.0,1.0,0.5328705594120049,0.4989692949955023,True,2610
aca_zero_premium_turnover,data/intermediate/transition_plan_pair_2023_2024.csv,zero_to_positive_turnover,bool,4898,full_file,4898,4898,0,2,0.0,0.0,0.0,1.0,1.0,0.4238464679461004,0.4942170646102683,False,2822
aca_zero_premium_turnover,data/intermediate/transition_plan_pair_2023_2024.csv,same_issuer,bool,4898,full_file,4898,4898,0,2,0.0,1.0,1.0,1.0,1.0,0.9193548387096774,0.2723172037212884,True,4503
aca_zero_premium_turnover,data/intermediate/transition_plan_pair_2023_2024.csv,across_issuer,bool,4898,full_file,4898,4898,0,2,0.0,0.0,0.0,0.0,1.0,0.06962025316455696,0.2545319246136249,False,4557
aca_zero_premium_turnover,data/intermediate/transition_plan_pair_2023_2024.csv,same_issuer_crosswalk_only,bool,4898,full_file,4898,4898,0,2,0.0,1.0,1.0,1.0,1.0,0.9193548387096774,0.2723172037212884,True,4503
aca_zero_premium_turnover,data/intermediate/transition_plan_pair_2023_2024.csv,across_issuer_crosswalk_only,bool,4898,full_file,4898,4898,0,2,0.0,0.0,0.0,0.0,1.0,0.06962025316455696,0.2545319246136249,False,4557
aca_zero_premium_turnover,data/intermediate/transition_plan_pair_2023_2024.csv,same_issuer_plan_panel_only,bool,4898,full_file,4898,4898,0,2,0.0,1.0,1.0,1.0,1.0,0.9193548387096774,0.2723172037212884,True,4503
aca_zero_premium_turnover,data/intermediate/transition_plan_pair_2023_2024.csv,across_issuer_plan_panel_only,bool,4898,full_file,4898,4898,0,2,0.0,0.0,0.0,0.0,1.0,0.015312372396896692,0.12280465242317223,False,4823
aca_zero_premium_turnover,data/intermediate/transition_plan_pair_2023_2024.csv,same_issuer_plan_id_prefix,bool,4898,full_file,4898,4898,0,2,0.0,1.0,1.0,1.0,1.0,0.9193548387096774,0.2723172037212884,True,4503
aca_zero_premium_turnover,data/intermediate/transition_plan_pair_2023_2024.csv,across_issuer_plan_id_prefix,bool,4898,full_file,4898,4898,0,2,0.0,0.0,0.0,0.0,1.0,0.06962025316455696,0.2545319246136249,False,4557
aca_zero_premium_turnover,data/intermediate/transition_plan_pair_2023_2024.csv,missing_crosswalk_flag,bool,4898,full_file,4898,4898,0,2,0.0,0.0,0.0,0.0,1.0,0.011024908125765618,0.10442981406276912,False,4844
aca_zero_premium_turnover,data/intermediate/transition_plan_pair_2023_2024.csv,missing_current_plan_flag,bool,4898,full_file,4898,4898,0,2,0.0,0.0,0.0,0.0,1.0,0.06533278889342589,0.2471373815289997,False,4578
aca_zero_premium_turnover,data/intermediate/transition_plan_pair_2023_2024.csv,missing_premium_flag,bool,4898,full_file,4898,4898,0,2,0.0,0.0,0.0,0.0,1.0,0.06533278889342589,0.2471373815289997,False,4578
aca_zero_premium_turnover,data/intermediate/turnover_transition_2021_2022.csv,year,int64,2617,full_file,2617,2617,0,1,2022,2022.0,2022.0,2022.0,2022,2022.0,0.0,2022,2617
aca_zero_premium_turnover,data/intermediate/turnover_transition_2021_2022.csv,transition,object,2617,full_file,2617,2617,0,1,,,,,,,,2021_to_2022,2617
aca_zero_premium_turnover,data/intermediate/turnover_transition_2021_2022.csv,state,object,2617,full_file,2617,2617,0,36,,,,,,,,TX,254
aca_zero_premium_turnover,data/intermediate/turnover_transition_2021_2022.csv,county_fips,int64,2617,full_file,2617,2617,0,2617,1001,19081.0,30021.0,47013.0,56045,31036.661826518914,15164.669625508135,2013,1
aca_zero_premium_turnover,data/intermediate/turnover_transition_2021_2022.csv,any_zero_to_positive_turnover,bool,2617,full_file,2617,2617,0,2,0.0,0.0,1.0,1.0,1.0,0.69239587313718,0.46158990872437133,True,1812
aca_zero_premium_turnover,data/intermediate/turnover_transition_2021_2022.csv,lowest_zero_to_positive_turnover,bool,2617,full_file,2617,2617,0,2,0.0,0.0,1.0,1.0,1.0,0.5070691631639281,0.5000455715017808,True,1327
aca_zero_premium_turnover,data/intermediate/turnover_transition_2021_2022.csv,second_lowest_zero_to_positive_turnover,bool,2617,full_file,2617,2617,0,2,0.0,0.0,1.0,1.0,1.0,0.6618265189147879,0.4731783309596399,True,1732
aca_zero_premium_turnover,data/intermediate/turnover_transition_2021_2022.csv,any_zero_to_positive_turnover_across_issuer,bool,2617,full_file,2617,2617,0,2,0.0,0.0,0.0,0.0,1.0,0.033626289644631255,0.18029970643457707,False,2529
aca_zero_premium_turnover,data/intermediate/turnover_transition_2021_2022.csv,any_zero_to_positive_turnover_within_issuer,bool,2617,full_file,2617,2617,0,2,0.0,0.0,1.0,1.0,1.0,0.6595338173481086,0.4739565358565901,True,1726
aca_zero_premium_turnover,data/intermediate/turnover_transition_2021_2022.csv,any_zero_to_positive_turnover_across_issuer_crosswalk_only,bool,2617,full_file,2617,2617,0,2,0.0,0.0,0.0,0.0,1.0,0.033626289644631255,0.18029970643457707,False,2529
aca_zero_premium_turnover,data/intermediate/turnover_transition_2021_2022.csv,any_zero_to_positive_turnover_across_issuer_plan_panel_only,bool,2617,full_file,2617,2617,0,2,0.0,0.0,0.0,0.0,1.0,0.033626289644631255,0.18029970643457707,False,2529
aca_zero_premium_turnover,data/intermediate/turnover_transition_2021_2022.csv,any_zero_to_positive_turnover_across_issuer_plan_id_prefix,bool,2617,full_file,2617,2617,0,2,0.0,0.0,0.0,0.0,1.0,0.033626289644631255,0.18029970643457707,False,2529
aca_zero_premium_turnover,data/intermediate/turnover_transition_2021_2022.csv,any_zero_to_positive_turnover_within_issuer_crosswalk_only,bool,2617,full_file,2617,2617,0,2,0.0,0.0,1.0,1.0,1.0,0.6595338173481086,0.4739565358565901,True,1726
aca_zero_premium_turnover,data/intermediate/turnover_transition_2021_2022.csv,any_zero_to_positive_turnover_within_issuer_plan_panel_only,bool,2617,full_file,2617,2617,0,2,0.0,0.0,1.0,1.0,1.0,0.6595338173481086,0.4739565358565901,True,1726
aca_zero_premium_turnover,data/intermediate/turnover_transition_2021_2022.csv,any_zero_to_positive_turnover_within_issuer_plan_id_prefix,bool,2617,full_file,2617,2617,0,2,0.0,0.0,1.0,1.0,1.0,0.6595338173481086,0.4739565358565901,True,1726
aca_zero_premium_turnover,data/intermediate/turnover_transition_2021_2022.csv,lowest_zero_to_positive_turnover_across_issuer,bool,2617,full_file,2617,2617,0,2,0.0,0.0,0.0,0.0,1.0,0.032862055789071455,0.17830953484007878,False,2531
aca_zero_premium_turnover,data/intermediate/turnover_transition_2021_2022.csv,second_lowest_zero_to_positive_turnover_across_issuer,bool,2617,full_file,2617,2617,0,2,0.0,0.0,0.0,0.0,1.0,0.033626289644631255,0.18029970643457707,False,2529
aca_zero_premium_turnover,data/intermediate/turnover_transition_2021_2022.csv,lowest_zero_to_positive_turnover_across_issuer_crosswalk_only,bool,2617,full_file,2617,2617,0,2,0.0,0.0,0.0,0.0,1.0,0.032862055789071455,0.17830953484007878,False,2531
aca_zero_premium_turnover,data/intermediate/turnover_transition_2021_2022.csv,second_lowest_zero_to_positive_turnover_across_issuer_crosswalk_only,bool,2617,full_file,2617,2617,0,2,0.0,0.0,0.0,0.0,1.0,0.033626289644631255,0.18029970643457707,False,2529
aca_zero_premium_turnover,data/intermediate/turnover_transition_2021_2022.csv,any_zero_to_positive_turnover_unmapped,bool,2617,full_file,2617,2617,0,2,0.0,0.0,0.0,0.0,1.0,0.0649598777225831,0.2465021515087769,False,2447
aca_zero_premium_turnover,data/intermediate/turnover_transition_2021_2022.csv,any_zero_premium_prior_year,bool,2617,full_file,2617,2617,0,2,0.0,1.0,1.0,1.0,1.0,0.8700802445548338,0.3362793835987858,True,2277
aca_zero_premium_turnover,data/intermediate/turnover_transition_2021_2022.csv,any_positive_mapped_current_year,bool,2617,full_file,2617,2617,0,2,0.0,1.0,1.0,1.0,1.0,0.795949560565533,0.4030830465413044,True,2083
aca_zero_premium_turnover,data/intermediate/turnover_transition_2021_2022.csv,prior_lowest_zero_premium_flag,bool,2617,full_file,2617,2617,0,2,0.0,1.0,1.0,1.0,1.0,0.8677875429881544,0.3387863355338549,True,2271
aca_zero_premium_turnover,data/intermediate/turnover_transition_2021_2022.csv,prior_second_lowest_zero_premium_flag,bool,2617,full_file,2617,2617,0,2,0.0,1.0,1.0,1.0,1.0,0.8490638135269393,0.3580550834602416,True,2222
aca_zero_premium_turnover,data/intermediate/turnover_transition_2021_2022.csv,current_mapped_lowest_positive_premium_flag,bool,2617,full_file,2617,2617,0,2,0.0,0.0,1.0,1.0,1.0,0.6006878104700039,0.48985064578530685,True,1572
aca_zero_premium_turnover,data/intermediate/turnover_transition_2021_2022.csv,current_mapped_second_lowest_positive_premium_flag,bool,2617,full_file,2617,2617,0,2,0.0,1.0,1.0,1.0,1.0,0.7688192586931601,0.4216682915877005,True,2012
aca_zero_premium_turnover,data/intermediate/turnover_transition_2021_2022.csv,premium_change_lowest,float64,2617,full_file,2617,2447,170,413,-8.667373999999825,0.0,2.1899999999999977,28.94999999999999,324.51,21.907255677155696,36.95927748180568,0.0,856
aca_zero_premium_turnover,data/intermediate/turnover_transition_2021_2022.csv,premium_change_second_lowest,float64,2617,full_file,2617,2447,170,497,-19.69737399999991,0.25,23.71000000000004,39.73000000000005,414.48,33.4475677907642,49.96049712087239,0.0,430
aca_zero_premium_turnover,data/intermediate/turnover_transition_2021_2022.csv,max_premium_change_among_affected_top_two,float64,2617,full_file,2617,1812,805,456,0.1800000000000068,21.590000000000032,33.39999999999998,51.89499999999999,414.48,47.66023366721854,53.42555587654354,5.218688000000043,75
aca_zero_premium_turnover,data/intermediate/turnover_transition_2021_2022.csv,mean_premium_change_among_affected_top_two,float64,2617,full_file,2617,1812,805,468,0.1800000000000068,17.753749999999947,28.682499999999976,45.995000000000005,369.495,41.26862843432671,44.39119674448218,2.6286880000000394,75
aca_zero_premium_turnover,data/intermediate/turnover_transition_2021_2022.csv,current_mapped_premium_lowest,float64,2617,full_file,2617,2447,170,409,0.0,0.0,3.948515999999927,28.94999999999999,324.51,22.202643997139347,36.81305410777511,0.0,860
aca_zero_premium_turnover,data/intermediate/turnover_transition_2021_2022.csv,current_mapped_premium_second_lowest,float64,2617,full_file,2617,2447,170,493,0.0,2.8927999999999656,23.71000000000004,39.73000000000005,414.48,34.35713101552922,49.39367326614023,0.0,435
aca_zero_premium_turnover,data/intermediate/turnover_transition_2021_2022.csv,prior_premium_lowest,float64,2617,full_file,2617,2617,0,67,0.0,0.0,0.0,0.0,8.685169999999914,0.4819262040504411,1.5434313324205722,0.0,2271
aca_zero_premium_turnover,data/intermediate/turnover_transition_2021_2022.csv,prior_premium_second_lowest,float64,2617,full_file,2617,2617,0,76,0.0,0.0,0.0,0.0,29.275169999999942,1.464359953381737,5.195050138495342,0.0,2222
aca_zero_premium_turnover,data/intermediate/turnover_transition_2021_2022.csv,gross_premium_change_lowest,float64,2617,full_file,2617,2447,170,460,-175.78000000000003,0.3099999999999738,15.399999999999975,38.81,293.06000000000006,19.37393134450348,39.598727052913546,14.970000000000027,82
aca_zero_premium_turnover,data/intermediate/turnover_transition_2021_2022.csv,gross_premium_change_second_lowest,float64,2617,full_file,2617,2447,170,509,-309.80000000000007,-1.6800000000000068,16.75999999999999,40.60000000000002,305.1400000000001,16.983894564773195,44.02922847300838,16.089999999999918,82
aca_zero_premium_turnover,data/intermediate/turnover_transition_2021_2022.csv,net_premium_proxy_change_lowest,float64,2617,full_file,2617,2447,170,413,-8.667373999999825,0.0,2.1899999999999977,28.94999999999999,324.51,21.907255677155696,36.95927748180568,0.0,856
aca_zero_premium_turnover,data/intermediate/turnover_transition_2021_2022.csv,net_premium_proxy_change_second_lowest,float64,2617,full_file,2617,2447,170,497,-19.69737399999991,0.25,23.71000000000004,39.73000000000005,414.48,33.4475677907642,49.96049712087239,0.0,430
aca_zero_premium_turnover,data/intermediate/turnover_transition_2021_2022.csv,previous_lowest_plan_id,object,2617,full_file,2617,2617,0,202,,,,,,,,88380VA0720036,106
aca_zero_premium_turnover,data/intermediate/turnover_transition_2021_2022.csv,previous_second_lowest_plan_id,object,2617,full_file,2617,2617,0,244,,,,,,,,29418TX0140079,95
aca_zero_premium_turnover,data/intermediate/turnover_transition_2021_2022.csv,mapped_current_lowest_plan_id,object,2617,full_file,2617,2447,170,178,,,,,,,,88380VA0720036,106
aca_zero_premium_turnover,data/intermediate/turnover_transition_2021_2022.csv,mapped_current_second_lowest_plan_id,object,2617,full_file,2617,2447,170,227,,,,,,,,29418TX0140079,95
aca_zero_premium_turnover,data/intermediate/turnover_transition_2021_2022.csv,previous_lowest_issuer_id,int64,2617,full_file,2617,2617,0,115,10091,29698.0,46944.0,79222.0,99723,52060.10890332442,26338.377251558202,29418,109
aca_zero_premium_turnover,data/intermediate/turnover_transition_2021_2022.csv,previous_second_lowest_issuer_id,int64,2617,full_file,2617,2617,0,116,10091,33602.0,53461.0,79975.0,99969,55058.5666794039,25363.534421992867,88380,115
aca_zero_premium_turnover,data/intermediate/turnover_transition_2021_2022.csv,mapped_current_lowest_issuer_id,float64,2617,full_file,2617,2447,170,109,10091.0,29418.0,45819.0,76168.0,99723.0,51266.39967306906,26432.620514951916,29418.0,109
aca_zero_premium_turnover,data/intermediate/turnover_transition_2021_2022.csv,mapped_current_second_lowest_issuer_id,float64,2617,full_file,2617,2447,170,109,10091.0,32225.0,53461.0,77264.0,99969.0,54266.33837351859,25749.803814253373,88380.0,115
aca_zero_premium_turnover,data/intermediate/turnover_transition_2021_2022.csv,crosswalk_current_lowest_issuer_id,float64,2617,full_file,2617,2447,170,109,10091.0,29418.0,45819.0,76168.0,99723.0,51266.39967306906,26432.620514951916,29418.0,109
aca_zero_premium_turnover,data/intermediate/turnover_transition_2021_2022.csv,crosswalk_current_second_lowest_issuer_id,float64,2617,full_file,2617,2447,170,109,10091.0,32225.0,53461.0,77264.0,99969.0,54266.33837351859,25749.803814253373,88380.0,115
aca_zero_premium_turnover,data/intermediate/turnover_transition_2021_2022.csv,plan_panel_current_lowest_issuer_id,float64,2617,full_file,2617,2447,170,109,10091.0,29418.0,45819.0,76168.0,99723.0,51266.39967306906,26432.620514951916,29418.0,109
aca_zero_premium_turnover,data/intermediate/turnover_transition_2021_2022.csv,plan_panel_current_second_lowest_issuer_id,float64,2617,full_file,2617,2447,170,109,10091.0,32225.0,53461.0,77264.0,99969.0,54266.33837351859,25749.803814253373,88380.0,115
aca_zero_premium_turnover,data/intermediate/turnover_transition_2021_2022.csv,crosswalk_level_lowest,float64,2617,full_file,2617,2447,170,3,0.0,0.0,0.0,0.0,2.0,0.33142623620760114,0.6767404569926914,0.0,1925
aca_zero_premium_turnover,data/intermediate/turnover_transition_2021_2022.csv,crosswalk_level_second_lowest,float64,2617,full_file,2617,2447,170,3,0.0,0.0,0.0,0.0,2.0,0.2975071516142215,0.6487344726745475,0.0,1978
aca_zero_premium_turnover,data/intermediate/turnover_transition_2021_2022.csv,crosswalk_reason_lowest,float64,2617,full_file,2617,2447,170,6,0.0,0.0,0.0,0.0,8.0,0.4160196158561504,1.2474818513155155,0.0,2061
aca_zero_premium_turnover,data/intermediate/turnover_transition_2021_2022.csv,crosswalk_reason_second_lowest,float64,2617,full_file,2617,2447,170,6,0.0,0.0,0.0,0.0,8.0,0.3718839395177769,1.2324956923492152,0.0,2105
aca_zero_premium_turnover,data/intermediate/turnover_transition_2021_2022.csv,same_issuer_lowest,bool,2617,full_file,2617,2617,0,2,0.0,1.0,1.0,1.0,1.0,0.9006495987772258,0.299189077096751,True,2357
aca_zero_premium_turnover,data/intermediate/turnover_transition_2021_2022.csv,same_issuer_second_lowest,bool,2617,full_file,2617,2617,0,2,0.0,1.0,1.0,1.0,1.0,0.8991211310661062,0.3012258204042789,True,2353
aca_zero_premium_turnover,data/intermediate/turnover_transition_2021_2022.csv,same_issuer_lowest_crosswalk_only,bool,2617,full_file,2617,2617,0,2,0.0,1.0,1.0,1.0,1.0,0.9006495987772258,0.299189077096751,True,2357
aca_zero_premium_turnover,data/intermediate/turnover_transition_2021_2022.csv,same_issuer_second_lowest_crosswalk_only,bool,2617,full_file,2617,2617,0,2,0.0,1.0,1.0,1.0,1.0,0.8991211310661062,0.3012258204042789,True,2353
aca_zero_premium_turnover,data/intermediate/turnover_transition_2021_2022.csv,same_issuer_lowest_plan_id_prefix,bool,2617,full_file,2617,2617,0,2,0.0,1.0,1.0,1.0,1.0,0.9006495987772258,0.299189077096751,True,2357
aca_zero_premium_turnover,data/intermediate/turnover_transition_2021_2022.csv,same_issuer_second_lowest_plan_id_prefix,bool,2617,full_file,2617,2617,0,2,0.0,1.0,1.0,1.0,1.0,0.8991211310661062,0.3012258204042789,True,2353
aca_zero_premium_turnover,data/intermediate/turnover_transition_2021_2022.csv,treatment_constructible_flag,bool,2617,full_file,2617,2617,0,2,0.0,1.0,1.0,1.0,1.0,0.9350401222774168,0.24650215150877688,True,2447
aca_zero_premium_turnover,data/intermediate/turnover_transition_2021_2022.csv,reason_not_constructible,object,2617,full_file,2617,170,2447,1,,,,,,,,missing_crosswalk;missing_current_plan;missing_premium,170
aca_zero_premium_turnover,data/intermediate/turnover_transition_2021_2022.csv,missing_previous_plan_flag,bool,2617,full_file,2617,2617,0,1,0.0,0.0,0.0,0.0,0.0,0.0,0.0,False,2617
aca_zero_premium_turnover,data/intermediate/turnover_transition_2021_2022.csv,missing_crosswalk_flag,bool,2617,full_file,2617,2617,0,2,0.0,0.0,0.0,0.0,1.0,0.0649598777225831,0.2465021515087769,False,2447
aca_zero_premium_turnover,data/intermediate/turnover_transition_2021_2022.csv,missing_current_plan_flag,bool,2617,full_file,2617,2617,0,2,0.0,0.0,0.0,0.0,1.0,0.0649598777225831,0.2465021515087769,False,2447
aca_zero_premium_turnover,data/intermediate/turnover_transition_2021_2022.csv,missing_premium_flag,bool,2617,full_file,2617,2617,0,2,0.0,0.0,0.0,0.0,1.0,0.0649598777225831,0.2465021515087769,False,2447
aca_zero_premium_turnover,data/intermediate/turnover_transition_2021_2022.csv,missing_county_mapping_flag,bool,2617,full_file,2617,2617,0,1,0.0,0.0,0.0,0.0,0.0,0.0,0.0,False,2617
aca_zero_premium_turnover,data/intermediate/turnover_transition_2021_2022.csv,zero_premium_measure_type,object,2617,full_file,2617,2617,0,1,,,,,,,,ehb_adjusted_low_income_proxy,2617
aca_zero_premium_turnover,data/intermediate/turnover_transition_2021_2022.csv,premium_measure_type,object,2617,full_file,2617,2617,0,1,,,,,,,,age_40_individual_premium,2617
aca_zero_premium_turnover,data/intermediate/turnover_transition_2022_2023.csv,year,int64,2449,full_file,2449,2449,0,1,2023,2023.0,2023.0,2023.0,2023,2023.0,0.0,2023,2449
aca_zero_premium_turnover,data/intermediate/turnover_transition_2022_2023.csv,transition,object,2449,full_file,2449,2449,0,1,,,,,,,,2022_to_2023,2449
aca_zero_premium_turnover,data/intermediate/turnover_transition_2022_2023.csv,state,object,2449,full_file,2449,2449,0,33,,,,,,,,TX,254
aca_zero_premium_turnover,data/intermediate/turnover_transition_2022_2023.csv,county_fips,int64,2449,full_file,2449,2449,0,2449,1001,18179.0,31011.0,47097.0,56045,31509.25316455696,15505.388412731632,2013,1
aca_zero_premium_turnover,data/intermediate/turnover_transition_2022_2023.csv,any_zero_to_positive_turnover,bool,2449,full_file,2449,2449,0,2,0.0,0.0,1.0,1.0,1.0,0.6010616578195181,0.4897800458749654,True,1472
aca_zero_premium_turnover,data/intermediate/turnover_transition_2022_2023.csv,lowest_zero_to_positive_turnover,bool,2449,full_file,2449,2449,0,2,0.0,0.0,0.0,1.0,1.0,0.39485504287464274,0.4889193655951988,False,1482
aca_zero_premium_turnover,data/intermediate/turnover_transition_2022_2023.csv,second_lowest_zero_to_positive_turnover,bool,2449,full_file,2449,2449,0,2,0.0,0.0,1.0,1.0,1.0,0.5610453246222948,0.4963608266662076,True,1374
aca_zero_premium_turnover,data/intermediate/turnover_transition_2022_2023.csv,any_zero_to_positive_turnover_across_issuer,bool,2449,full_file,2449,2449,0,2,0.0,0.0,0.0,0.0,1.0,0.002041649652919559,0.04514768680757542,False,2444
aca_zero_premium_turnover,data/intermediate/turnover_transition_2022_2023.csv,any_zero_to_positive_turnover_within_issuer,bool,2449,full_file,2449,2449,0,2,0.0,0.0,1.0,1.0,1.0,0.5994283380971825,0.49011436560238336,True,1468
aca_zero_premium_turnover,data/intermediate/turnover_transition_2022_2023.csv,any_zero_to_positive_turnover_across_issuer_crosswalk_only,bool,2449,full_file,2449,2449,0,2,0.0,0.0,0.0,0.0,1.0,0.002041649652919559,0.04514768680757542,False,2444
aca_zero_premium_turnover,data/intermediate/turnover_transition_2022_2023.csv,any_zero_to_positive_turnover_across_issuer_plan_panel_only,bool,2449,full_file,2449,2449,0,2,0.0,0.0,0.0,0.0,1.0,0.002041649652919559,0.04514768680757542,False,2444
aca_zero_premium_turnover,data/intermediate/turnover_transition_2022_2023.csv,any_zero_to_positive_turnover_across_issuer_plan_id_prefix,bool,2449,full_file,2449,2449,0,2,0.0,0.0,0.0,0.0,1.0,0.002041649652919559,0.04514768680757542,False,2444
aca_zero_premium_turnover,data/intermediate/turnover_transition_2022_2023.csv,any_zero_to_positive_turnover_within_issuer_crosswalk_only,bool,2449,full_file,2449,2449,0,2,0.0,0.0,1.0,1.0,1.0,0.5994283380971825,0.49011436560238336,True,1468
aca_zero_premium_turnover,data/intermediate/turnover_transition_2022_2023.csv,any_zero_to_positive_turnover_within_issuer_plan_panel_only,bool,2449,full_file,2449,2449,0,2,0.0,0.0,1.0,1.0,1.0,0.5994283380971825,0.49011436560238336,True,1468
aca_zero_premium_turnover,data/intermediate/turnover_transition_2022_2023.csv,any_zero_to_positive_turnover_within_issuer_plan_id_prefix,bool,2449,full_file,2449,2449,0,2,0.0,0.0,1.0,1.0,1.0,0.5994283380971825,0.49011436560238336,True,1468
aca_zero_premium_turnover,data/intermediate/turnover_transition_2022_2023.csv,lowest_zero_to_positive_turnover_across_issuer,bool,2449,full_file,2449,2449,0,2,0.0,0.0,0.0,0.0,1.0,0.0008166598611678236,0.028571423805672687,False,2447
aca_zero_premium_turnover,data/intermediate/turnover_transition_2022_2023.csv,second_lowest_zero_to_positive_turnover_across_issuer,bool,2449,full_file,2449,2449,0,2,0.0,0.0,0.0,0.0,1.0,0.0016333197223356473,0.040389579163799955,False,2445
aca_zero_premium_turnover,data/intermediate/turnover_transition_2022_2023.csv,lowest_zero_to_positive_turnover_across_issuer_crosswalk_only,bool,2449,full_file,2449,2449,0,2,0.0,0.0,0.0,0.0,1.0,0.0008166598611678236,0.028571423805672687,False,2447
aca_zero_premium_turnover,data/intermediate/turnover_transition_2022_2023.csv,second_lowest_zero_to_positive_turnover_across_issuer_crosswalk_only,bool,2449,full_file,2449,2449,0,2,0.0,0.0,0.0,0.0,1.0,0.0016333197223356473,0.040389579163799955,False,2445
aca_zero_premium_turnover,data/intermediate/turnover_transition_2022_2023.csv,any_zero_to_positive_turnover_unmapped,bool,2449,full_file,2449,2449,0,1,0.0,0.0,0.0,0.0,0.0,0.0,0.0,False,2449
aca_zero_premium_turnover,data/intermediate/turnover_transition_2022_2023.csv,any_zero_premium_prior_year,bool,2449,full_file,2449,2449,0,2,0.0,1.0,1.0,1.0,1.0,0.8383013474887709,0.36824933254155556,True,2053
aca_zero_premium_turnover,data/intermediate/turnover_transition_2022_2023.csv,any_positive_mapped_current_year,bool,2449,full_file,2449,2449,0,2,0.0,1.0,1.0,1.0,1.0,0.7746018783176807,0.4179295747187259,True,1897
aca_zero_premium_turnover,data/intermediate/turnover_transition_2022_2023.csv,prior_lowest_zero_premium_flag,bool,2449,full_file,2449,2449,0,2,0.0,1.0,1.0,1.0,1.0,0.828501429154757,0.37702102466740145,True,2029
aca_zero_premium_turnover,data/intermediate/turnover_transition_2022_2023.csv,prior_second_lowest_zero_premium_flag,bool,2449,full_file,2449,2449,0,2,0.0,1.0,1.0,1.0,1.0,0.8191098407513271,0.3850057610620858,True,2006
aca_zero_premium_turnover,data/intermediate/turnover_transition_2022_2023.csv,current_mapped_lowest_positive_premium_flag,bool,2449,full_file,2449,2449,0,2,0.0,0.0,1.0,1.0,1.0,0.5422621478154349,0.49831245763422055,True,1328
aca_zero_premium_turnover,data/intermediate/turnover_transition_2022_2023.csv,current_mapped_second_lowest_positive_premium_flag,bool,2449,full_file,2449,2449,0,2,0.0,0.0,1.0,1.0,1.0,0.7411188240097999,0.4381096752992033,True,1815
aca_zero_premium_turnover,data/intermediate/turnover_transition_2022_2023.csv,premium_change_lowest,float64,2449,full_file,2449,2449,0,392,-2.091613999999936,0.0,0.1725529999999366,15.129999999999995,167.98999999999995,12.446645216414863,25.41225351920071,0.0,1052
aca_zero_premium_turnover,data/intermediate/turnover_transition_2022_2023.csv,premium_change_second_lowest,float64,2449,full_file,2449,2449,0,478,-2.5632100000000264,0.0,11.240000000000007,35.06999999999999,230.06,27.06188578971009,43.21231974695865,0.0,628
aca_zero_premium_turnover,data/intermediate/turnover_transition_2022_2023.csv,max_premium_change_among_affected_top_two,float64,2449,full_file,2449,1472,977,416,0.2799999999999727,12.019999999999982,24.745000000000005,56.079999999999984,230.06,45.348214205163046,50.01044926157194,12.019999999999982,44
aca_zero_premium_turnover,data/intermediate/turnover_transition_2022_2023.csv,mean_premium_change_among_affected_top_two,float64,2449,full_file,2449,1472,977,423,0.2799999999999727,9.449999999999989,23.96000000000004,48.49999999999999,221.16,39.59386977581522,43.80625589473419,9.449999999999989,44
aca_zero_premium_turnover,data/intermediate/turnover_transition_2022_2023.csv,current_mapped_premium_lowest,float64,2449,full_file,2449,2449,0,370,0.0,0.0,0.4194559999999683,15.47999999999996,167.98999999999995,12.633636904042467,25.38645953018751,0.0,1117
aca_zero_premium_turnover,data/intermediate/turnover_transition_2022_2023.csv,current_mapped_premium_second_lowest,float64,2449,full_file,2449,2449,0,473,0.0,0.0,12.019999999999982,36.579999999999984,230.06,27.605587170273584,43.11850232549168,0.0,630
aca_zero_premium_turnover,data/intermediate/turnover_transition_2022_2023.csv,prior_premium_lowest,float64,2449,full_file,2449,2449,0,95,0.0,0.0,0.0,0.0,4.340279999999893,0.18699168762760285,0.6791528856148441,0.0,2014
aca_zero_premium_turnover,data/intermediate/turnover_transition_2022_2023.csv,prior_premium_second_lowest,float64,2449,full_file,2449,2449,0,99,0.0,0.0,0.0,0.0,17.25236499999994,0.5437013805634949,1.8526394310873733,0.0,2006
aca_zero_premium_turnover,data/intermediate/turnover_transition_2022_2023.csv,gross_premium_change_lowest,float64,2449,full_file,2449,2449,0,532,-106.56,9.900000000000034,33.25,57.72000000000003,199.97000000000003,30.97044916292364,44.921752710999996,41.27999999999997,75
aca_zero_premium_turnover,data/intermediate/turnover_transition_2022_2023.csv,gross_premium_change_second_lowest,float64,2449,full_file,2449,2449,0,575,-106.93,13.58000000000004,35.49000000000001,59.10000000000002,190.9300000000001,34.84976725193956,44.35554294767154,30.0,75
aca_zero_premium_turnover,data/intermediate/turnover_transition_2022_2023.csv,net_premium_proxy_change_lowest,float64,2449,full_file,2449,2449,0,392,-2.091613999999936,0.0,0.1725529999999366,15.129999999999995,167.98999999999995,12.446645216414863,25.41225351920071,0.0,1052
aca_zero_premium_turnover,data/intermediate/turnover_transition_2022_2023.csv,net_premium_proxy_change_second_lowest,float64,2449,full_file,2449,2449,0,478,-2.5632100000000264,0.0,11.240000000000007,35.06999999999999,230.06,27.06188578971009,43.21231974695865,0.0,628
aca_zero_premium_turnover,data/intermediate/turnover_transition_2022_2023.csv,previous_lowest_plan_id,object,2449,full_file,2449,2449,0,196,,,,,,,,33602TX0460704,147
aca_zero_premium_turnover,data/intermediate/turnover_transition_2022_2023.csv,previous_second_lowest_plan_id,object,2449,full_file,2449,2449,0,236,,,,,,,,70893GA0010069,92
aca_zero_premium_turnover,data/intermediate/turnover_transition_2022_2023.csv,mapped_current_lowest_plan_id,object,2449,full_file,2449,2449,0,216,,,,,,,,70893GA0010068,92
aca_zero_premium_turnover,data/intermediate/turnover_transition_2022_2023.csv,mapped_current_second_lowest_plan_id,object,2449,full_file,2449,2449,0,230,,,,,,,,29418TX0140096,102
aca_zero_premium_turnover,data/intermediate/turnover_transition_2022_2023.csv,previous_lowest_issuer_id,int64,2449,full_file,2449,2449,0,129,10091,32225.0,50328.0,77320.0,99969,54146.234789710084,26517.596462713434,33602,154
aca_zero_premium_turnover,data/intermediate/turnover_transition_2022_2023.csv,previous_second_lowest_issuer_id,int64,2449,full_file,2449,2449,0,126,10091,31195.0,54322.0,83761.0,99969,56287.73213556554,26948.498298105416,88380,112
aca_zero_premium_turnover,data/intermediate/turnover_transition_2022_2023.csv,mapped_current_lowest_issuer_id,int64,2449,full_file,2449,2449,0,126,10091,31195.0,46944.0,71287.0,99969,52967.91629236423,25969.222549304282,33602,154
aca_zero_premium_turnover,data/intermediate/turnover_transition_2022_2023.csv,mapped_current_second_lowest_issuer_id,int64,2449,full_file,2449,2449,0,126,10091,31195.0,54192.0,77969.0,99969,55252.18170681911,26480.067522835856,88380,112
aca_zero_premium_turnover,data/intermediate/turnover_transition_2022_2023.csv,crosswalk_current_lowest_issuer_id,int64,2449,full_file,2449,2449,0,126,10091,31195.0,46944.0,71287.0,99969,52967.91629236423,25969.222549304282,33602,154
aca_zero_premium_turnover,data/intermediate/turnover_transition_2022_2023.csv,crosswalk_current_second_lowest_issuer_id,int64,2449,full_file,2449,2449,0,126,10091,31195.0,54192.0,77969.0,99969,55252.18170681911,26480.067522835856,88380,112
aca_zero_premium_turnover,data/intermediate/turnover_transition_2022_2023.csv,plan_panel_current_lowest_issuer_id,int64,2449,full_file,2449,2449,0,126,10091,31195.0,46944.0,71287.0,99969,52967.91629236423,25969.222549304282,33602,154
aca_zero_premium_turnover,data/intermediate/turnover_transition_2022_2023.csv,plan_panel_current_second_lowest_issuer_id,int64,2449,full_file,2449,2449,0,126,10091,31195.0,54192.0,77969.0,99969,55252.18170681911,26480.067522835856,88380,112
aca_zero_premium_turnover,data/intermediate/turnover_transition_2022_2023.csv,crosswalk_level_lowest,int64,2449,full_file,2449,2449,0,3,0,0.0,0.0,1.0,2,0.4299714169048591,0.7415758090412752,0,1769
aca_zero_premium_turnover,data/intermediate/turnover_transition_2022_2023.csv,crosswalk_level_second_lowest,int64,2449,full_file,2449,2449,0,3,0,0.0,0.0,1.0,2,0.5422621478154349,0.6739418805613978,0,1373
aca_zero_premium_turnover,data/intermediate/turnover_transition_2022_2023.csv,crosswalk_reason_lowest,int64,2449,full_file,2449,2449,0,7,0,0.0,0.0,1.0,8,0.6823193140057167,1.69785096123276,0,1817
aca_zero_premium_turnover,data/intermediate/turnover_transition_2022_2023.csv,crosswalk_reason_second_lowest,int64,2449,full_file,2449,2449,0,6,0,0.0,0.0,2.0,8,1.1339322172315232,1.8679956570654503,0,1406
aca_zero_premium_turnover,data/intermediate/turnover_transition_2022_2023.csv,same_issuer_lowest,bool,2449,full_file,2449,2449,0,2,0.0,1.0,1.0,1.0,1.0,0.9599836668027767,0.19603754407604188,True,2351
aca_zero_premium_turnover,data/intermediate/turnover_transition_2022_2023.csv,same_issuer_second_lowest,bool,2449,full_file,2449,2449,0,2,0.0,1.0,1.0,1.0,1.0,0.9559003674969375,0.20535840629647864,True,2341
aca_zero_premium_turnover,data/intermediate/turnover_transition_2022_2023.csv,same_issuer_lowest_crosswalk_only,bool,2449,full_file,2449,2449,0,2,0.0,1.0,1.0,1.0,1.0,0.9599836668027767,0.19603754407604188,True,2351
aca_zero_premium_turnover,data/intermediate/turnover_transition_2022_2023.csv,same_issuer_second_lowest_crosswalk_only,bool,2449,full_file,2449,2449,0,2,0.0,1.0,1.0,1.0,1.0,0.9559003674969375,0.20535840629647864,True,2341
aca_zero_premium_turnover,data/intermediate/turnover_transition_2022_2023.csv,same_issuer_lowest_plan_id_prefix,bool,2449,full_file,2449,2449,0,2,0.0,1.0,1.0,1.0,1.0,0.9599836668027767,0.19603754407604188,True,2351
aca_zero_premium_turnover,data/intermediate/turnover_transition_2022_2023.csv,same_issuer_second_lowest_plan_id_prefix,bool,2449,full_file,2449,2449,0,2,0.0,1.0,1.0,1.0,1.0,0.9559003674969375,0.20535840629647864,True,2341
aca_zero_premium_turnover,data/intermediate/turnover_transition_2022_2023.csv,treatment_constructible_flag,bool,2449,full_file,2449,2449,0,1,1.0,1.0,1.0,1.0,1.0,1.0,0.0,True,2449
aca_zero_premium_turnover,data/intermediate/turnover_transition_2022_2023.csv,reason_not_constructible,float64,2449,full_file,2449,0,2449,0,,,,,,,,,
aca_zero_premium_turnover,data/intermediate/turnover_transition_2022_2023.csv,missing_previous_plan_flag,bool,2449,full_file,2449,2449,0,1,0.0,0.0,0.0,0.0,0.0,0.0,0.0,False,2449
aca_zero_premium_turnover,data/intermediate/turnover_transition_2022_2023.csv,missing_crosswalk_flag,bool,2449,full_file,2449,2449,0,1,0.0,0.0,0.0,0.0,0.0,0.0,0.0,False,2449
aca_zero_premium_turnover,data/intermediate/turnover_transition_2022_2023.csv,missing_current_plan_flag,bool,2449,full_file,2449,2449,0,1,0.0,0.0,0.0,0.0,0.0,0.0,0.0,False,2449
aca_zero_premium_turnover,data/intermediate/turnover_transition_2022_2023.csv,missing_premium_flag,bool,2449,full_file,2449,2449,0,1,0.0,0.0,0.0,0.0,0.0,0.0,0.0,False,2449
aca_zero_premium_turnover,data/intermediate/turnover_transition_2022_2023.csv,missing_county_mapping_flag,bool,2449,full_file,2449,2449,0,1,0.0,0.0,0.0,0.0,0.0,0.0,0.0,False,2449
aca_zero_premium_turnover,data/intermediate/turnover_transition_2022_2023.csv,zero_premium_measure_type,object,2449,full_file,2449,2449,0,1,,,,,,,,ehb_adjusted_low_income_proxy,2449
aca_zero_premium_turnover,data/intermediate/turnover_transition_2022_2023.csv,premium_measure_type,object,2449,full_file,2449,2449,0,1,,,,,,,,age_40_individual_premium,2449
aca_zero_premium_turnover,data/intermediate/turnover_transition_2023_2024.csv,year,int64,2449,full_file,2449,2449,0,1,2024,2024.0,2024.0,2024.0,2024,2024.0,0.0,2024,2449
aca_zero_premium_turnover,data/intermediate/turnover_transition_2023_2024.csv,transition,object,2449,full_file,2449,2449,0,1,,,,,,,,2023_to_2024,2449
aca_zero_premium_turnover,data/intermediate/turnover_transition_2023_2024.csv,state,object,2449,full_file,2449,2449,0,33,,,,,,,,TX,254
aca_zero_premium_turnover,data/intermediate/turnover_transition_2023_2024.csv,county_fips,int64,2449,full_file,2449,2449,0,2449,1001,18179.0,31011.0,47097.0,56045,31509.25316455696,15505.388412731632,2013,1
aca_zero_premium_turnover,data/intermediate/turnover_transition_2023_2024.csv,any_zero_to_positive_turnover,bool,2449,full_file,2449,2449,0,2,0.0,0.0,1.0,1.0,1.0,0.5361371988566762,0.4987942397292545,True,1313
aca_zero_premium_turnover,data/intermediate/turnover_transition_2023_2024.csv,lowest_zero_to_positive_turnover,bool,2449,full_file,2449,2449,0,2,0.0,0.0,0.0,1.0,1.0,0.398121682319314,0.4896107563194508,False,1474
aca_zero_premium_turnover,data/intermediate/turnover_transition_2023_2024.csv,second_lowest_zero_to_positive_turnover,bool,2449,full_file,2449,2449,0,2,0.0,0.0,0.0,1.0,1.0,0.4495712535728869,0.49755203434989964,False,1348
aca_zero_premium_turnover,data/intermediate/turnover_transition_2023_2024.csv,any_zero_to_positive_turnover_across_issuer,bool,2449,full_file,2449,2449,0,2,0.0,0.0,0.0,0.0,1.0,0.0057166190281747655,0.07540730180618149,False,2435
aca_zero_premium_turnover,data/intermediate/turnover_transition_2023_2024.csv,any_zero_to_positive_turnover_within_issuer,bool,2449,full_file,2449,2449,0,2,0.0,0.0,1.0,1.0,1.0,0.532053899550837,0.4990733933958136,True,1303
aca_zero_premium_turnover,data/intermediate/turnover_transition_2023_2024.csv,any_zero_to_positive_turnover_across_issuer_crosswalk_only,bool,2449,full_file,2449,2449,0,2,0.0,0.0,0.0,0.0,1.0,0.0057166190281747655,0.07540730180618149,False,2435
aca_zero_premium_turnover,data/intermediate/turnover_transition_2023_2024.csv,any_zero_to_positive_turnover_across_issuer_plan_panel_only,bool,2449,full_file,2449,2449,0,2,0.0,0.0,0.0,0.0,1.0,0.0057166190281747655,0.07540730180618149,False,2435
aca_zero_premium_turnover,data/intermediate/turnover_transition_2023_2024.csv,any_zero_to_positive_turnover_across_issuer_plan_id_prefix,bool,2449,full_file,2449,2449,0,2,0.0,0.0,0.0,0.0,1.0,0.0057166190281747655,0.07540730180618149,False,2435
aca_zero_premium_turnover,data/intermediate/turnover_transition_2023_2024.csv,any_zero_to_positive_turnover_within_issuer_crosswalk_only,bool,2449,full_file,2449,2449,0,2,0.0,0.0,1.0,1.0,1.0,0.532053899550837,0.4990733933958136,True,1303
aca_zero_premium_turnover,data/intermediate/turnover_transition_2023_2024.csv,any_zero_to_positive_turnover_within_issuer_plan_panel_only,bool,2449,full_file,2449,2449,0,2,0.0,0.0,1.0,1.0,1.0,0.532053899550837,0.4990733933958136,True,1303
aca_zero_premium_turnover,data/intermediate/turnover_transition_2023_2024.csv,any_zero_to_positive_turnover_within_issuer_plan_id_prefix,bool,2449,full_file,2449,2449,0,2,0.0,0.0,1.0,1.0,1.0,0.532053899550837,0.4990733933958136,True,1303
aca_zero_premium_turnover,data/intermediate/turnover_transition_2023_2024.csv,lowest_zero_to_positive_turnover_across_issuer,bool,2449,full_file,2449,2449,0,2,0.0,0.0,0.0,0.0,1.0,0.0016333197223356473,0.040389579163799955,False,2445
aca_zero_premium_turnover,data/intermediate/turnover_transition_2023_2024.csv,second_lowest_zero_to_positive_turnover_across_issuer,bool,2449,full_file,2449,2449,0,2,0.0,0.0,0.0,0.0,1.0,0.0057166190281747655,0.07540730180618149,False,2435
aca_zero_premium_turnover,data/intermediate/turnover_transition_2023_2024.csv,lowest_zero_to_positive_turnover_across_issuer_crosswalk_only,bool,2449,full_file,2449,2449,0,2,0.0,0.0,0.0,0.0,1.0,0.0016333197223356473,0.040389579163799955,False,2445
aca_zero_premium_turnover,data/intermediate/turnover_transition_2023_2024.csv,second_lowest_zero_to_positive_turnover_across_issuer_crosswalk_only,bool,2449,full_file,2449,2449,0,2,0.0,0.0,0.0,0.0,1.0,0.0057166190281747655,0.07540730180618149,False,2435
aca_zero_premium_turnover,data/intermediate/turnover_transition_2023_2024.csv,any_zero_to_positive_turnover_unmapped,bool,2449,full_file,2449,2449,0,2,0.0,0.0,0.0,0.0,1.0,0.011841567986933442,0.10819484837939865,False,2420
aca_zero_premium_turnover,data/intermediate/turnover_transition_2023_2024.csv,any_zero_premium_prior_year,bool,2449,full_file,2449,2449,0,2,0.0,1.0,1.0,1.0,1.0,0.9109840751327072,0.2848248862741215,True,2231
aca_zero_premium_turnover,data/intermediate/turnover_transition_2023_2024.csv,any_positive_mapped_current_year,bool,2449,full_file,2449,2449,0,2,0.0,0.0,1.0,1.0,1.0,0.6406696610861576,0.47990216431951355,True,1569
aca_zero_premium_turnover,data/intermediate/turnover_transition_2023_2024.csv,prior_lowest_zero_premium_flag,bool,2449,full_file,2449,2449,0,2,0.0,1.0,1.0,1.0,1.0,0.9069007758268681,0.29063077732575576,True,2221
aca_zero_premium_turnover,data/intermediate/turnover_transition_2023_2024.csv,prior_second_lowest_zero_premium_flag,bool,2449,full_file,2449,2449,0,2,0.0,1.0,1.0,1.0,1.0,0.8652511229073091,0.34152488124522307,True,2119
aca_zero_premium_turnover,data/intermediate/turnover_transition_2023_2024.csv,current_mapped_lowest_positive_premium_flag,bool,2449,full_file,2449,2449,0,2,0.0,0.0,0.0,1.0,1.0,0.4895875867701103,0.49999366150501867,False,1250
aca_zero_premium_turnover,data/intermediate/turnover_transition_2023_2024.csv,current_mapped_second_lowest_positive_premium_flag,bool,2449,full_file,2449,2449,0,2,0.0,0.0,1.0,1.0,1.0,0.5761535320538995,0.49426753354730163,True,1411
aca_zero_premium_turnover,data/intermediate/turnover_transition_2023_2024.csv,premium_change_lowest,float64,2449,full_file,2449,2288,161,351,-0.5204620000000091,0.0,0.042438000000061,18.24499999999999,180.82000000000005,14.359352266171332,26.401433832637213,0.0,1089
aca_zero_premium_turnover,data/intermediate/turnover_transition_2023_2024.csv,premium_change_second_lowest,float64,2449,full_file,2449,2290,159,396,-4.41255000000001,0.0,1.555876000000012,20.840000000000032,185.15,15.219112262008736,26.527835069022796,0.0,863
aca_zero_premium_turnover,data/intermediate/turnover_transition_2023_2024.csv,max_premium_change_among_affected_top_two,float64,2449,full_file,2449,1313,1136,381,0.0399999999999636,4.759999999999991,20.840000000000032,42.78999999999997,185.15,28.30763492840823,29.445815607323897,0.042705000000069,75
aca_zero_premium_turnover,data/intermediate/turnover_transition_2023_2024.csv,mean_premium_change_among_affected_top_two,float64,2449,full_file,2449,1313,1136,386,0.0399999999999636,4.759999999999991,18.58499999999998,36.920000000000016,182.985,26.03977784158416,28.175128047460007,0.042571500000065,75
aca_zero_premium_turnover,data/intermediate/turnover_transition_2023_2024.csv,current_mapped_premium_lowest,float64,2449,full_file,2449,2288,161,349,0.0,0.0,0.042438000000061,19.937500000000014,180.82000000000005,14.65555075568182,26.422213709166183,0.0,1089
aca_zero_premium_turnover,data/intermediate/turnover_transition_2023_2024.csv,current_mapped_premium_second_lowest,float64,2449,full_file,2449,2290,159,395,0.0,0.0,2.768239999999992,21.139999999999983,185.15,15.853377116593888,26.41529718274352,0.0,879
aca_zero_premium_turnover,data/intermediate/turnover_transition_2023_2024.csv,prior_premium_lowest,float64,2449,full_file,2449,2449,0,47,0.0,0.0,0.0,0.0,11.669241,0.2834916733360554,1.3074716574734282,0.0,2217
aca_zero_premium_turnover,data/intermediate/turnover_transition_2023_2024.csv,prior_premium_second_lowest,float64,2449,full_file,2449,2449,0,84,0.0,0.0,0.0,0.0,12.636372000000051,0.6000425500204178,1.9093728121542648,0.0,2119
aca_zero_premium_turnover,data/intermediate/turnover_transition_2023_2024.csv,gross_premium_change_lowest,float64,2449,full_file,2449,2288,161,480,-76.63999999999999,13.279999999999973,29.420000000000016,47.25,182.97000000000003,34.063417832167836,37.17781279441937,13.279999999999973,75
aca_zero_premium_turnover,data/intermediate/turnover_transition_2023_2024.csv,gross_premium_change_second_lowest,float64,2449,full_file,2449,2290,159,505,-109.47999999999996,10.997500000000029,24.670000000000016,45.860000000000014,182.3,28.63484279475983,36.86733080325067,11.509999999999993,75
aca_zero_premium_turnover,data/intermediate/turnover_transition_2023_2024.csv,net_premium_proxy_change_lowest,float64,2449,full_file,2449,2288,161,351,-0.5204620000000091,0.0,0.042438000000061,18.24499999999999,180.82000000000005,14.359352266171332,26.401433832637213,0.0,1089
aca_zero_premium_turnover,data/intermediate/turnover_transition_2023_2024.csv,net_premium_proxy_change_second_lowest,float64,2449,full_file,2449,2290,159,396,-4.41255000000001,0.0,1.555876000000012,20.840000000000032,185.15,15.219112262008736,26.527835069022796,0.0,863
aca_zero_premium_turnover,data/intermediate/turnover_transition_2023_2024.csv,previous_lowest_plan_id,object,2449,full_file,2449,2449,0,207,,,,,,,,40788TX0460003,103
aca_zero_premium_turnover,data/intermediate/turnover_transition_2023_2024.csv,previous_second_lowest_plan_id,object,2449,full_file,2449,2449,0,253,,,,,,,,40788TX0460008,102
aca_zero_premium_turnover,data/intermediate/turnover_transition_2023_2024.csv,mapped_current_lowest_plan_id,object,2449,full_file,2449,2421,28,194,,,,,,,,00000XX0000000,133
aca_zero_premium_turnover,data/intermediate/turnover_transition_2023_2024.csv,mapped_current_second_lowest_plan_id,object,2449,full_file,2449,2423,26,230,,,,,,,,00000XX0000000,133
aca_zero_premium_turnover,data/intermediate/turnover_transition_2023_2024.csv,previous_lowest_issuer_id,int64,2449,full_file,2449,2449,0,128,11512,31274.0,46944.0,71287.0,99723,52447.765618619844,25732.338200460006,40788,103
aca_zero_premium_turnover,data/intermediate/turnover_transition_2023_2024.csv,previous_second_lowest_issuer_id,int64,2449,full_file,2449,2449,0,132,10091,29698.0,40788.0,71287.0,99723,50921.236014699876,25998.815646161613,40788,102
aca_zero_premium_turnover,data/intermediate/turnover_transition_2023_2024.csv,mapped_current_lowest_issuer_id,float64,2449,full_file,2449,2421,28,121,0.0,27833.0,42326.0,70893.0,99723.0,49865.19578686493,27896.761701188392,0.0,133
aca_zero_premium_turnover,data/intermediate/turnover_transition_2023_2024.csv,mapped_current_second_lowest_issuer_id,float64,2449,full_file,2449,2423,26,123,0.0,29276.0,40788.0,70893.0,99723.0,48394.81139083781,27597.355625878503,0.0,133
aca_zero_premium_turnover,data/intermediate/turnover_transition_2023_2024.csv,crosswalk_current_lowest_issuer_id,float64,2449,full_file,2449,2421,28,121,0.0,27833.0,42326.0,70893.0,99723.0,49865.19578686493,27896.761701188392,0.0,133
aca_zero_premium_turnover,data/intermediate/turnover_transition_2023_2024.csv,crosswalk_current_second_lowest_issuer_id,float64,2449,full_file,2449,2423,26,123,0.0,29276.0,40788.0,70893.0,99723.0,48394.81139083781,27597.355625878503,0.0,133
aca_zero_premium_turnover,data/intermediate/turnover_transition_2023_2024.csv,plan_panel_current_lowest_issuer_id,float64,2449,full_file,2449,2288,161,120,11512.0,31143.25,46944.0,73107.0,99723.0,52763.82823426573,25893.57554697088,40788.0,103
aca_zero_premium_turnover,data/intermediate/turnover_transition_2023_2024.csv,plan_panel_current_second_lowest_issuer_id,float64,2449,full_file,2449,2290,159,122,10091.0,30252.0,40788.0,70893.0,99723.0,51205.51441048035,25727.03773903437,40788.0,102
aca_zero_premium_turnover,data/intermediate/turnover_transition_2023_2024.csv,crosswalk_level_lowest,float64,2449,full_file,2449,2421,28,4,0.0,0.0,0.0,0.0,3.0,0.34118133002891365,0.6827824155784835,0.0,1851
aca_zero_premium_turnover,data/intermediate/turnover_transition_2023_2024.csv,crosswalk_level_second_lowest,float64,2449,full_file,2449,2423,26,4,0.0,0.0,0.0,0.0,3.0,0.29508873297565,0.6348051047565247,0.0,1936
aca_zero_premium_turnover,data/intermediate/turnover_transition_2023_2024.csv,crosswalk_reason_lowest,float64,2449,full_file,2449,2421,28,7,0.0,0.0,0.0,0.0,10.0,1.3477901693515077,2.8575809481029877,0.0,1881
aca_zero_premium_turnover,data/intermediate/turnover_transition_2023_2024.csv,crosswalk_reason_second_lowest,float64,2449,full_file,2449,2423,26,8,0.0,0.0,0.0,0.0,10.0,1.0817168799009493,2.689231366352704,0.0,1967
aca_zero_premium_turnover,data/intermediate/turnover_transition_2023_2024.csv,same_issuer_lowest,bool,2449,full_file,2449,2449,0,2,0.0,1.0,1.0,1.0,1.0,0.9211923233973051,0.2694933809193583,True,2256
aca_zero_premium_turnover,data/intermediate/turnover_transition_2023_2024.csv,same_issuer_second_lowest,bool,2449,full_file,2449,2449,0,2,0.0,1.0,1.0,1.0,1.0,0.9175173540220498,0.27515481791247437,True,2247
aca_zero_premium_turnover,data/intermediate/turnover_transition_2023_2024.csv,same_issuer_lowest_crosswalk_only,bool,2449,full_file,2449,2449,0,2,0.0,1.0,1.0,1.0,1.0,0.9211923233973051,0.2694933809193583,True,2256
aca_zero_premium_turnover,data/intermediate/turnover_transition_2023_2024.csv,same_issuer_second_lowest_crosswalk_only,bool,2449,full_file,2449,2449,0,2,0.0,1.0,1.0,1.0,1.0,0.9175173540220498,0.27515481791247437,True,2247
aca_zero_premium_turnover,data/intermediate/turnover_transition_2023_2024.csv,same_issuer_lowest_plan_id_prefix,bool,2449,full_file,2449,2449,0,2,0.0,1.0,1.0,1.0,1.0,0.9211923233973051,0.2694933809193583,True,2256
aca_zero_premium_turnover,data/intermediate/turnover_transition_2023_2024.csv,same_issuer_second_lowest_plan_id_prefix,bool,2449,full_file,2449,2449,0,2,0.0,1.0,1.0,1.0,1.0,0.9175173540220498,0.27515481791247437,True,2247
aca_zero_premium_turnover,data/intermediate/turnover_transition_2023_2024.csv,treatment_constructible_flag,bool,2449,full_file,2449,2449,0,2,0.0,1.0,1.0,1.0,1.0,0.9338505512454063,0.24859391291481564,True,2287
aca_zero_premium_turnover,data/intermediate/turnover_transition_2023_2024.csv,reason_not_constructible,object,2449,full_file,2449,162,2287,2,,,,,,,,missing_current_plan;missing_premium,133
aca_zero_premium_turnover,data/intermediate/turnover_transition_2023_2024.csv,missing_previous_plan_flag,bool,2449,full_file,2449,2449,0,1,0.0,0.0,0.0,0.0,0.0,0.0,0.0,False,2449
aca_zero_premium_turnover,data/intermediate/turnover_transition_2023_2024.csv,missing_crosswalk_flag,bool,2449,full_file,2449,2449,0,2,0.0,0.0,0.0,0.0,1.0,0.011841567986933442,0.10819484837939865,False,2420
aca_zero_premium_turnover,data/intermediate/turnover_transition_2023_2024.csv,missing_current_plan_flag,bool,2449,full_file,2449,2449,0,2,0.0,0.0,0.0,0.0,1.0,0.0661494487545937,0.24859391291481564,False,2287
aca_zero_premium_turnover,data/intermediate/turnover_transition_2023_2024.csv,missing_premium_flag,bool,2449,full_file,2449,2449,0,2,0.0,0.0,0.0,0.0,1.0,0.0661494487545937,0.24859391291481564,False,2287
aca_zero_premium_turnover,data/intermediate/turnover_transition_2023_2024.csv,missing_county_mapping_flag,bool,2449,full_file,2449,2449,0,1,0.0,0.0,0.0,0.0,0.0,0.0,0.0,False,2449
aca_zero_premium_turnover,data/intermediate/turnover_transition_2023_2024.csv,zero_premium_measure_type,object,2449,full_file,2449,2449,0,1,,,,,,,,ehb_adjusted_low_income_proxy,2449
aca_zero_premium_turnover,data/intermediate/turnover_transition_2023_2024.csv,premium_measure_type,object,2449,full_file,2449,2449,0,1,,,,,,,,age_40_individual_premium,2449
aca_zero_premium_turnover,data/intermediate/two_lowest_silver_plans_county_year.csv,year,int64,9831,full_file,9831,9831,0,4,2021,2021.0,2022.0,2023.0,2024,2022.4540738480318,1.1187395875444828,2021,2617
aca_zero_premium_turnover,data/intermediate/two_lowest_silver_plans_county_year.csv,state,object,9831,full_file,9831,9831,0,36,,,,,,,,TX,1016
aca_zero_premium_turnover,data/intermediate/two_lowest_silver_plans_county_year.csv,county_fips,int64,9831,full_file,9831,9831,0,2619,1001,18183.0,30065.0,47027.0,56045,31116.1953005798,15344.036488009719,56045,4
aca_zero_premium_turnover,data/intermediate/two_lowest_silver_plans_county_year.csv,county_name,object,9831,full_file,9831,9831,0,1553,,,,,,,,Washington,85
aca_zero_premium_turnover,data/intermediate/two_lowest_silver_plans_county_year.csv,has_two_silver_plans,bool,9831,full_file,9831,9831,0,1,1.0,1.0,1.0,1.0,1.0,1.0,0.0,True,9831
aca_zero_premium_turnover,data/intermediate/two_lowest_silver_plans_county_year.csv,lowest_silver_plan_id,object,9831,full_file,9831,9831,0,586,,,,,,,,33602TX0460704,229
aca_zero_premium_turnover,data/intermediate/two_lowest_silver_plans_county_year.csv,lowest_silver_issuer_id,int64,9831,full_file,9831,9831,0,200,10091,30252.0,46944.0,76179.0,99969,52434.306682941715,26236.09817225896,33602,357
aca_zero_premium_turnover,data/intermediate/two_lowest_silver_plans_county_year.csv,lowest_silver_premium,float64,9831,full_file,9831,9831,0,1899,287.63,434.58,485.81,556.68,988.67,505.0545315837656,108.04408945710189,520.12,147
aca_zero_premium_turnover,data/intermediate/two_lowest_silver_plans_county_year.csv,lowest_silver_ehb_premium,float64,9831,full_file,9831,9831,0,1915,287.63,434.315,485.81,556.545,982.441379,504.851975519581,107.8226982890262,520.12,147
aca_zero_premium_turnover,data/intermediate/two_lowest_silver_plans_county_year.csv,lowest_silver_non_ehb_premium,float64,9831,full_file,9831,9831,0,198,0.0,0.0,0.0,0.0,11.669241,0.2025560641847225,0.8960072546791008,0.0,8816
aca_zero_premium_turnover,data/intermediate/two_lowest_silver_plans_county_year.csv,second_lowest_silver_plan_id,object,9831,full_file,9831,9831,0,750,,,,,,,,37903AR0070033,150
aca_zero_premium_turnover,data/intermediate/two_lowest_silver_plans_county_year.csv,second_lowest_silver_issuer_id,int64,9831,full_file,9831,9831,0,213,10091,31195.0,48396.0,77264.0,99969,53451.55213101414,26155.25468075509,70893,321
aca_zero_premium_turnover,data/intermediate/two_lowest_silver_plans_county_year.csv,second_lowest_silver_premium,float64,9831,full_file,9831,9831,0,2011,287.72,442.425,499.89,576.56,1010.27,519.0309225918014,112.65907595091099,555.97,82
aca_zero_premium_turnover,data/intermediate/two_lowest_silver_plans_county_year.csv,second_lowest_silver_ehb_premium,float64,9831,full_file,9831,9831,0,2030,287.72,441.270655,499.26,576.56,1004.0063259999998,518.299749014851,112.31418592574286,555.97,82
aca_zero_premium_turnover,data/intermediate/two_lowest_silver_plans_county_year.csv,second_lowest_silver_non_ehb_premium,float64,9831,full_file,9831,9831,0,313,0.0,0.0,0.0,0.0,29.275169999999942,0.7311735769504645,3.063154012396371,0.0,8372
aca_zero_premium_turnover,data/intermediate/two_lowest_silver_plans_county_year.csv,number_of_silver_plans,int64,9831,full_file,9831,9831,0,84,2,8.0,15.0,24.0,100,17.27179330688638,11.873364397866208,6,644
aca_zero_premium_turnover,data/intermediate/two_lowest_silver_plans_county_year.csv,number_of_plans_tied_lowest,int64,9831,full_file,9831,9831,0,2,1,1.0,1.0,1.0,2,1.0123080052893907,0.11026221007442587,1,9710
aca_zero_premium_turnover,data/intermediate/two_lowest_silver_plans_county_year.csv,number_of_plans_tied_second_lowest,int64,9831,full_file,9831,9831,0,2,1,1.0,1.0,1.0,2,1.0014240667276981,0.03771184727380603,1,9817
aca_zero_premium_turnover,data/intermediate/two_lowest_silver_plans_county_year.csv,tie_handling_rule,object,9831,full_file,9831,9831,0,1,,,,,,,,"sort by premium, issuer_id, plan_id; choose first and second unique plan_id rows",9831
aca_zero_premium_turnover,data/intermediate/two_lowest_silver_plans_county_year.csv,tie_flag,bool,9831,full_file,9831,9831,0,2,0.0,0.0,0.0,0.0,1.0,0.0137320720170888,0.11638247285376688,False,9696
aca_zero_premium_turnover,data/intermediate/two_lowest_silver_plans_county_year.csv,top_two_same_issuer,bool,9831,full_file,9831,9831,0,2,0.0,1.0,1.0,1.0,1.0,0.7509917607567898,0.4324605875094227,True,7383
aca_zero_premium_turnover,data/intermediate/zero_premium_proxy_all_metal_county_year.csv,year,int64,446800,first_10000_rows,10000,10000,0,1,2021,2021.0,2021.0,2021.0,2021,2021.0,0.0,2021,10000
aca_zero_premium_turnover,data/intermediate/zero_premium_proxy_all_metal_county_year.csv,state,object,446800,first_10000_rows,10000,10000,0,7,,,,,,,,FL,5000
aca_zero_premium_turnover,data/intermediate/zero_premium_proxy_all_metal_county_year.csv,county_fips,int64,446800,first_10000_rows,10000,10000,0,300,1001,5083.0,12033.0,12103.0,13089,9335.7169,3954.8356842583657,12117,180
aca_zero_premium_turnover,data/intermediate/zero_premium_proxy_all_metal_county_year.csv,plan_id,object,446800,first_10000_rows,10000,10000,0,751,,,,,,,,62141AR0080017,75
aca_zero_premium_turnover,data/intermediate/zero_premium_proxy_all_metal_county_year.csv,issuer_id,int64,446800,first_10000_rows,10000,10000,0,32,12379,21663.0,40572.0,62141.0,97667,43501.4334,22416.00402806939,21663,1575
aca_zero_premium_turnover,data/intermediate/zero_premium_proxy_all_metal_county_year.csv,issuer_name,object,446800,first_10000_rows,10000,10000,0,30,,,,,,,,Ambetter from Sunshine Health,1575
aca_zero_premium_turnover,data/intermediate/zero_premium_proxy_all_metal_county_year.csv,plan_marketing_name,object,446800,first_10000_rows,10000,10000,0,448,,,,,,,,Ambetter Secure Care 5 (2021) + Vision + Adult Dental,188
aca_zero_premium_turnover,data/intermediate/zero_premium_proxy_all_metal_county_year.csv,metal_level,object,446800,first_10000_rows,10000,10000,0,6,,,,,,,,Silver,4956
aca_zero_premium_turnover,data/intermediate/zero_premium_proxy_all_metal_county_year.csv,gross_age_40_premium,float64,446800,first_10000_rows,10000,10000,0,5155,200.29,409.78,473.95000000000005,559.805,1257.4,501.533182,134.13983256372023,428.81,150
aca_zero_premium_turnover,data/intermediate/zero_premium_proxy_all_metal_county_year.csv,ehb_percent_total_premium,float64,446800,first_10000_rows,10000,10000,0,46,91.95,99.26,100.0,100.0,100.0,99.174902,1.576973409702742,100.0,7054
aca_zero_premium_turnover,data/intermediate/zero_premium_proxy_all_metal_county_year.csv,ehb_share_of_total_premium,float64,446800,first_10000_rows,10000,10000,0,46,0.9195,0.9926,1.0,1.0,1.0,0.99174902,0.01576973409702743,1.0,7054
aca_zero_premium_turnover,data/intermediate/zero_premium_proxy_all_metal_county_year.csv,ehb_percent_missing_flag,bool,446800,first_10000_rows,10000,10000,0,1,0.0,0.0,0.0,0.0,0.0,0.0,0.0,False,10000
aca_zero_premium_turnover,data/intermediate/zero_premium_proxy_all_metal_county_year.csv,ehb_age_40_premium,float64,446800,first_10000_rows,10000,10000,0,5279,195.983765,407.35,469.7397985,553.85,1257.4,497.60619699789993,134.57889827786087,428.81,150
aca_zero_premium_turnover,data/intermediate/zero_premium_proxy_all_metal_county_year.csv,non_ehb_age_40_premium,float64,446800,first_10000_rows,10000,10000,0,1091,0.0,0.0,0.0,2.809799999999996,40.08148799999992,3.9269850021000003,7.6585924482459555,0.0,7054
aca_zero_premium_turnover,data/intermediate/zero_premium_proxy_all_metal_county_year.csv,benchmark_or_second_lowest_silver_premium_proxy,float64,446800,first_10000_rows,10000,10000,0,107,353.44,393.61,445.82,490.63,881.05,464.014203,76.36999805948112,393.61,2625
aca_zero_premium_turnover,data/intermediate/zero_premium_proxy_all_metal_county_year.csv,benchmark_or_second_lowest_silver_ehb_premium_proxy,float64,446800,first_10000_rows,10000,10000,0,107,353.44,393.61,445.82,490.63,881.05,463.7268636988,76.21986296564191,393.61,2625
aca_zero_premium_turnover,data/intermediate/zero_premium_proxy_all_metal_county_year.csv,estimated_net_premium_proxy_gross_benchmark,float64,446800,first_10000_rows,10000,10000,0,3848,0.0,0.0,27.639999999999958,81.01249999999999,791.23,62.82135299999999,96.59769895066677,0.0,3421
aca_zero_premium_turnover,data/intermediate/zero_premium_proxy_all_metal_county_year.csv,gross_benchmark_zero_premium_proxy,bool,446800,first_10000_rows,10000,10000,0,2,0.0,0.0,0.0,1.0,1.0,0.3421,0.4744366122148468,False,6579
aca_zero_premium_turnover,data/intermediate/zero_premium_proxy_all_metal_county_year.csv,estimated_ehb_net_component_proxy,float64,446800,first_10000_rows,10000,10000,0,3893,0.0,0.0,23.129999999999995,77.63000000000011,791.23,59.88536687729999,96.86136474265736,0.0,3429
aca_zero_premium_turnover,data/intermediate/zero_premium_proxy_all_metal_county_year.csv,estimated_net_premium_proxy,float64,446800,first_10000_rows,10000,10000,0,4158,0.0,0.0,28.029999999999973,81.40750000000003,791.23,63.81235187939999,96.13854695180464,0.0,2565
aca_zero_premium_turnover,data/intermediate/zero_premium_proxy_all_metal_county_year.csv,zero_premium_proxy,bool,446800,first_10000_rows,10000,10000,0,2,0.0,0.0,0.0,1.0,1.0,0.2565,0.4367228213435476,False,7435
aca_zero_premium_turnover,data/intermediate/zero_premium_proxy_all_metal_county_year.csv,ehb_adjustment_changes_zero_flag,bool,446800,first_10000_rows,10000,10000,0,2,0.0,0.0,0.0,0.0,1.0,0.0856,0.27978646866280843,False,9144
aca_zero_premium_turnover,data/intermediate/zero_premium_proxy_all_metal_county_year.csv,subsidy_assumption,object,446800,first_10000_rows,10000,10000,0,1,,,,,,,,Age-40 100-150% FPL proxy assumes zero expected contribution at 125% FPL; APTC is capped by county-year SLCSP EHB premium.,10000
aca_zero_premium_turnover,data/intermediate/zero_premium_proxy_all_metal_county_year.csv,notes,object,446800,first_10000_rows,10000,10000,0,1,,,,,,,,EHB-aware proxy; non-EHB premium residual remains payable. Still not exact household-specific post-subsidy premium.,10000
aca_zero_premium_turnover,data/intermediate/zero_premium_proxy_county_year.csv,year,int64,169799,first_10000_rows,10000,10000,0,1,2021,2021.0,2021.0,2021.0,2021,2021.0,0.0,2021,10000
aca_zero_premium_turnover,data/intermediate/zero_premium_proxy_county_year.csv,state,object,169799,first_10000_rows,10000,10000,0,12,,,,,,,,FL,2293
aca_zero_premium_turnover,data/intermediate/zero_premium_proxy_county_year.csv,county_fips,int64,169799,first_10000_rows,10000,10000,0,734,1001,12022.5,13097.0,18023.0,20041,12935.7034,4965.708864128138,12117,70
aca_zero_premium_turnover,data/intermediate/zero_premium_proxy_county_year.csv,plan_id,object,169799,first_10000_rows,10000,10000,0,450,,,,,,,,70893GA0030041,114
aca_zero_premium_turnover,data/intermediate/zero_premium_proxy_county_year.csv,issuer_id,int64,169799,first_10000_rows,10000,10000,0,52,12379,27833.0,60224.0,75293.0,97667,53072.1015,23189.573879868316,76179,1472
aca_zero_premium_turnover,data/intermediate/zero_premium_proxy_county_year.csv,issuer_name,object,169799,first_10000_rows,10000,10000,0,44,,,,,,,,Ambetter from MHS,1472
aca_zero_premium_turnover,data/intermediate/zero_premium_proxy_county_year.csv,plan_marketing_name,object,169799,first_10000_rows,10000,10000,0,219,,,,,,,,Ambetter Balanced Care 11 (2021),422
aca_zero_premium_turnover,data/intermediate/zero_premium_proxy_county_year.csv,metal_level,object,169799,first_10000_rows,10000,10000,0,1,,,,,,,,Silver,10000
aca_zero_premium_turnover,data/intermediate/zero_premium_proxy_county_year.csv,gross_age_40_premium,float64,169799,first_10000_rows,10000,10000,0,3066,328.64,435.07,488.62,551.43,1013.79,507.473808,96.82503972398302,416.89,150
aca_zero_premium_turnover,data/intermediate/zero_premium_proxy_county_year.csv,ehb_percent_total_premium,float64,169799,first_10000_rows,10000,10000,0,39,93.91,96.21,100.0,100.0,100.0,98.765331,1.9170996889991816,100.0,5918
aca_zero_premium_turnover,data/intermediate/zero_premium_proxy_county_year.csv,ehb_share_of_total_premium,float64,169799,first_10000_rows,10000,10000,0,39,0.9391,0.9621,1.0,1.0,1.0,0.98765331,0.019170996889991812,1.0,5918
aca_zero_premium_turnover,data/intermediate/zero_premium_proxy_county_year.csv,ehb_percent_missing_flag,bool,169799,first_10000_rows,10000,10000,0,1,0.0,0.0,0.0,0.0,0.0,0.0,0.0,False,10000
aca_zero_premium_turnover,data/intermediate/zero_premium_proxy_county_year.csv,ehb_age_40_premium,float64,169799,first_10000_rows,10000,10000,0,3161,328.64,428.81,479.8879295,544.1148,1013.79,501.4620846949,97.95328872639683,416.89,150
aca_zero_premium_turnover,data/intermediate/zero_premium_proxy_county_year.csv,non_ehb_age_40_premium,float64,169799,first_10000_rows,10000,10000,0,1048,0.0,0.0,0.0,17.415569999999946,34.99070400000005,6.011723305100005,9.353623955910624,0.0,5918
aca_zero_premium_turnover,data/intermediate/zero_premium_proxy_county_year.csv,benchmark_or_second_lowest_silver_premium_proxy,float64,169799,first_10000_rows,10000,10000,0,171,331.57,397.21,445.35,481.38,881.05,455.55645499999997,72.10216242433788,393.61,1650
aca_zero_premium_turnover,data/intermediate/zero_premium_proxy_county_year.csv,benchmark_or_second_lowest_silver_ehb_premium_proxy,float64,169799,first_10000_rows,10000,10000,0,171,331.57,396.71498,444.57906,481.38,881.05,455.19563185370004,71.84402628519007,393.61,1650
aca_zero_premium_turnover,data/intermediate/zero_premium_proxy_county_year.csv,estimated_net_premium_proxy_gross_benchmark,float64,169799,first_10000_rows,10000,10000,0,3088,0.0,14.91250000000005,35.19999999999999,67.85000000000002,547.6199999999999,53.590681,65.47580417757013,0.0,1467
aca_zero_premium_turnover,data/intermediate/zero_premium_proxy_county_year.csv,gross_benchmark_zero_premium_proxy,bool,169799,first_10000_rows,10000,10000,0,2,0.0,0.0,0.0,0.0,1.0,0.1467,0.35382429136919963,False,8533
aca_zero_premium_turnover,data/intermediate/zero_premium_proxy_county_year.csv,estimated_ehb_net_component_proxy,float64,169799,first_10000_rows,10000,10000,0,3115,0.0,10.082500000000026,27.78000000000003,59.20380149999998,547.6199999999999,48.1089633127,65.81121839236762,0.0,1668
aca_zero_premium_turnover,data/intermediate/zero_premium_proxy_county_year.csv,estimated_net_premium_proxy,float64,169799,first_10000_rows,10000,10000,0,3162,0.0,16.16999999999996,35.19999999999999,67.85000000000002,547.6199999999999,54.1206866178,65.28753969703577,0.0,1176
aca_zero_premium_turnover,data/intermediate/zero_premium_proxy_county_year.csv,zero_premium_proxy,bool,169799,first_10000_rows,10000,10000,0,2,0.0,0.0,0.0,0.0,1.0,0.1176,0.3221499931116035,False,8824
aca_zero_premium_turnover,data/intermediate/zero_premium_proxy_county_year.csv,ehb_adjustment_changes_zero_flag,bool,169799,first_10000_rows,10000,10000,0,2,0.0,0.0,0.0,0.0,1.0,0.0291,0.16809525752251359,False,9709
aca_zero_premium_turnover,data/intermediate/zero_premium_proxy_county_year.csv,subsidy_assumption,object,169799,first_10000_rows,10000,10000,0,1,,,,,,,,Age-40 100-150% FPL proxy assumes zero expected contribution at 125% FPL; APTC is capped by county-year SLCSP EHB premium.,10000
aca_zero_premium_turnover,data/intermediate/zero_premium_proxy_county_year.csv,notes,object,169799,first_10000_rows,10000,10000,0,1,,,,,,,,EHB-aware proxy; non-EHB premium residual remains payable. Still not exact household-specific post-subsidy premium.,10000
aca_zero_premium_turnover,data/metadata/column_inventory.csv,source_group,object,6345,full_file,6345,6345,0,4,,,,,,,,oep_puf,3787
aca_zero_premium_turnover,data/metadata/column_inventory.csv,year,object,6345,full_file,6345,6345,0,9,2019.0,2022.0,2023.0,2025.0,2026.0,2023.0364269876466,2.1858675794158295,2026,984
aca_zero_premium_turnover,data/metadata/column_inventory.csv,file_type,object,6345,full_file,6345,6345,0,12,,,,,,,,State-Level OEP PUF,1587
aca_zero_premium_turnover,data/metadata/column_inventory.csv,source_page_url,object,6345,full_file,6345,6345,0,11,,,,,,,,https://www.cms.gov/marketplace/resources/data/public-use-files,1659
aca_zero_premium_turnover,data/metadata/column_inventory.csv,direct_download_url,object,6345,full_file,6345,6345,0,65,,,,,,,,https://www.cms.gov/research-statistics-data-and-systems/statistics-trends-and-reports/marketplace-products/downloads/2019oepstatelevelpublicusefile.zip,244
aca_zero_premium_turnover,data/metadata/column_inventory.csv,local_path,object,6345,full_file,6345,6345,0,65,,,,,,,,data\raw\oep_puf\2019\2019oepstatelevelpublicusefile.zip,244
aca_zero_premium_turnover,data/metadata/column_inventory.csv,file_format,object,6345,full_file,6345,6345,0,2,,,,,,,,zip,6252
aca_zero_premium_turnover,data/metadata/column_inventory.csv,http_status,int64,6345,full_file,6345,6345,0,1,200,200.0,200.0,200.0,200,200.0,0.0,200,6345
aca_zero_premium_turnover,data/metadata/column_inventory.csv,download_success,bool,6345,full_file,6345,6345,0,1,1.0,1.0,1.0,1.0,1.0,1.0,0.0,True,6345
aca_zero_premium_turnover,data/metadata/column_inventory.csv,file_size_bytes,int64,6345,full_file,6345,6345,0,65,13579,151697.0,833850.0,1744456.0,264634900,14126985.184712373,37982383.563546196,205186,244
aca_zero_premium_turnover,data/metadata/column_inventory.csv,checksum_sha256,object,6345,full_file,6345,6345,0,65,,,,,,,,638d31007b4b0165828227feb85cae162d9bffb3d5fb00026b8077d8a6fe365c,244
aca_zero_premium_turnover,data/metadata/column_inventory.csv,date_downloaded,object,6345,full_file,6345,6345,0,65,,,,,,,,2026-05-26T16:38:03+00:00,244
aca_zero_premium_turnover,data/metadata/column_inventory.csv,notes,object,6345,full_file,6345,6345,0,4,,,,,,,,Discovered from official CMS OEP PUF page.,3787
aca_zero_premium_turnover,data/metadata/column_inventory.csv,container_member,object,6345,full_file,6345,6252,93,51,,,,,,,,Plan_Attributes_PUF.csv,1057
aca_zero_premium_turnover,data/metadata/column_inventory.csv,sheet_name,object,6345,full_file,6345,3078,3267,46,,,,,,,,Individual_Market_Medical,744
aca_zero_premium_turnover,data/metadata/column_inventory.csv,column_name,object,6345,full_file,6345,6345,0,802,,,,,,,,Platform,102
aca_zero_premium_turnover,data/metadata/column_inventory.csv,column_normalized,object,6345,full_file,6345,6345,0,760,,,,,,,,platform,102
aca_zero_premium_turnover,data/metadata/column_inventory.csv,candidate_roles,object,6345,full_file,6345,1851,4494,35,,,,,,,,fpl,406
aca_zero_premium_turnover,data/metadata/data_manifest.csv,source_group,object,116,full_file,116,116,0,4,,,,,,,,exchange_puf,56
aca_zero_premium_turnover,data/metadata/data_manifest.csv,year,object,116,full_file,116,116,0,9,2019.0,2021.0,2023.0,2025.0,2026.0,2022.6842105263158,2.215455723204853,2021,16
aca_zero_premium_turnover,data/metadata/data_manifest.csv,file_type,object,116,full_file,116,116,0,20,,,,,,,,State-Level OEP PUF,8
aca_zero_premium_turnover,data/metadata/data_manifest.csv,source_page_url,object,116,full_file,116,116,0,13,,,,,,,,https://www.cms.gov/marketplace/resources/data/public-use-files,56
aca_zero_premium_turnover,data/metadata/data_manifest.csv,direct_download_url,object,116,full_file,116,116,0,116,,,,,,,,https://www.cms.gov/research-statistics-data-and-systems/statistics-trends-and-reports/marketplace-products/downloads/2019oepstatelevelpublicusefile.zip,1
aca_zero_premium_turnover,data/metadata/data_manifest.csv,local_path,object,116,full_file,116,111,5,111,,,,,,,,data\raw\oep_puf\2019\2019oepstatelevelpublicusefile.zip,1
aca_zero_premium_turnover,data/metadata/data_manifest.csv,file_format,object,116,full_file,116,116,0,3,,,,,,,,zip,66
aca_zero_premium_turnover,data/metadata/data_manifest.csv,http_status,int64,116,full_file,116,116,0,2,200,200.0,200.0,200.0,404,208.79310344827587,41.61009853208804,200,111
aca_zero_premium_turnover,data/metadata/data_manifest.csv,download_success,bool,116,full_file,116,116,0,2,0.0,1.0,1.0,1.0,1.0,0.9568965517241379,0.2039710712357257,True,111
aca_zero_premium_turnover,data/metadata/data_manifest.csv,file_size_bytes,float64,116,full_file,116,111,5,108,13579.0,197385.5,360449.0,1147278.5,264634900.0,13118412.684684685,45082172.34012019,189585.0,2
aca_zero_premium_turnover,data/metadata/data_manifest.csv,checksum_sha256,object,116,full_file,116,111,5,108,,,,,,,,004cf442cf110daea42b9116c8348b5f9e2b37f4b125c7658d258a147469f3a6,2
aca_zero_premium_turnover,data/metadata/data_manifest.csv,date_downloaded,object,116,full_file,116,116,0,115,,,,,,,,2026-05-27T09:49:24+00:00,2
aca_zero_premium_turnover,data/metadata/data_manifest.csv,notes,object,116,full_file,116,116,0,14,,,,,,,,Discovered from official CMS OEP PUF page.,37
aca_zero_premium_turnover,data/metadata/file_inventory.csv,source_group,object,263,full_file,263,263,0,4,,,,,,,,oep_puf,190
aca_zero_premium_turnover,data/metadata/file_inventory.csv,year,object,263,full_file,263,263,0,9,2019.0,2020.0,2023.0,2025.0,2026.0,2022.727969348659,2.348228320502657,2019,37
aca_zero_premium_turnover,data/metadata/file_inventory.csv,file_type,object,263,full_file,263,263,0,12,,,,,,,,State-Level OEP PUF,81
aca_zero_premium_turnover,data/metadata/file_inventory.csv,source_page_url,object,263,full_file,263,263,0,11,,,,,,,,https://www.cms.gov/marketplace/resources/data/public-use-files,32
aca_zero_premium_turnover,data/metadata/file_inventory.csv,direct_download_url,object,263,full_file,263,263,0,66,,,,,,,,https://www.cms.gov/files/zip/2020q4-rbis.zip,21
aca_zero_premium_turnover,data/metadata/file_inventory.csv,local_path,object,263,full_file,263,263,0,66,,,,,,,,data\raw\health_plan_finder\2020\2020q4-rbis.zip,21
aca_zero_premium_turnover,data/metadata/file_inventory.csv,file_format,object,263,full_file,263,263,0,2,,,,,,,,zip,257
aca_zero_premium_turnover,data/metadata/file_inventory.csv,http_status,int64,263,full_file,263,263,0,1,200,200.0,200.0,200.0,200,200.0,0.0,200,263
aca_zero_premium_turnover,data/metadata/file_inventory.csv,download_success,bool,263,full_file,263,263,0,1,1.0,1.0,1.0,1.0,1.0,1.0,0.0,True,263
aca_zero_premium_turnover,data/metadata/file_inventory.csv,file_size_bytes,int64,263,full_file,263,263,0,66,13579,148140.0,265910.0,1793906.0,264634900,28539776.479087453,74880981.79028143,252105803,21
aca_zero_premium_turnover,data/metadata/file_inventory.csv,checksum_sha256,object,263,full_file,263,263,0,66,,,,,,,,eb4e7f5d585daab748e1c92bdd4f143c0920551953c009c58c00192823461fb4,21
aca_zero_premium_turnover,data/metadata/file_inventory.csv,date_downloaded,object,263,full_file,263,263,0,66,,,,,,,,2026-05-26T16:44:57+00:00,21
aca_zero_premium_turnover,data/metadata/file_inventory.csv,notes,object,263,full_file,263,263,0,4,,,,,,,,Excel sample inspected with header row 0; full row count not computed for workbook sheets.,184
aca_zero_premium_turnover,data/metadata/file_inventory.csv,container_member,object,263,full_file,263,257,6,72,,,,,,,,2019 OEP State-Level Public Use File.xlsx,19
aca_zero_premium_turnover,data/metadata/file_inventory.csv,sheet_name,object,263,full_file,263,189,74,47,,,,,,,,Contents,17
aca_zero_premium_turnover,data/metadata/file_inventory.csv,member_file_size_bytes,int64,263,full_file,263,263,0,100,33070,95406.0,235882.0,1677482.0,397357167,16948667.771863118,60601461.30978872,235882,19
aca_zero_premium_turnover,data/metadata/file_inventory.csv,member_compressed_size_bytes,float64,263,full_file,263,257,6,98,13401.0,81597.0,204970.0,1482201.0,110992517.0,5488191.404669261,18307066.48577601,204970.0,19
aca_zero_premium_turnover,data/metadata/file_inventory.csv,tabular_format,object,263,full_file,263,263,0,3,,,,,,,,xlsx,189
aca_zero_premium_turnover,data/metadata/file_inventory.csv,rows,float64,263,full_file,263,242,21,98,3.0,55.0,162.5,2449.0,2752441.0,86118.86776859504,417076.47167427774,54.0,25
aca_zero_premium_turnover,data/metadata/file_inventory.csv,columns,float64,263,full_file,263,242,21,38,0.0,9.0,14.5,23.25,152.0,26.21900826446281,35.48521944433174,14.0,21
aca_zero_premium_turnover,data/metadata/file_inventory.csv,column_names,object,263,full_file,263,237,26,119,,,,,,,,BusinessYear|StateCode|IssuerId|SourceName|ImportDate|ServiceAreaId|ServiceAreaName|CoverEntireState|County|PartialCounty|ZipCodes|PartialCountyJustification|MarketCoverage|DentalOnlyPlan,8
aca_zero_premium_turnover,data/metadata/file_inventory.csv,sample_rows_path,object,263,full_file,263,242,21,234,,,,,,,,outputs\sample_rows\oep_puf_2026_State_Metal_Level_and_Enrollment_Status_OEP_PUF_2026_OEP_State_Metal_and_Enrollment_PUF_2026_OEP_State_Metal_Level_and_Enrollment_Status_Public_Use.csv,9
aca_zero_premium_turnover,data/metadata/file_inventory.csv,read_success,bool,263,full_file,263,263,0,2,0.0,1.0,1.0,1.0,1.0,0.9201520912547528,0.2715743885856808,True,242
aca_zero_premium_turnover,data/metadata/healthcaregov_state_sample_2022_2024.csv,state,object,51,full_file,51,51,0,51,,,,,,,,AK,1
aca_zero_premium_turnover,data/metadata/healthcaregov_state_sample_2022_2024.csv,platform_2022,object,51,full_file,51,51,0,2,,,,,,,,HC.gov,33
aca_zero_premium_turnover,data/metadata/healthcaregov_state_sample_2022_2024.csv,platform_2023,object,51,full_file,51,51,0,2,,,,,,,,HC.gov,33
aca_zero_premium_turnover,data/metadata/healthcaregov_state_sample_2022_2024.csv,platform_2024,object,51,full_file,51,51,0,2,,,,,,,,HC.gov,32
aca_zero_premium_turnover,data/metadata/healthcaregov_state_sample_2022_2024.csv,continuous_hcgov_2022_2024,bool,51,full_file,51,51,0,2,0.0,0.0,1.0,1.0,1.0,0.6274509803921569,0.48829435031445906,True,32
aca_zero_premium_turnover,data/metadata/healthcaregov_state_sample_2022_2024.csv,included_primary_sample,bool,51,full_file,51,51,0,2,0.0,0.0,1.0,1.0,1.0,0.5686274509803921,0.5001960399996911,True,29
aca_zero_premium_turnover,data/metadata/healthcaregov_state_sample_2022_2024.csv,reason_included_or_excluded,object,51,full_file,51,51,0,4,,,,,,,,Included: continuously HC.gov in state-level OEP PUF for 2022-2024.,29
aca_zero_premium_turnover,data/metadata/healthcaregov_state_sample_2022_2024.csv,source_or_rule_used,object,51,full_file,51,51,0,1,,,,,,,,"CMS OEP State-Level PUF Pltfrm column, 2022-2024.",51
aca_zero_premium_turnover,data/metadata/healthcaregov_state_sample_2022_2024.csv,notes,object,51,full_file,51,51,0,1,,,,,,,,Platform status inferred from official OEP state-level PUF structure; no external platform list used.,51
aca_zero_premium_turnover,data/metadata/oep_county_outcomes_dictionary.csv,variable,object,85,full_file,85,85,0,85,,,,,,,,year,1
aca_zero_premium_turnover,data/metadata/oep_county_outcomes_dictionary.csv,source,object,85,full_file,85,85,0,1,,,,,,,,CMS OEP County-Level PUF,85
aca_zero_premium_turnover,data/metadata/oep_county_outcomes_dictionary.csv,year,int64,85,full_file,85,85,0,1,2022,2022.0,2022.0,2022.0,2022,2022.0,0.0,2022,85
aca_zero_premium_turnover,data/metadata/oep_county_outcomes_dictionary.csv,notes,object,85,full_file,85,85,0,1,,,,,,,,Harmonized in Step 2 build.,85
aca_zero_premium_turnover,data/processed/drake_replication_county_year_2022_2024.csv,year,int64,7211,full_file,7211,7211,0,3,2022,2022.0,2023.0,2024.0,2024,2022.981555956178,0.8125700176528208,2022,2448
aca_zero_premium_turnover,data/processed/drake_replication_county_year_2022_2024.csv,State_Abrvtn,object,7211,full_file,7211,7211,0,33,,,,,,,,TX,762
aca_zero_premium_turnover,data/processed/drake_replication_county_year_2022_2024.csv,County_FIPS_Cd,int64,7211,full_file,7211,7211,0,2448,1001,18158.0,30079.0,47031.0,56045,31151.76216890861,15409.21808470006,56045,3
aca_zero_premium_turnover,data/processed/drake_replication_county_year_2022_2024.csv,Cnsmr,float64,7211,full_file,7211,7203,8,3727,11.0,459.0,1050.0,2846.0,949577.0,5389.743162571151,26916.60584700612,208.0,11
aca_zero_premium_turnover,data/processed/drake_replication_county_year_2022_2024.csv,New_Cnsmr,float64,7211,full_file,7211,7116,95,2031,0.0,99.0,251.0,692.0,208477.0,1350.0147554806072,6644.280375809054,48.0,33
aca_zero_premium_turnover,data/processed/drake_replication_county_year_2022_2024.csv,Tot_Renrl,float64,7211,full_file,7211,7116,95,3348,11.0,370.0,821.0,2216.5,741100.0,4104.827852726251,20526.512803893937,222.0,16
aca_zero_premium_turnover,data/processed/drake_replication_county_year_2022_2024.csv,Auto_Renrl,float64,7211,full_file,7211,7076,135,2053,11.0,120.0,271.0,712.0,127363.0,1182.3470887507067,4523.161045009159,58.0,29
aca_zero_premium_turnover,data/processed/drake_replication_county_year_2022_2024.csv,Actv_Renrl,float64,7211,full_file,7211,7076,135,2812,12.0,249.75,558.0,1507.25,625580.0,2945.278123233465,16374.939439828255,108.0,21
aca_zero_premium_turnover,data/processed/drake_replication_county_year_2022_2024.csv,Actv_Renrl_Nsw,float64,7211,full_file,7211,7019,192,2065,11.0,133.0,287.0,758.5,301830.0,1300.7976919789144,6235.109129155845,95.0,25
aca_zero_premium_turnover,data/processed/drake_replication_county_year_2022_2024.csv,Actv_Renrl_Sw,float64,7211,full_file,7211,7019,192,2071,11.0,98.0,252.0,728.0,368524.0,1667.9665194472148,10641.38994224827,45.0,36
aca_zero_premium_turnover,data/processed/drake_replication_county_year_2022_2024.csv,Avg_Prm,float64,7211,full_file,7211,7203,8,768,349.0,596.0,666.0,759.0,1530.0,692.4181591003749,146.09285301810613,637.0,41
aca_zero_premium_turnover,data/processed/drake_replication_county_year_2022_2024.csv,Avg_Prm_Aftr_APTC,float64,7211,full_file,7211,7203,8,286,9.0,75.0,109.0,147.0,422.0,114.46966541718729,53.02993883577543,131.0,68
aca_zero_premium_turnover,data/processed/drake_replication_county_year_2022_2024.csv,APTC_Cnsmr_Avg_APTC,float64,7211,full_file,7211,6238,973,686,296.0,505.0,580.0,673.75,1427.0,599.422411029176,132.79716869941328,554.0,31
aca_zero_premium_turnover,data/processed/drake_replication_county_year_2022_2024.csv,APTC_Cnsmr,float64,7211,full_file,7211,6238,973,3565,27.0,580.0,1232.0,3163.75,934017.0,5773.12712407823,27798.121167964673,576.0,11
aca_zero_premium_turnover,data/processed/drake_replication_county_year_2022_2024.csv,FPL_LT100,float64,7211,full_file,7211,3293,3918,489,0.0,11.0,25.0,72.0,28873.0,158.80595201943515,911.7494941251498,0.0,779
aca_zero_premium_turnover,data/processed/drake_replication_county_year_2022_2024.csv,FPL_100_138,float64,7211,full_file,7211,6096,1115,2034,0.0,56.0,224.0,855.5,564034.0,2271.4352034120734,15502.814029540603,12.0,83
aca_zero_premium_turnover,data/processed/drake_replication_county_year_2022_2024.csv,FPL_100_150,float64,7211,full_file,7211,7005,206,2442,0.0,103.0,339.0,1093.0,696916.0,2631.2423982869377,17624.409169056154,52.0,27
aca_zero_premium_turnover,data/processed/drake_replication_county_year_2022_2024.csv,FPL_150_200,float64,7211,full_file,7211,7131,80,1779,0.0,90.0,201.0,522.0,116334.0,912.4933389426448,3909.9926516690152,71.0,41
aca_zero_premium_turnover,data/processed/drake_replication_county_year_2022_2024.csv,FPL_200_250,float64,7211,full_file,7211,7065,146,1521,0.0,69.0,144.0,382.0,56371.0,611.4158527954706,2222.9316872706345,40.0,45
aca_zero_premium_turnover,data/processed/drake_replication_county_year_2022_2024.csv,FPL_250_300,float64,7211,full_file,7211,6915,296,1235,0.0,48.0,101.0,268.5,25035.0,396.29775849602316,1261.8779024140931,27.0,64
aca_zero_premium_turnover,data/processed/drake_replication_county_year_2022_2024.csv,FPL_300_400,float64,7211,full_file,7211,6918,293,1333,0.0,50.0,110.0,288.0,19668.0,419.80268863833476,1201.2919847022026,16.0,56
aca_zero_premium_turnover,data/processed/drake_replication_county_year_2022_2024.csv,FPL_GT400,float64,7211,full_file,7211,6425,786,1214,0.0,36.0,84.0,231.0,19810.0,369.100233463035,1095.4735044061076,13.0,81
aca_zero_premium_turnover,data/processed/drake_replication_county_year_2022_2024.csv,FPL_OTHR,float64,7211,full_file,7211,3343,3868,749,0.0,20.0,53.0,195.0,13395.0,271.16482201615315,757.1926827973366,0.0,247
aca_zero_premium_turnover,data/processed/drake_replication_county_year_2022_2024.csv,state,object,7211,full_file,7211,7211,0,33,,,,,,,,TX,762
aca_zero_premium_turnover,data/processed/drake_replication_county_year_2022_2024.csv,county_fips,int64,7211,full_file,7211,7211,0,2448,1001,18158.0,30079.0,47031.0,56045,31151.76216890861,15409.21808470006,56045,3
aca_zero_premium_turnover,data/processed/drake_replication_county_year_2022_2024.csv,county_name,float64,7211,full_file,7211,0,7211,0,,,,,,,,,
aca_zero_premium_turnover,data/processed/drake_replication_county_year_2022_2024.csv,Cnsmr_raw,object,7211,full_file,7211,7211,0,3728,11.0,246.0,444.0,666.0,998.0,468.7203805131162,260.27413835425324,208,11
aca_zero_premium_turnover,data/processed/drake_replication_county_year_2022_2024.csv,Cnsmr_suppressed_flag,bool,7211,full_file,7211,7211,0,2,0.0,0.0,0.0,0.0,1.0,0.001109416169740674,0.03329172669993636,False,7203
aca_zero_premium_turnover,data/processed/drake_replication_county_year_2022_2024.csv,New_Cnsmr_raw,object,7211,full_file,7211,7211,0,2032,0.0,81.0,178.0,378.0,999.0,262.75323778276635,236.1171353787785,*,95
aca_zero_premium_turnover,data/processed/drake_replication_county_year_2022_2024.csv,New_Cnsmr_suppressed_flag,bool,7211,full_file,7211,7211,0,2,0.0,0.0,0.0,0.0,1.0,0.013174317015670503,0.1140287575254127,False,7116
aca_zero_premium_turnover,data/processed/drake_replication_county_year_2022_2024.csv,Tot_Renrl_raw,object,7211,full_file,7211,7211,0,3349,11.0,229.25,409.5,642.0,999.0,446.9170426065163,255.9286412775986,*,95
aca_zero_premium_turnover,data/processed/drake_replication_county_year_2022_2024.csv,Tot_Renrl_suppressed_flag,bool,7211,full_file,7211,7211,0,2,0.0,0.0,0.0,0.0,1.0,0.013174317015670503,0.1140287575254127,False,7116
aca_zero_premium_turnover,data/processed/drake_replication_county_year_2022_2024.csv,Auto_Renrl_raw,object,7211,full_file,7211,7211,0,2054,11.0,98.0,202.0,394.0,999.0,276.89061953097655,233.17739222138565,*,135
aca_zero_premium_turnover,data/processed/drake_replication_county_year_2022_2024.csv,Auto_Renrl_suppressed_flag,bool,7211,full_file,7211,7211,0,2,0.0,0.0,0.0,0.0,1.0,0.018721397864373872,0.1355487185568376,False,7076
aca_zero_premium_turnover,data/processed/drake_replication_county_year_2022_2024.csv,Actv_Renrl_raw,object,7211,full_file,7211,7211,0,2813,12.0,173.0,318.0,547.0,999.0,379.31420004283575,248.18149752359508,*,135
aca_zero_premium_turnover,data/processed/drake_replication_county_year_2022_2024.csv,Actv_Renrl_suppressed_flag,bool,7211,full_file,7211,7211,0,2,0.0,0.0,0.0,0.0,1.0,0.018721397864373872,0.1355487185568376,False,7076
aca_zero_premium_turnover,data/processed/drake_replication_county_year_2022_2024.csv,Actv_Renrl_Nsw_raw,object,7211,full_file,7211,7211,0,2066,11.0,108.5,209.0,400.0,999.0,285.71622345172227,230.63077081064893,*,192
aca_zero_premium_turnover,data/processed/drake_replication_county_year_2022_2024.csv,Actv_Renrl_Nsw_suppressed_flag,bool,7211,full_file,7211,7211,0,2,0.0,0.0,0.0,0.0,1.0,0.026625988073776176,0.16099888021329684,False,7019
aca_zero_premium_turnover,data/processed/drake_replication_county_year_2022_2024.csv,Actv_Renrl_Sw_raw,object,7211,full_file,7211,7211,0,2072,11.0,79.0,175.0,375.0,999.0,261.881935826981,237.78906759628092,*,192
aca_zero_premium_turnover,data/processed/drake_replication_county_year_2022_2024.csv,Actv_Renrl_Sw_suppressed_flag,bool,7211,full_file,7211,7211,0,2,0.0,0.0,0.0,0.0,1.0,0.026625988073776176,0.16099888021329684,False,7019
aca_zero_premium_turnover,data/processed/drake_replication_county_year_2022_2024.csv,Avg_Prm_raw,object,7211,full_file,7211,7211,0,769,,,,,,,,$637,41
aca_zero_premium_turnover,data/processed/drake_replication_county_year_2022_2024.csv,Avg_Prm_suppressed_flag,bool,7211,full_file,7211,7211,0,2,0.0,0.0,0.0,0.0,1.0,0.001109416169740674,0.03329172669993636,False,7203
aca_zero_premium_turnover,data/processed/drake_replication_county_year_2022_2024.csv,Avg_Prm_Aftr_APTC_raw,object,7211,full_file,7211,7211,0,287,,,,,,,,$131,68
aca_zero_premium_turnover,data/processed/drake_replication_county_year_2022_2024.csv,Avg_Prm_Aftr_APTC_suppressed_flag,bool,7211,full_file,7211,7211,0,2,0.0,0.0,0.0,0.0,1.0,0.001109416169740674,0.03329172669993636,False,7203
aca_zero_premium_turnover,data/processed/drake_replication_county_year_2022_2024.csv,APTC_Cnsmr_Avg_APTC_raw,object,7211,full_file,7211,7211,0,687,,,,,,,,*,973
aca_zero_premium_turnover,data/processed/drake_replication_county_year_2022_2024.csv,APTC_Cnsmr_Avg_APTC_suppressed_flag,bool,7211,full_file,7211,7211,0,2,0.0,0.0,0.0,0.0,1.0,0.13493274164470948,0.34167541076544183,False,6238
aca_zero_premium_turnover,data/processed/drake_replication_county_year_2022_2024.csv,APTC_Cnsmr_raw,object,7211,full_file,7211,7211,0,3566,27.0,354.25,524.0,742.75,999.0,545.7068198665678,240.99734150243248,*,973
aca_zero_premium_turnover,data/processed/drake_replication_county_year_2022_2024.csv,APTC_Cnsmr_suppressed_flag,bool,7211,full_file,7211,7211,0,2,0.0,0.0,0.0,0.0,1.0,0.13493274164470948,0.34167541076544183,False,6238
aca_zero_premium_turnover,data/processed/drake_replication_county_year_2022_2024.csv,FPL_LT100_raw,object,7211,full_file,7211,7211,0,490,0.0,11.0,23.0,64.0,987.0,68.5415625,127.4713342938008,*,3918
aca_zero_premium_turnover,data/processed/drake_replication_county_year_2022_2024.csv,FPL_LT100_suppressed_flag,bool,7211,full_file,7211,7211,0,2,0.0,0.0,1.0,1.0,1.0,0.5433365691304951,0.49815294374334007,True,3918
aca_zero_premium_turnover,data/processed/drake_replication_county_year_2022_2024.csv,FPL_100_138_raw,object,7211,full_file,7211,7211,0,2035,0.0,38.0,120.0,346.5,998.0,227.265124177457,246.45256898653784,*,1115
aca_zero_premium_turnover,data/processed/drake_replication_county_year_2022_2024.csv,FPL_100_138_suppressed_flag,bool,7211,full_file,7211,7211,0,2,0.0,0.0,0.0,0.0,1.0,0.15462487865760643,0.36157178454764216,False,6096
aca_zero_premium_turnover,data/processed/drake_replication_county_year_2022_2024.csv,FPL_100_150_raw,object,7211,full_file,7211,7211,0,2443,0.0,74.0,179.0,425.5,998.0,277.56990083608787,255.76190681864992,*,206
aca_zero_premium_turnover,data/processed/drake_replication_county_year_2022_2024.csv,FPL_100_150_suppressed_flag,bool,7211,full_file,7211,7211,0,2,0.0,0.0,0.0,0.0,1.0,0.028567466370822355,0.16659896532256116,False,7005
aca_zero_premium_turnover,data/processed/drake_replication_county_year_2022_2024.csv,FPL_150_200_raw,object,7211,full_file,7211,7211,0,1780,0.0,79.0,161.0,325.0,999.0,240.38181221273803,221.8738572287309,*,80
aca_zero_premium_turnover,data/processed/drake_replication_county_year_2022_2024.csv,FPL_150_200_suppressed_flag,bool,7211,full_file,7211,7211,0,2,0.0,0.0,0.0,0.0,1.0,0.01109416169740674,0.10475019294267048,False,7131
aca_zero_premium_turnover,data/processed/drake_replication_county_year_2022_2024.csv,FPL_200_250_raw,object,7211,full_file,7211,7211,0,1522,0.0,63.0,124.0,267.0,999.0,205.1604743083004,210.22334066398716,*,146
aca_zero_premium_turnover,data/processed/drake_replication_county_year_2022_2024.csv,FPL_200_250_suppressed_flag,bool,7211,full_file,7211,7211,0,2,0.0,0.0,0.0,0.0,1.0,0.0202468450977673,0.14085333388506,False,7065
aca_zero_premium_turnover,data/processed/drake_replication_county_year_2022_2024.csv,FPL_250_300_raw,object,7211,full_file,7211,7211,0,1236,0.0,45.0,89.0,199.0,996.0,161.4433086963359,182.27917143035415,*,296
aca_zero_premium_turnover,data/processed/drake_replication_county_year_2022_2024.csv,FPL_250_300_suppressed_flag,bool,7211,full_file,7211,7211,0,2,0.0,0.0,0.0,0.0,1.0,0.041048398280404935,0.19841594401401735,False,6915
aca_zero_premium_turnover,data/processed/drake_replication_county_year_2022_2024.csv,FPL_300_400_raw,object,7211,full_file,7211,7211,0,1334,0.0,47.0,97.0,213.5,999.0,174.05911174332226,196.41183975381992,*,293
aca_zero_premium_turnover,data/processed/drake_replication_county_year_2022_2024.csv,FPL_300_400_suppressed_flag,bool,7211,full_file,7211,7211,0,2,0.0,0.0,0.0,0.0,1.0,0.04063236721675218,0.19745071415991278,False,6918
aca_zero_premium_turnover,data/processed/drake_replication_county_year_2022_2024.csv,FPL_GT400_raw,object,7211,full_file,7211,7211,0,1215,0.0,33.0,73.0,171.0,998.0,147.4176659348083,186.98302247695855,*,786
aca_zero_premium_turnover,data/processed/drake_replication_county_year_2022_2024.csv,FPL_GT400_suppressed_flag,bool,7211,full_file,7211,7211,0,2,0.0,0.0,0.0,0.0,1.0,0.10900013867702121,0.31166099932789343,False,6425
aca_zero_premium_turnover,data/processed/drake_replication_county_year_2022_2024.csv,FPL_OTHR_raw,object,7211,full_file,7211,7211,0,750,0.0,19.0,47.0,153.0,999.0,127.63124403436207,185.4296536819824,*,3868
aca_zero_premium_turnover,data/processed/drake_replication_county_year_2022_2024.csv,FPL_OTHR_suppressed_flag,bool,7211,full_file,7211,7211,0,2,0.0,0.0,1.0,1.0,1.0,0.5364027180696158,0.49870766224964747,True,3868
aca_zero_premium_turnover,data/processed/drake_replication_county_year_2022_2024.csv,Avg_Mo_Prem,float64,7211,full_file,7211,7203,8,768,349.0,596.0,666.0,759.0,1530.0,692.4181591003749,146.09285301810613,637.0,41
aca_zero_premium_turnover,data/processed/drake_replication_county_year_2022_2024.csv,Avg_Mo_Prem_Aft_APTC,float64,7211,full_file,7211,7203,8,286,9.0,75.0,109.0,147.0,422.0,114.46966541718729,53.02993883577543,131.0,68
aca_zero_premium_turnover,data/processed/drake_replication_county_year_2022_2024.csv,Avg_APTC,float64,7211,full_file,7211,6238,973,686,296.0,505.0,580.0,673.75,1427.0,599.422411029176,132.79716869941328,554.0,31
aca_zero_premium_turnover,data/processed/drake_replication_county_year_2022_2024.csv,Consumers_APTC,float64,7211,full_file,7211,6238,973,3565,27.0,580.0,1232.0,3163.75,934017.0,5773.12712407823,27798.121167964673,576.0,11
aca_zero_premium_turnover,data/processed/drake_replication_county_year_2022_2024.csv,suppression_or_missing_flag,bool,7211,full_file,7211,7211,0,2,0.0,0.0,0.0,0.0,1.0,0.026625988073776176,0.16099888021329684,False,7019
aca_zero_premium_turnover,data/processed/drake_replication_county_year_2022_2024.csv,auto_reenrollment_rate,float64,7211,full_file,7211,7076,135,6476,0.0398773006134969,0.27930619361266396,0.33055323687627525,0.3758222732810465,0.6451612903225806,0.32794872162592625,0.08179401826732764,0.3333333333333333,27
aca_zero_premium_turnover,data/processed/drake_replication_county_year_2022_2024.csv,active_reenrollment_rate,float64,7211,full_file,7211,7076,135,6476,0.3548387096774194,0.6241777267189534,0.6694467631237246,0.720693806387336,0.9601226993865032,0.6720512783740737,0.08179401826732764,0.6666666666666666,27
aca_zero_premium_turnover,data/processed/drake_replication_county_year_2022_2024.csv,active_switch_rate_among_active,float64,7211,full_file,7211,7019,192,6350,0.0951048951048951,0.3414634146341463,0.4475743348982786,0.5739749446947695,0.9577384351798972,0.46419046076302206,0.16114594900303172,0.5,22
aca_zero_premium_turnover,data/processed/drake_replication_county_year_2022_2024.csv,active_stay_rate_among_active,float64,7211,full_file,7211,7019,192,6350,0.0422615648201028,0.42602505530523055,0.5524256651017214,0.6585365853658537,0.9048951048951048,0.5358095392369779,0.16114594900303172,0.5,22
aca_zero_premium_turnover,data/processed/drake_replication_county_year_2022_2024.csv,new_consumer_share,float64,7211,full_file,7211,7116,95,6519,0.0,0.1907619803482255,0.2295293378595503,0.27005228506640966,0.7839721254355401,0.23158863278098005,0.05956329736545032,0.25,15
aca_zero_premium_turnover,data/processed/drake_replication_county_year_2022_2024.csv,total_reenrollment_share,float64,7211,full_file,7211,7116,95,6519,0.2160278745644599,0.7299477149335903,0.7704706621404496,0.8092380196517746,1.0,0.7684113672190199,0.0595632973654503,0.75,15
aca_zero_premium_turnover,data/processed/drake_replication_county_year_2022_2024.csv,log_Cnsmr,float64,7211,full_file,7211,7203,8,3727,2.3978952727983707,6.129050210060545,6.956545443151569,7.953669778649798,13.763771901259751,7.111450704984325,1.470391803538325,5.337538079701318,11
aca_zero_premium_turnover,data/processed/drake_replication_county_year_2022_2024.csv,log_Tot_Renrl,float64,7211,full_file,7211,7116,95,3348,2.3978952727983707,5.91350300563827,6.710523109452428,7.70368457787796,13.51589084793945,6.882371429090668,1.4271206584864542,5.402677381872279,16
aca_zero_premium_turnover,data/processed/drake_replication_county_year_2022_2024.csv,log_Auto_Renrl,float64,7211,full_file,7211,7076,135,2053,2.3978952727983707,4.787491742782046,5.602118820879701,6.568077911411976,11.75479655607717,5.748127773574845,1.4325425579587305,4.060443010546419,29
aca_zero_premium_turnover,data/processed/drake_replication_county_year_2022_2024.csv,log_Actv_Renrl,float64,7211,full_file,7211,7076,135,2812,2.4849066497880004,5.520458912512861,6.324358962381311,7.318042036111847,13.346434498392746,6.493860308442872,1.4297890897891021,4.68213122712422,21
aca_zero_premium_turnover,data/processed/drake_replication_county_year_2022_2024.csv,log_Actv_Renrl_Nsw,float64,7211,full_file,7211,7019,192,2065,2.3978952727983707,4.890349128221754,5.659482215759621,6.631342581519001,12.617619223954206,5.833977132477505,1.3909241852536143,4.553876891600541,25
aca_zero_premium_turnover,data/processed/drake_replication_county_year_2022_2024.csv,log_Actv_Renrl_Sw,float64,7211,full_file,7211,7019,192,2071,2.3978952727983707,4.584967478670572,5.529429087511423,6.590301048196686,12.817261117391684,5.684085446270836,1.5436680466257118,3.80666248977032,36
aca_zero_premium_turnover,data/processed/drake_replication_county_year_2022_2024.csv,raw_file_name,object,7211,full_file,7211,7211,0,3,,,,,,,,2022-oep-county-level-public-use-file.zip,2448
aca_zero_premium_turnover,data/processed/drake_replication_county_year_2022_2024.csv,source_year,int64,7211,full_file,7211,7211,0,3,2022,2022.0,2023.0,2024.0,2024,2022.981555956178,0.8125700176528208,2022,2448
aca_zero_premium_turnover,data/processed/drake_replication_county_year_2022_2024.csv,transition,object,7211,full_file,7211,7211,0,3,,,,,,,,2021_to_2022,2448
aca_zero_premium_turnover,data/processed/drake_replication_county_year_2022_2024.csv,any_zero_to_positive_turnover,bool,7211,full_file,7211,7211,0,2,0.0,0.0,1.0,1.0,1.0,0.6374982665372347,0.48075594494826307,True,4597
aca_zero_premium_turnover,data/processed/drake_replication_county_year_2022_2024.csv,lowest_zero_to_positive_turnover,bool,7211,full_file,7211,7211,0,2,0.0,0.0,0.0,1.0,1.0,0.4533351823602829,0.49785215358855783,False,3942
aca_zero_premium_turnover,data/processed/drake_replication_county_year_2022_2024.csv,second_lowest_zero_to_positive_turnover,bool,7211,full_file,7211,7211,0,2,0.0,0.0,1.0,1.0,1.0,0.5834142282623769,0.4930271549802051,True,4207
aca_zero_premium_turnover,data/processed/drake_replication_county_year_2022_2024.csv,any_zero_to_positive_turnover_across_issuer,bool,7211,full_file,7211,7211,0,2,0.0,0.0,0.0,0.0,1.0,0.014838441270281515,0.1209143888424256,False,7104
aca_zero_premium_turnover,data/processed/drake_replication_county_year_2022_2024.csv,any_zero_to_positive_turnover_within_issuer,bool,7211,full_file,7211,7211,0,2,0.0,0.0,1.0,1.0,1.0,0.6236305644154764,0.48450803677639426,True,4497
aca_zero_premium_turnover,data/processed/drake_replication_county_year_2022_2024.csv,any_zero_to_positive_turnover_across_issuer_crosswalk_only,bool,7211,full_file,7211,7211,0,2,0.0,0.0,0.0,0.0,1.0,0.014838441270281515,0.1209143888424256,False,7104
aca_zero_premium_turnover,data/processed/drake_replication_county_year_2022_2024.csv,any_zero_to_positive_turnover_across_issuer_plan_panel_only,bool,7211,full_file,7211,7211,0,2,0.0,0.0,0.0,0.0,1.0,0.014838441270281515,0.1209143888424256,False,7104
aca_zero_premium_turnover,data/processed/drake_replication_county_year_2022_2024.csv,any_zero_to_positive_turnover_across_issuer_plan_id_prefix,bool,7211,full_file,7211,7211,0,2,0.0,0.0,0.0,0.0,1.0,0.014838441270281515,0.1209143888424256,False,7104
aca_zero_premium_turnover,data/processed/drake_replication_county_year_2022_2024.csv,any_zero_to_positive_turnover_within_issuer_crosswalk_only,bool,7211,full_file,7211,7211,0,2,0.0,0.0,1.0,1.0,1.0,0.6236305644154764,0.48450803677639426,True,4497
aca_zero_premium_turnover,data/processed/drake_replication_county_year_2022_2024.csv,any_zero_to_positive_turnover_within_issuer_plan_panel_only,bool,7211,full_file,7211,7211,0,2,0.0,0.0,1.0,1.0,1.0,0.6236305644154764,0.48450803677639426,True,4497
aca_zero_premium_turnover,data/processed/drake_replication_county_year_2022_2024.csv,any_zero_to_positive_turnover_within_issuer_plan_id_prefix,bool,7211,full_file,7211,7211,0,2,0.0,0.0,1.0,1.0,1.0,0.6236305644154764,0.48450803677639426,True,4497
aca_zero_premium_turnover,data/processed/drake_replication_county_year_2022_2024.csv,lowest_zero_to_positive_turnover_across_issuer,bool,7211,full_file,7211,7211,0,2,0.0,0.0,0.0,0.0,1.0,0.01275828595201775,0.11223751174159083,False,7119
aca_zero_premium_turnover,data/processed/drake_replication_county_year_2022_2024.csv,second_lowest_zero_to_positive_turnover_across_issuer,bool,7211,full_file,7211,7211,0,2,0.0,0.0,0.0,0.0,1.0,0.01469976424906393,0.12035651213136361,False,7105
aca_zero_premium_turnover,data/processed/drake_replication_county_year_2022_2024.csv,lowest_zero_to_positive_turnover_across_issuer_crosswalk_only,bool,7211,full_file,7211,7211,0,2,0.0,0.0,0.0,0.0,1.0,0.01275828595201775,0.11223751174159083,False,7119
aca_zero_premium_turnover,data/processed/drake_replication_county_year_2022_2024.csv,second_lowest_zero_to_positive_turnover_across_issuer_crosswalk_only,bool,7211,full_file,7211,7211,0,2,0.0,0.0,0.0,0.0,1.0,0.01469976424906393,0.12035651213136361,False,7105
aca_zero_premium_turnover,data/processed/drake_replication_county_year_2022_2024.csv,any_zero_to_positive_turnover_unmapped,bool,7211,full_file,7211,7211,0,2,0.0,0.0,0.0,0.0,1.0,0.004021633615309943,0.06329309299352798,False,7182
aca_zero_premium_turnover,data/processed/drake_replication_county_year_2022_2024.csv,any_zero_premium_prior_year,bool,7211,full_file,7211,7211,0,2,0.0,1.0,1.0,1.0,1.0,0.8794896685619192,0.325579931102636,True,6342
aca_zero_premium_turnover,data/processed/drake_replication_county_year_2022_2024.csv,any_positive_mapped_current_year,bool,7211,full_file,7211,7211,0,2,0.0,1.0,1.0,1.0,1.0,0.7691027596727222,0.4214360389565145,True,5546
aca_zero_premium_turnover,data/processed/drake_replication_county_year_2022_2024.csv,prior_lowest_zero_premium_flag,bool,7211,full_file,7211,7211,0,2,0.0,1.0,1.0,1.0,1.0,0.8742199417556511,0.33162431478147425,True,6304
aca_zero_premium_turnover,data/processed/drake_replication_county_year_2022_2024.csv,prior_second_lowest_zero_premium_flag,bool,7211,full_file,7211,7211,0,2,0.0,1.0,1.0,1.0,1.0,0.8539730966578838,0.35315767397585696,True,6158
aca_zero_premium_turnover,data/processed/drake_replication_county_year_2022_2024.csv,current_mapped_lowest_positive_premium_flag,bool,7211,full_file,7211,7211,0,2,0.0,0.0,1.0,1.0,1.0,0.5680210789072251,0.4953858750095189,True,4096
aca_zero_premium_turnover,data/processed/drake_replication_county_year_2022_2024.csv,current_mapped_second_lowest_positive_premium_flag,bool,7211,full_file,7211,7211,0,2,0.0,0.0,1.0,1.0,1.0,0.7259742060740535,0.4460529675050016,True,5235
aca_zero_premium_turnover,data/processed/drake_replication_county_year_2022_2024.csv,premium_change_lowest,float64,7211,full_file,7211,7181,30,1130,-8.667373999999825,0.0,0.1949599999999236,23.120000000000005,324.51,16.285334926890403,30.40410085345056,0.0,2997
aca_zero_premium_turnover,data/processed/drake_replication_county_year_2022_2024.csv,premium_change_second_lowest,float64,7211,full_file,7211,7183,28,1349,-19.69737399999991,0.0,8.954000000000065,33.39999999999998,414.48,25.470118053598775,42.03270093955295,0.0,1921
aca_zero_premium_turnover,data/processed/drake_replication_county_year_2022_2024.csv,max_premium_change_among_affected_top_two,float64,7211,full_file,7211,4597,2614,1224,0.0399999999999636,11.799999999999956,28.00999999999999,49.21000000000004,414.48,41.392394904502936,47.35096280329169,0.042705000000069,75
aca_zero_premium_turnover,data/processed/drake_replication_county_year_2022_2024.csv,mean_premium_change_among_affected_top_two,float64,7211,full_file,7211,4597,2614,1257,0.0399999999999636,9.595,24.879999999999995,45.035,369.495,36.382675514248426,40.75003643522745,2.6286880000000394,75
aca_zero_premium_turnover,data/processed/drake_replication_county_year_2022_2024.csv,current_mapped_premium_lowest,float64,7211,full_file,7211,7181,30,1097,0.0,0.0,0.8351999999999862,23.245300000000043,324.51,16.543040513020472,30.347213750575655,0.0,3066
aca_zero_premium_turnover,data/processed/drake_replication_county_year_2022_2024.csv,current_mapped_premium_second_lowest,float64,7211,full_file,7211,7183,28,1335,0.0,0.0,10.860000000000014,33.670000000000016,414.48,26.166315072671583,41.76555711546535,0.0,1944
aca_zero_premium_turnover,data/processed/drake_replication_county_year_2022_2024.csv,prior_premium_lowest,float64,7211,full_file,7211,7209,2,196,0.0,0.0,0.0,0.0,11.669241,0.25670464891108363,1.038092193674257,0.0,6285
aca_zero_premium_turnover,data/processed/drake_replication_county_year_2022_2024.csv,prior_premium_second_lowest,float64,7211,full_file,7211,7209,2,242,0.0,0.0,0.0,0.0,29.275169999999942,0.6936861129144132,2.7501015117122867,0.0,6158
aca_zero_premium_turnover,data/processed/drake_replication_county_year_2022_2024.csv,gross_premium_change_lowest,float64,7211,full_file,7211,7181,30,1443,-175.78000000000003,6.240000000000009,26.59999999999997,48.14999999999998,293.06000000000006,28.012839437404264,41.259733602682495,14.970000000000027,82
aca_zero_premium_turnover,data/processed/drake_replication_county_year_2022_2024.csv,gross_premium_change_second_lowest,float64,7211,full_file,7211,7183,28,1553,-309.80000000000007,6.410000000000082,25.680000000000007,48.03999999999997,305.1400000000001,26.794552415425308,42.65869292812242,16.089999999999918,82
aca_zero_premium_turnover,data/processed/drake_replication_county_year_2022_2024.csv,net_premium_proxy_change_lowest,float64,7211,full_file,7211,7181,30,1130,-8.667373999999825,0.0,0.1949599999999236,23.120000000000005,324.51,16.285334926890403,30.40410085345056,0.0,2997
aca_zero_premium_turnover,data/processed/drake_replication_county_year_2022_2024.csv,net_premium_proxy_change_second_lowest,float64,7211,full_file,7211,7183,28,1349,-19.69737399999991,0.0,8.954000000000065,33.39999999999998,414.48,25.470118053598775,42.03270093955295,0.0,1921
aca_zero_premium_turnover,data/processed/drake_replication_county_year_2022_2024.csv,previous_lowest_plan_id,object,7211,full_file,7211,7209,2,456,,,,,,,,33602TX0460704,229
aca_zero_premium_turnover,data/processed/drake_replication_county_year_2022_2024.csv,previous_second_lowest_plan_id,object,7211,full_file,7211,7209,2,578,,,,,,,,50328WV0020021,144
aca_zero_premium_turnover,data/processed/drake_replication_county_year_2022_2024.csv,mapped_current_lowest_plan_id,object,7211,full_file,7211,7181,30,428,,,,,,,,88380VA0720036,178
aca_zero_premium_turnover,data/processed/drake_replication_county_year_2022_2024.csv,mapped_current_second_lowest_plan_id,object,7211,full_file,7211,7183,28,549,,,,,,,,34368KS0110049,166
aca_zero_premium_turnover,data/processed/drake_replication_county_year_2022_2024.csv,previous_lowest_issuer_id,float64,7211,full_file,7211,7209,2,175,10091.0,30751.0,49046.0,77320.0,99969.0,53375.28131502289,26390.473496926767,33602.0,301
aca_zero_premium_turnover,data/processed/drake_replication_county_year_2022_2024.csv,previous_second_lowest_issuer_id,float64,7211,full_file,7211,7209,2,180,10091.0,31195.0,52697.0,77969.0,99969.0,54595.89540851713,26289.571997679806,29418.0,266
aca_zero_premium_turnover,data/processed/drake_replication_county_year_2022_2024.csv,mapped_current_lowest_issuer_id,float64,7211,full_file,7211,7181,30,172,10091.0,30252.0,46944.0,73836.0,99969.0,52319.88720233951,26116.52288865579,33602.0,301
aca_zero_premium_turnover,data/processed/drake_replication_county_year_2022_2024.csv,mapped_current_second_lowest_issuer_id,float64,7211,full_file,7211,7183,28,176,10091.0,31195.0,50328.0,76384.0,99969.0,53629.87289433384,26047.92695667043,29418.0,275
aca_zero_premium_turnover,data/processed/drake_replication_county_year_2022_2024.csv,crosswalk_current_lowest_issuer_id,float64,7211,full_file,7211,7181,30,172,10091.0,30252.0,46944.0,73836.0,99969.0,52319.88720233951,26116.52288865579,33602.0,301
aca_zero_premium_turnover,data/processed/drake_replication_county_year_2022_2024.csv,crosswalk_current_second_lowest_issuer_id,float64,7211,full_file,7211,7183,28,176,10091.0,31195.0,50328.0,76384.0,99969.0,53629.87289433384,26047.92695667043,29418.0,275
aca_zero_premium_turnover,data/processed/drake_replication_county_year_2022_2024.csv,plan_panel_current_lowest_issuer_id,float64,7211,full_file,7211,7181,30,172,10091.0,30252.0,46944.0,73836.0,99969.0,52319.88720233951,26116.52288865579,33602.0,301
aca_zero_premium_turnover,data/processed/drake_replication_county_year_2022_2024.csv,plan_panel_current_second_lowest_issuer_id,float64,7211,full_file,7211,7183,28,176,10091.0,31195.0,50328.0,76384.0,99969.0,53629.87289433384,26047.92695667043,29418.0,275
aca_zero_premium_turnover,data/processed/drake_replication_county_year_2022_2024.csv,crosswalk_level_lowest,float64,7211,full_file,7211,7181,30,4,0.0,0.0,0.0,0.0,3.0,0.33755744325302883,0.6725580773044403,0.0,5542
aca_zero_premium_turnover,data/processed/drake_replication_county_year_2022_2024.csv,crosswalk_level_second_lowest,float64,7211,full_file,7211,7183,28,4,0.0,0.0,0.0,1.0,3.0,0.34860086314910205,0.6309460612019772,0.0,5285
aca_zero_premium_turnover,data/processed/drake_replication_county_year_2022_2024.csv,crosswalk_reason_lowest,float64,7211,full_file,7211,7181,30,7,0.0,0.0,0.0,0.0,8.0,0.6436429466648099,1.6819160341802928,0.0,5756
aca_zero_premium_turnover,data/processed/drake_replication_county_year_2022_2024.csv,crosswalk_reason_second_lowest,float64,7211,full_file,7211,7183,28,7,0.0,0.0,0.0,0.0,8.0,0.6927467631908674,1.6411960215895276,0.0,5476
aca_zero_premium_turnover,data/processed/drake_replication_county_year_2022_2024.csv,same_issuer_lowest,bool,7211,full_file,7211,7211,0,2,0.0,1.0,1.0,1.0,1.0,0.965330744695604,0.18295338157559335,True,6961
aca_zero_premium_turnover,data/processed/drake_replication_county_year_2022_2024.csv,same_issuer_second_lowest,bool,7211,full_file,7211,7211,0,2,0.0,1.0,1.0,1.0,1.0,0.9621411732075995,0.19086798608395295,True,6938
aca_zero_premium_turnover,data/processed/drake_replication_county_year_2022_2024.csv,same_issuer_lowest_crosswalk_only,bool,7211,full_file,7211,7211,0,2,0.0,1.0,1.0,1.0,1.0,0.965330744695604,0.18295338157559335,True,6961
aca_zero_premium_turnover,data/processed/drake_replication_county_year_2022_2024.csv,same_issuer_second_lowest_crosswalk_only,bool,7211,full_file,7211,7211,0,2,0.0,1.0,1.0,1.0,1.0,0.9621411732075995,0.19086798608395295,True,6938
aca_zero_premium_turnover,data/processed/drake_replication_county_year_2022_2024.csv,same_issuer_lowest_plan_id_prefix,bool,7211,full_file,7211,7211,0,2,0.0,1.0,1.0,1.0,1.0,0.965330744695604,0.18295338157559335,True,6961
aca_zero_premium_turnover,data/processed/drake_replication_county_year_2022_2024.csv,same_issuer_second_lowest_plan_id_prefix,bool,7211,full_file,7211,7211,0,2,0.0,1.0,1.0,1.0,1.0,0.9621411732075995,0.19086798608395295,True,6938
aca_zero_premium_turnover,data/processed/drake_replication_county_year_2022_2024.csv,treatment_constructible_flag,bool,7211,full_file,7211,7211,0,2,0.0,1.0,1.0,1.0,1.0,0.9957010123422549,0.06543011579591282,True,7180
aca_zero_premium_turnover,data/processed/drake_replication_county_year_2022_2024.csv,reason_not_constructible,object,7211,full_file,7211,31,7180,2,,,,,,,,missing_crosswalk;missing_current_plan;missing_premium,29
aca_zero_premium_turnover,data/processed/drake_replication_county_year_2022_2024.csv,missing_previous_plan_flag,bool,7211,full_file,7211,7211,0,1,0.0,0.0,0.0,0.0,0.0,0.0,0.0,False,7211
aca_zero_premium_turnover,data/processed/drake_replication_county_year_2022_2024.csv,missing_crosswalk_flag,bool,7211,full_file,7211,7211,0,2,0.0,0.0,0.0,0.0,1.0,0.004021633615309943,0.06329309299352798,False,7182
aca_zero_premium_turnover,data/processed/drake_replication_county_year_2022_2024.csv,missing_current_plan_flag,bool,7211,full_file,7211,7211,0,2,0.0,0.0,0.0,0.0,1.0,0.004021633615309943,0.06329309299352798,False,7182
aca_zero_premium_turnover,data/processed/drake_replication_county_year_2022_2024.csv,missing_premium_flag,bool,7211,full_file,7211,7211,0,2,0.0,0.0,0.0,0.0,1.0,0.004021633615309943,0.06329309299352798,False,7182
aca_zero_premium_turnover,data/processed/drake_replication_county_year_2022_2024.csv,missing_county_mapping_flag,bool,7211,full_file,7211,7211,0,1,0.0,0.0,0.0,0.0,0.0,0.0,0.0,False,7211
aca_zero_premium_turnover,data/processed/drake_replication_county_year_2022_2024.csv,zero_premium_measure_type,object,7211,full_file,7211,7211,0,2,,,,,,,,ehb_adjusted_low_income_proxy,7209
aca_zero_premium_turnover,data/processed/drake_replication_county_year_2022_2024.csv,premium_measure_type,object,7211,full_file,7211,7211,0,2,,,,,,,,age_40_individual_premium,7209
aca_zero_premium_turnover,data/processed/drake_replication_county_year_2022_2024.csv,has_two_silver_plans,bool,7211,full_file,7211,7211,0,1,1.0,1.0,1.0,1.0,1.0,1.0,0.0,True,7211
aca_zero_premium_turnover,data/processed/drake_replication_county_year_2022_2024.csv,lowest_silver_premium,float64,7211,full_file,7211,7211,0,1441,287.63,433.77,491.9,561.535,988.67,508.5935570655942,110.73069763336579,520.12,147
aca_zero_premium_turnover,data/processed/drake_replication_county_year_2022_2024.csv,lowest_silver_ehb_premium,float64,7211,full_file,7211,7211,0,1453,287.63,433.49,491.9,561.535,982.441379,508.37499018138953,110.4622970025415,520.12,147
aca_zero_premium_turnover,data/processed/drake_replication_county_year_2022_2024.csv,lowest_silver_non_ehb_premium,float64,7211,full_file,7211,7211,0,155,0.0,0.0,0.0,0.0,11.669241,0.21856688420468798,0.9804204986495926,0.0,6408
aca_zero_premium_turnover,data/processed/drake_replication_county_year_2022_2024.csv,second_lowest_silver_premium,float64,7211,full_file,7211,7211,0,1515,287.72,439.26,501.13,576.43,1010.27,519.3509915407017,113.93126219650162,427.05,75
aca_zero_premium_turnover,data/processed/drake_replication_county_year_2022_2024.csv,second_lowest_silver_ehb_premium,float64,7211,full_file,7211,7211,0,1523,287.72,438.79,501.04,576.43,1004.0063259999998,518.886441210373,113.52189053035119,415.54,75
aca_zero_premium_turnover,data/processed/drake_replication_county_year_2022_2024.csv,second_lowest_silver_non_ehb_premium,float64,7211,full_file,7211,7211,0,238,0.0,0.0,0.0,0.0,17.25236499999994,0.464550330328666,1.6532561769435716,0.0,6150
aca_zero_premium_turnover,data/processed/drake_replication_county_year_2022_2024.csv,number_of_plans_tied_lowest,int64,7211,full_file,7211,7211,0,2,1,1.0,1.0,1.0,2,1.0165025655248925,0.12740675778085686,1,7092
aca_zero_premium_turnover,data/processed/drake_replication_county_year_2022_2024.csv,number_of_plans_tied_second_lowest,int64,7211,full_file,7211,7211,0,2,1,1.0,1.0,1.0,2,1.0019414782970462,0.04402246826388282,1,7197
aca_zero_premium_turnover,data/processed/drake_replication_county_year_2022_2024.csv,tie_flag,bool,7211,full_file,7211,7211,0,2,0.0,0.0,0.0,0.0,1.0,0.018444043821938705,0.13455991976501816,False,7078
aca_zero_premium_turnover,data/processed/drake_replication_county_year_2022_2024.csv,number_of_silver_plans,int64,7211,full_file,7211,7211,0,83,2,9.0,18.0,25.0,100,19.066842324226876,12.223574810065623,25,436
aca_zero_premium_turnover,data/processed/drake_replication_county_year_2022_2024.csv,number_of_insurers,int64,7211,full_file,7211,7211,0,12,1,2.0,3.0,5.0,12,3.605741228678408,1.666431332521711,3,1925
aca_zero_premium_turnover,data/processed/drake_replication_county_year_2022_2024.csv,min_silver_premium_all_plans,float64,7211,full_file,7211,7211,0,1441,287.63,433.77,491.9,561.535,988.67,508.5935570655942,110.73069763336579,520.12,147
aca_zero_premium_turnover,data/processed/drake_replication_county_year_2022_2024.csv,max_silver_premium_all_plans,float64,7211,full_file,7211,7211,0,1202,365.94,581.9549999999999,660.62,776.04,1320.71,695.1269601996948,163.11630872659276,597.94,83
aca_zero_premium_turnover,data/processed/drake_replication_county_year_2022_2024.csv,premium_spread_among_silver_plans,float64,7211,full_file,7211,7211,0,1215,0.0,1.7000000000000457,5.7299999999999045,12.0,146.64999999999998,10.757434475107477,15.326217602878705,0.0,119
aca_zero_premium_turnover,data/processed/drake_replication_county_year_2022_2024.csv,fewer_than_two_silver_plans,bool,7211,full_file,7211,7211,0,1,0.0,0.0,0.0,0.0,0.0,0.0,0.0,False,7211
aca_zero_premium_turnover,data/processed/drake_replication_county_year_2022_2024.csv,lowest_bronze_premium,float64,7211,full_file,7211,7211,0,1392,217.51,333.48,375.11,423.77,718.27,388.342980169186,80.72864878604466,392.64,143
aca_zero_premium_turnover,data/processed/drake_replication_county_year_2022_2024.csv,number_of_bronze_plans,int64,7211,full_file,7211,7211,0,75,2,11.0,16.0,24.0,97,18.45305782831785,10.982301106647526,7,487
aca_zero_premium_turnover,data/processed/drake_replication_county_year_2022_2024.csv,number_of_bronze_insurers,int64,7211,full_file,7211,7211,0,12,1,2.0,3.0,4.0,12,3.3620857023991126,1.529895984744757,3,2123
aca_zero_premium_turnover,data/processed/drake_replication_county_year_2022_2024.csv,bronze_spread,float64,7211,full_file,7211,7211,0,1652,-78.10000000000002,94.68,128.84000000000003,162.40999999999997,369.0,131.00801137151575,51.922212506850364,62.02000000000004,75
aca_zero_premium_turnover,data/processed/drake_replication_county_year_2022_2024.csv,market_control_measure_type,object,7211,full_file,7211,7211,0,1,,,,,,,,age_40_premium_county_year_market_controls,7211
aca_zero_premium_turnover,data/processed/drake_replication_county_year_2022_2024.csv,market_control_limitations,object,7211,full_file,7211,7211,0,1,,,,,,,,Number of insurers is based on silver plan issuers in the constructed county-plan panel; bronze spread is SLCSP minus lowest bronze premium.,7211
aca_zero_premium_turnover,data/processed/drake_replication_county_year_2022_2024.csv,enrollment_2021_weight,float64,7211,full_file,7211,7199,12,1583,12.0,314.0,695.0,1791.0,509218.0,3326.9244339491597,16142.267852183197,301.0,21
aca_zero_premium_turnover,data/processed/drake_replication_county_year_2022_2024.csv,enrollment_2021_weight_raw,object,7211,full_file,7211,7205,6,1584,12.0,203.0,376.0,607.5,998.0,419.2538860103627,255.31996859054811,301,21
aca_zero_premium_turnover,data/processed/drake_replication_county_year_2022_2024.csv,enrollment_2021_weight_suppressed_flag,object,7211,full_file,7211,7205,6,2,0.0,0.0,0.0,0.0,1.0,0.0008327550312283137,0.02884747909651469,False,7199
aca_zero_premium_turnover,data/processed/drake_replication_county_year_2022_2024.csv,enrollment_2021_weight_source,object,7211,full_file,7211,7205,6,1,,,,,,,,data\raw\oep_puf\2021\2021-oep-county-level-public-use-file.zip,7205
aca_zero_premium_turnover,data/processed/drake_replication_county_year_2022_2024.csv,any_zero_to_positive_turnover_nullable_when_not_constructible,object,7211,full_file,7211,7180,31,2,0.0,0.0,1.0,1.0,1.0,0.64025069637883,0.47996023375382707,True,4597
aca_zero_premium_turnover,data/processed/drake_replication_county_year_2022_2024.csv,any_zero_to_positive_turnover_across_issuer_nullable_when_not_constructible,object,7211,full_file,7211,7180,31,2,0.0,0.0,0.0,0.0,1.0,0.0149025069637883,0.12117123075154237,False,7073
aca_zero_premium_turnover,data/processed/drake_replication_county_year_2022_2024.csv,any_zero_to_positive_turnover_within_issuer_nullable_when_not_constructible,object,7211,full_file,7211,7180,31,2,0.0,0.0,1.0,1.0,1.0,0.6263231197771588,0.4838130531460475,True,4497
aca_zero_premium_turnover,data/processed/drake_replication_county_year_2022_2024.csv,included_primary_sample,bool,7211,full_file,7211,7211,0,2,0.0,1.0,1.0,1.0,1.0,0.910275967272223,0.2858058055840812,True,6564
aca_zero_premium_turnover,data/processed/drake_replication_county_year_2022_2024.csv,sample_exclusion_reason,object,7211,full_file,7211,647,6564,3,,,,,,,,Excluded from primary sample until Nebraska county-market mapping is verified.,279
aca_zero_premium_turnover,data/processed/drake_replication_county_year_2022_2024.csv,continuous_hcgov_2022_2024,bool,7211,full_file,7211,7211,0,2,0.0,1.0,1.0,1.0,1.0,0.9631119123561226,0.1885000905707404,True,6945
aca_zero_premium_turnover,data/processed/drake_replication_county_year_2022_2024.csv,drake_supplement_etable3_exclusion_reason,object,7211,full_file,7211,89,7122,2,,,,,,,,Drake supplement eTable 3: no crosswalk data from 2023 to 2024.,87
aca_zero_premium_turnover,data/processed/drake_replication_county_year_2022_2024.csv,drake_supplement_etable3_exclusion,bool,7211,full_file,7211,7211,0,2,0.0,0.0,0.0,0.0,1.0,0.012342254888364998,0.11041564349943653,False,7122
aca_zero_premium_turnover,data/processed/drake_replication_county_year_2022_2024.csv,included_drake_harmonized_sample,bool,7211,full_file,7211,7211,0,2,0.0,1.0,1.0,1.0,1.0,0.8982110664262931,0.3023915132563166,True,6477
aca_zero_premium_turnover,data/processed/drake_replication_county_year_2022_2024.csv,drake_table2_complete_case_core_flag,bool,7211,full_file,7211,7211,0,2,0.0,1.0,1.0,1.0,1.0,0.8973790042989876,0.3034842656059022,True,6471
aca_zero_premium_turnover,data/processed/drake_replication_county_year_2022_2024.csv,drake_table2_complete_case_all_outcomes_flag,bool,7211,full_file,7211,7211,0,2,0.0,1.0,1.0,1.0,1.0,0.8803217306892248,0.32460744532802344,True,6348
aca_zero_premium_turnover,data/processed/drake_replication_county_year_2022_2024.csv,drake_table2_complete_case_missing_reason,object,7211,full_file,7211,863,6348,13,,,,,,,,not_drake_harmonized_sample,638
aca_zero_premium_turnover,data/processed/drake_replication_county_year_2022_2024.csv,source_file_references,object,7211,full_file,7211,7211,0,3,,,,,,,,2022-oep-county-level-public-use-file.zip; transition=2021_to_2022,2448
aca_zero_premium_turnover,data/processed/drake_replication_county_year_2022_2024.parquet,year,int64,7211,full_file,7211,7211,0,3,2022,2022.0,2023.0,2024.0,2024,2022.981555956178,0.8125700176528208,2022,2448
aca_zero_premium_turnover,data/processed/drake_replication_county_year_2022_2024.parquet,State_Abrvtn,object,7211,full_file,7211,7211,0,33,,,,,,,,TX,762
aca_zero_premium_turnover,data/processed/drake_replication_county_year_2022_2024.parquet,County_FIPS_Cd,object,7211,full_file,7211,7211,0,2448,1001,18158.0,30079.0,47031.0,56045,31151.76216890861,15409.21808470006,56045,3
aca_zero_premium_turnover,data/processed/drake_replication_county_year_2022_2024.parquet,Cnsmr,float64,7211,full_file,7211,7203,8,3727,11.0,459.0,1050.0,2846.0,949577.0,5389.743162571151,26916.60584700612,208.0,11
aca_zero_premium_turnover,data/processed/drake_replication_county_year_2022_2024.parquet,New_Cnsmr,float64,7211,full_file,7211,7116,95,2031,0.0,99.0,251.0,692.0,208477.0,1350.0147554806072,6644.280375809054,48.0,33
aca_zero_premium_turnover,data/processed/drake_replication_county_year_2022_2024.parquet,Tot_Renrl,float64,7211,full_file,7211,7116,95,3348,11.0,370.0,821.0,2216.5,741100.0,4104.827852726251,20526.512803893937,222.0,16
aca_zero_premium_turnover,data/processed/drake_replication_county_year_2022_2024.parquet,Auto_Renrl,float64,7211,full_file,7211,7076,135,2053,11.0,120.0,271.0,712.0,127363.0,1182.3470887507067,4523.161045009159,58.0,29
aca_zero_premium_turnover,data/processed/drake_replication_county_year_2022_2024.parquet,Actv_Renrl,float64,7211,full_file,7211,7076,135,2812,12.0,249.75,558.0,1507.25,625580.0,2945.278123233465,16374.939439828255,108.0,21
aca_zero_premium_turnover,data/processed/drake_replication_county_year_2022_2024.parquet,Actv_Renrl_Nsw,float64,7211,full_file,7211,7019,192,2065,11.0,133.0,287.0,758.5,301830.0,1300.7976919789144,6235.109129155845,95.0,25
aca_zero_premium_turnover,data/processed/drake_replication_county_year_2022_2024.parquet,Actv_Renrl_Sw,float64,7211,full_file,7211,7019,192,2071,11.0,98.0,252.0,728.0,368524.0,1667.9665194472148,10641.38994224827,45.0,36
aca_zero_premium_turnover,data/processed/drake_replication_county_year_2022_2024.parquet,Avg_Prm,float64,7211,full_file,7211,7203,8,768,349.0,596.0,666.0,759.0,1530.0,692.4181591003749,146.09285301810613,637.0,41
aca_zero_premium_turnover,data/processed/drake_replication_county_year_2022_2024.parquet,Avg_Prm_Aftr_APTC,float64,7211,full_file,7211,7203,8,286,9.0,75.0,109.0,147.0,422.0,114.46966541718729,53.02993883577543,131.0,68
aca_zero_premium_turnover,data/processed/drake_replication_county_year_2022_2024.parquet,APTC_Cnsmr_Avg_APTC,float64,7211,full_file,7211,6238,973,686,296.0,505.0,580.0,673.75,1427.0,599.422411029176,132.79716869941328,554.0,31
aca_zero_premium_turnover,data/processed/drake_replication_county_year_2022_2024.parquet,APTC_Cnsmr,float64,7211,full_file,7211,6238,973,3565,27.0,580.0,1232.0,3163.75,934017.0,5773.12712407823,27798.121167964673,576.0,11
aca_zero_premium_turnover,data/processed/drake_replication_county_year_2022_2024.parquet,FPL_LT100,float64,7211,full_file,7211,3293,3918,489,0.0,11.0,25.0,72.0,28873.0,158.80595201943515,911.7494941251498,0.0,779
aca_zero_premium_turnover,data/processed/drake_replication_county_year_2022_2024.parquet,FPL_100_138,float64,7211,full_file,7211,6096,1115,2034,0.0,56.0,224.0,855.5,564034.0,2271.4352034120734,15502.814029540603,12.0,83
aca_zero_premium_turnover,data/processed/drake_replication_county_year_2022_2024.parquet,FPL_100_150,float64,7211,full_file,7211,7005,206,2442,0.0,103.0,339.0,1093.0,696916.0,2631.2423982869377,17624.409169056154,52.0,27
aca_zero_premium_turnover,data/processed/drake_replication_county_year_2022_2024.parquet,FPL_150_200,float64,7211,full_file,7211,7131,80,1779,0.0,90.0,201.0,522.0,116334.0,912.4933389426448,3909.9926516690152,71.0,41
aca_zero_premium_turnover,data/processed/drake_replication_county_year_2022_2024.parquet,FPL_200_250,float64,7211,full_file,7211,7065,146,1521,0.0,69.0,144.0,382.0,56371.0,611.4158527954706,2222.9316872706345,40.0,45
aca_zero_premium_turnover,data/processed/drake_replication_county_year_2022_2024.parquet,FPL_250_300,float64,7211,full_file,7211,6915,296,1235,0.0,48.0,101.0,268.5,25035.0,396.29775849602316,1261.8779024140931,27.0,64
aca_zero_premium_turnover,data/processed/drake_replication_county_year_2022_2024.parquet,FPL_300_400,float64,7211,full_file,7211,6918,293,1333,0.0,50.0,110.0,288.0,19668.0,419.80268863833476,1201.2919847022026,16.0,56
aca_zero_premium_turnover,data/processed/drake_replication_county_year_2022_2024.parquet,FPL_GT400,float64,7211,full_file,7211,6425,786,1214,0.0,36.0,84.0,231.0,19810.0,369.100233463035,1095.4735044061076,13.0,81
aca_zero_premium_turnover,data/processed/drake_replication_county_year_2022_2024.parquet,FPL_OTHR,float64,7211,full_file,7211,3343,3868,749,0.0,20.0,53.0,195.0,13395.0,271.16482201615315,757.1926827973366,0.0,247
aca_zero_premium_turnover,data/processed/drake_replication_county_year_2022_2024.parquet,state,object,7211,full_file,7211,7211,0,33,,,,,,,,TX,762
aca_zero_premium_turnover,data/processed/drake_replication_county_year_2022_2024.parquet,county_fips,object,7211,full_file,7211,7211,0,2448,1001,18158.0,30079.0,47031.0,56045,31151.76216890861,15409.21808470006,56045,3
aca_zero_premium_turnover,data/processed/drake_replication_county_year_2022_2024.parquet,county_name,object,7211,full_file,7211,7211,0,1,,,,,,,,,7211
aca_zero_premium_turnover,data/processed/drake_replication_county_year_2022_2024.parquet,Cnsmr_raw,object,7211,full_file,7211,7211,0,3728,11.0,246.0,444.0,666.0,998.0,468.7203805131162,260.27413835425324,208,11
aca_zero_premium_turnover,data/processed/drake_replication_county_year_2022_2024.parquet,Cnsmr_suppressed_flag,bool,7211,full_file,7211,7211,0,2,0.0,0.0,0.0,0.0,1.0,0.001109416169740674,0.03329172669993636,False,7203
aca_zero_premium_turnover,data/processed/drake_replication_county_year_2022_2024.parquet,New_Cnsmr_raw,object,7211,full_file,7211,7211,0,2032,0.0,81.0,178.0,378.0,999.0,262.75323778276635,236.1171353787785,*,95
aca_zero_premium_turnover,data/processed/drake_replication_county_year_2022_2024.parquet,New_Cnsmr_suppressed_flag,bool,7211,full_file,7211,7211,0,2,0.0,0.0,0.0,0.0,1.0,0.013174317015670503,0.1140287575254127,False,7116
aca_zero_premium_turnover,data/processed/drake_replication_county_year_2022_2024.parquet,Tot_Renrl_raw,object,7211,full_file,7211,7211,0,3349,11.0,229.25,409.5,642.0,999.0,446.9170426065163,255.9286412775986,*,95
aca_zero_premium_turnover,data/processed/drake_replication_county_year_2022_2024.parquet,Tot_Renrl_suppressed_flag,bool,7211,full_file,7211,7211,0,2,0.0,0.0,0.0,0.0,1.0,0.013174317015670503,0.1140287575254127,False,7116
aca_zero_premium_turnover,data/processed/drake_replication_county_year_2022_2024.parquet,Auto_Renrl_raw,object,7211,full_file,7211,7211,0,2054,11.0,98.0,202.0,394.0,999.0,276.89061953097655,233.17739222138565,*,135
aca_zero_premium_turnover,data/processed/drake_replication_county_year_2022_2024.parquet,Auto_Renrl_suppressed_flag,bool,7211,full_file,7211,7211,0,2,0.0,0.0,0.0,0.0,1.0,0.018721397864373872,0.1355487185568376,False,7076
aca_zero_premium_turnover,data/processed/drake_replication_county_year_2022_2024.parquet,Actv_Renrl_raw,object,7211,full_file,7211,7211,0,2813,12.0,173.0,318.0,547.0,999.0,379.31420004283575,248.18149752359508,*,135
aca_zero_premium_turnover,data/processed/drake_replication_county_year_2022_2024.parquet,Actv_Renrl_suppressed_flag,bool,7211,full_file,7211,7211,0,2,0.0,0.0,0.0,0.0,1.0,0.018721397864373872,0.1355487185568376,False,7076
aca_zero_premium_turnover,data/processed/drake_replication_county_year_2022_2024.parquet,Actv_Renrl_Nsw_raw,object,7211,full_file,7211,7211,0,2066,11.0,108.5,209.0,400.0,999.0,285.71622345172227,230.63077081064893,*,192
aca_zero_premium_turnover,data/processed/drake_replication_county_year_2022_2024.parquet,Actv_Renrl_Nsw_suppressed_flag,bool,7211,full_file,7211,7211,0,2,0.0,0.0,0.0,0.0,1.0,0.026625988073776176,0.16099888021329684,False,7019
aca_zero_premium_turnover,data/processed/drake_replication_county_year_2022_2024.parquet,Actv_Renrl_Sw_raw,object,7211,full_file,7211,7211,0,2072,11.0,79.0,175.0,375.0,999.0,261.881935826981,237.78906759628092,*,192
aca_zero_premium_turnover,data/processed/drake_replication_county_year_2022_2024.parquet,Actv_Renrl_Sw_suppressed_flag,bool,7211,full_file,7211,7211,0,2,0.0,0.0,0.0,0.0,1.0,0.026625988073776176,0.16099888021329684,False,7019
aca_zero_premium_turnover,data/processed/drake_replication_county_year_2022_2024.parquet,Avg_Prm_raw,object,7211,full_file,7211,7211,0,769,,,,,,,,$637,41
aca_zero_premium_turnover,data/processed/drake_replication_county_year_2022_2024.parquet,Avg_Prm_suppressed_flag,bool,7211,full_file,7211,7211,0,2,0.0,0.0,0.0,0.0,1.0,0.001109416169740674,0.03329172669993636,False,7203
aca_zero_premium_turnover,data/processed/drake_replication_county_year_2022_2024.parquet,Avg_Prm_Aftr_APTC_raw,object,7211,full_file,7211,7211,0,287,,,,,,,,$131,68
aca_zero_premium_turnover,data/processed/drake_replication_county_year_2022_2024.parquet,Avg_Prm_Aftr_APTC_suppressed_flag,bool,7211,full_file,7211,7211,0,2,0.0,0.0,0.0,0.0,1.0,0.001109416169740674,0.03329172669993636,False,7203
aca_zero_premium_turnover,data/processed/drake_replication_county_year_2022_2024.parquet,APTC_Cnsmr_Avg_APTC_raw,object,7211,full_file,7211,7211,0,687,,,,,,,,*,973
aca_zero_premium_turnover,data/processed/drake_replication_county_year_2022_2024.parquet,APTC_Cnsmr_Avg_APTC_suppressed_flag,bool,7211,full_file,7211,7211,0,2,0.0,0.0,0.0,0.0,1.0,0.13493274164470948,0.34167541076544183,False,6238
aca_zero_premium_turnover,data/processed/drake_replication_county_year_2022_2024.parquet,APTC_Cnsmr_raw,object,7211,full_file,7211,7211,0,3566,27.0,354.25,524.0,742.75,999.0,545.7068198665678,240.99734150243248,*,973
aca_zero_premium_turnover,data/processed/drake_replication_county_year_2022_2024.parquet,APTC_Cnsmr_suppressed_flag,bool,7211,full_file,7211,7211,0,2,0.0,0.0,0.0,0.0,1.0,0.13493274164470948,0.34167541076544183,False,6238
aca_zero_premium_turnover,data/processed/drake_replication_county_year_2022_2024.parquet,FPL_LT100_raw,object,7211,full_file,7211,7211,0,490,0.0,11.0,23.0,64.0,987.0,68.5415625,127.4713342938008,*,3918
aca_zero_premium_turnover,data/processed/drake_replication_county_year_2022_2024.parquet,FPL_LT100_suppressed_flag,bool,7211,full_file,7211,7211,0,2,0.0,0.0,1.0,1.0,1.0,0.5433365691304951,0.49815294374334007,True,3918
aca_zero_premium_turnover,data/processed/drake_replication_county_year_2022_2024.parquet,FPL_100_138_raw,object,7211,full_file,7211,7211,0,2035,0.0,38.0,120.0,346.5,998.0,227.265124177457,246.45256898653784,*,1115
aca_zero_premium_turnover,data/processed/drake_replication_county_year_2022_2024.parquet,FPL_100_138_suppressed_flag,bool,7211,full_file,7211,7211,0,2,0.0,0.0,0.0,0.0,1.0,0.15462487865760643,0.36157178454764216,False,6096
aca_zero_premium_turnover,data/processed/drake_replication_county_year_2022_2024.parquet,FPL_100_150_raw,object,7211,full_file,7211,7211,0,2443,0.0,74.0,179.0,425.5,998.0,277.56990083608787,255.76190681864992,*,206
aca_zero_premium_turnover,data/processed/drake_replication_county_year_2022_2024.parquet,FPL_100_150_suppressed_flag,bool,7211,full_file,7211,7211,0,2,0.0,0.0,0.0,0.0,1.0,0.028567466370822355,0.16659896532256116,False,7005
aca_zero_premium_turnover,data/processed/drake_replication_county_year_2022_2024.parquet,FPL_150_200_raw,object,7211,full_file,7211,7211,0,1780,0.0,79.0,161.0,325.0,999.0,240.38181221273803,221.8738572287309,*,80
aca_zero_premium_turnover,data/processed/drake_replication_county_year_2022_2024.parquet,FPL_150_200_suppressed_flag,bool,7211,full_file,7211,7211,0,2,0.0,0.0,0.0,0.0,1.0,0.01109416169740674,0.10475019294267048,False,7131
aca_zero_premium_turnover,data/processed/drake_replication_county_year_2022_2024.parquet,FPL_200_250_raw,object,7211,full_file,7211,7211,0,1522,0.0,63.0,124.0,267.0,999.0,205.1604743083004,210.22334066398716,*,146
aca_zero_premium_turnover,data/processed/drake_replication_county_year_2022_2024.parquet,FPL_200_250_suppressed_flag,bool,7211,full_file,7211,7211,0,2,0.0,0.0,0.0,0.0,1.0,0.0202468450977673,0.14085333388506,False,7065
aca_zero_premium_turnover,data/processed/drake_replication_county_year_2022_2024.parquet,FPL_250_300_raw,object,7211,full_file,7211,7211,0,1236,0.0,45.0,89.0,199.0,996.0,161.4433086963359,182.27917143035415,*,296
aca_zero_premium_turnover,data/processed/drake_replication_county_year_2022_2024.parquet,FPL_250_300_suppressed_flag,bool,7211,full_file,7211,7211,0,2,0.0,0.0,0.0,0.0,1.0,0.041048398280404935,0.19841594401401735,False,6915
aca_zero_premium_turnover,data/processed/drake_replication_county_year_2022_2024.parquet,FPL_300_400_raw,object,7211,full_file,7211,7211,0,1334,0.0,47.0,97.0,213.5,999.0,174.05911174332226,196.41183975381992,*,293
aca_zero_premium_turnover,data/processed/drake_replication_county_year_2022_2024.parquet,FPL_300_400_suppressed_flag,bool,7211,full_file,7211,7211,0,2,0.0,0.0,0.0,0.0,1.0,0.04063236721675218,0.19745071415991278,False,6918
aca_zero_premium_turnover,data/processed/drake_replication_county_year_2022_2024.parquet,FPL_GT400_raw,object,7211,full_file,7211,7211,0,1215,0.0,33.0,73.0,171.0,998.0,147.4176659348083,186.98302247695855,*,786
aca_zero_premium_turnover,data/processed/drake_replication_county_year_2022_2024.parquet,FPL_GT400_suppressed_flag,bool,7211,full_file,7211,7211,0,2,0.0,0.0,0.0,0.0,1.0,0.10900013867702121,0.31166099932789343,False,6425
aca_zero_premium_turnover,data/processed/drake_replication_county_year_2022_2024.parquet,FPL_OTHR_raw,object,7211,full_file,7211,7211,0,750,0.0,19.0,47.0,153.0,999.0,127.63124403436207,185.4296536819824,*,3868
aca_zero_premium_turnover,data/processed/drake_replication_county_year_2022_2024.parquet,FPL_OTHR_suppressed_flag,bool,7211,full_file,7211,7211,0,2,0.0,0.0,1.0,1.0,1.0,0.5364027180696158,0.49870766224964747,True,3868
aca_zero_premium_turnover,data/processed/drake_replication_county_year_2022_2024.parquet,Avg_Mo_Prem,float64,7211,full_file,7211,7203,8,768,349.0,596.0,666.0,759.0,1530.0,692.4181591003749,146.09285301810613,637.0,41
aca_zero_premium_turnover,data/processed/drake_replication_county_year_2022_2024.parquet,Avg_Mo_Prem_Aft_APTC,float64,7211,full_file,7211,7203,8,286,9.0,75.0,109.0,147.0,422.0,114.46966541718729,53.02993883577543,131.0,68
aca_zero_premium_turnover,data/processed/drake_replication_county_year_2022_2024.parquet,Avg_APTC,float64,7211,full_file,7211,6238,973,686,296.0,505.0,580.0,673.75,1427.0,599.422411029176,132.79716869941328,554.0,31
aca_zero_premium_turnover,data/processed/drake_replication_county_year_2022_2024.parquet,Consumers_APTC,float64,7211,full_file,7211,6238,973,3565,27.0,580.0,1232.0,3163.75,934017.0,5773.12712407823,27798.121167964673,576.0,11
aca_zero_premium_turnover,data/processed/drake_replication_county_year_2022_2024.parquet,suppression_or_missing_flag,bool,7211,full_file,7211,7211,0,2,0.0,0.0,0.0,0.0,1.0,0.026625988073776176,0.16099888021329684,False,7019
aca_zero_premium_turnover,data/processed/drake_replication_county_year_2022_2024.parquet,auto_reenrollment_rate,float64,7211,full_file,7211,7076,135,6476,0.03987730061349693,0.27930619361266396,0.33055323687627525,0.37582227328104656,0.6451612903225806,0.32794872162592625,0.08179401826732764,0.3333333333333333,27
aca_zero_premium_turnover,data/processed/drake_replication_county_year_2022_2024.parquet,active_reenrollment_rate,float64,7211,full_file,7211,7076,135,6476,0.3548387096774194,0.6241777267189534,0.6694467631237246,0.720693806387336,0.9601226993865031,0.6720512783740737,0.08179401826732764,0.6666666666666666,27
aca_zero_premium_turnover,data/processed/drake_replication_county_year_2022_2024.parquet,active_switch_rate_among_active,float64,7211,full_file,7211,7019,192,6350,0.0951048951048951,0.34146341463414637,0.4475743348982786,0.5739749446947695,0.9577384351798972,0.46419046076302206,0.16114594900303172,0.5,22
aca_zero_premium_turnover,data/processed/drake_replication_county_year_2022_2024.parquet,active_stay_rate_among_active,float64,7211,full_file,7211,7019,192,6350,0.0422615648201028,0.4260250553052306,0.5524256651017214,0.6585365853658537,0.9048951048951049,0.5358095392369779,0.16114594900303172,0.5,22
aca_zero_premium_turnover,data/processed/drake_replication_county_year_2022_2024.parquet,new_consumer_share,float64,7211,full_file,7211,7116,95,6519,0.0,0.1907619803482255,0.22952933785955038,0.27005228506640966,0.7839721254355401,0.23158863278098005,0.0595632973654503,0.25,15
aca_zero_premium_turnover,data/processed/drake_replication_county_year_2022_2024.parquet,total_reenrollment_share,float64,7211,full_file,7211,7116,95,6519,0.21602787456445993,0.7299477149335903,0.7704706621404496,0.8092380196517746,1.0,0.7684113672190199,0.0595632973654503,0.75,15
aca_zero_premium_turnover,data/processed/drake_replication_county_year_2022_2024.parquet,log_Cnsmr,float64,7211,full_file,7211,7203,8,3727,2.3978952727983707,6.129050210060545,6.956545443151569,7.953669778649798,13.763771901259753,7.111450704984325,1.470391803538325,5.337538079701318,11
aca_zero_premium_turnover,data/processed/drake_replication_county_year_2022_2024.parquet,log_Tot_Renrl,float64,7211,full_file,7211,7116,95,3348,2.3978952727983707,5.91350300563827,6.710523109452428,7.70368457787796,13.51589084793945,6.882371429090668,1.4271206584864542,5.402677381872279,16
aca_zero_premium_turnover,data/processed/drake_replication_county_year_2022_2024.parquet,log_Auto_Renrl,float64,7211,full_file,7211,7076,135,2053,2.3978952727983707,4.787491742782046,5.602118820879701,6.568077911411976,11.75479655607717,5.748127773574845,1.4325425579587305,4.060443010546419,29
aca_zero_premium_turnover,data/processed/drake_replication_county_year_2022_2024.parquet,log_Actv_Renrl,float64,7211,full_file,7211,7076,135,2812,2.4849066497880004,5.520458912512861,6.324358962381311,7.318042036111847,13.346434498392746,6.493860308442872,1.4297890897891021,4.68213122712422,21
aca_zero_premium_turnover,data/processed/drake_replication_county_year_2022_2024.parquet,log_Actv_Renrl_Nsw,float64,7211,full_file,7211,7019,192,2065,2.3978952727983707,4.890349128221754,5.659482215759621,6.631342581519001,12.617619223954206,5.833977132477505,1.3909241852536143,4.553876891600541,25
aca_zero_premium_turnover,data/processed/drake_replication_county_year_2022_2024.parquet,log_Actv_Renrl_Sw,float64,7211,full_file,7211,7019,192,2071,2.3978952727983707,4.584967478670572,5.529429087511423,6.590301048196686,12.817261117391684,5.684085446270836,1.5436680466257118,3.8066624897703196,36
aca_zero_premium_turnover,data/processed/drake_replication_county_year_2022_2024.parquet,raw_file_name,object,7211,full_file,7211,7211,0,3,,,,,,,,2022-oep-county-level-public-use-file.zip,2448
aca_zero_premium_turnover,data/processed/drake_replication_county_year_2022_2024.parquet,source_year,int64,7211,full_file,7211,7211,0,3,2022,2022.0,2023.0,2024.0,2024,2022.981555956178,0.8125700176528208,2022,2448
aca_zero_premium_turnover,data/processed/drake_replication_county_year_2022_2024.parquet,transition,object,7211,full_file,7211,7211,0,3,,,,,,,,2021_to_2022,2448
aca_zero_premium_turnover,data/processed/drake_replication_county_year_2022_2024.parquet,any_zero_to_positive_turnover,bool,7211,full_file,7211,7211,0,2,0.0,0.0,1.0,1.0,1.0,0.6374982665372347,0.48075594494826307,True,4597
aca_zero_premium_turnover,data/processed/drake_replication_county_year_2022_2024.parquet,lowest_zero_to_positive_turnover,bool,7211,full_file,7211,7211,0,2,0.0,0.0,0.0,1.0,1.0,0.4533351823602829,0.49785215358855783,False,3942
aca_zero_premium_turnover,data/processed/drake_replication_county_year_2022_2024.parquet,second_lowest_zero_to_positive_turnover,bool,7211,full_file,7211,7211,0,2,0.0,0.0,1.0,1.0,1.0,0.5834142282623769,0.4930271549802051,True,4207
aca_zero_premium_turnover,data/processed/drake_replication_county_year_2022_2024.parquet,any_zero_to_positive_turnover_across_issuer,bool,7211,full_file,7211,7211,0,2,0.0,0.0,0.0,0.0,1.0,0.014838441270281515,0.1209143888424256,False,7104
aca_zero_premium_turnover,data/processed/drake_replication_county_year_2022_2024.parquet,any_zero_to_positive_turnover_within_issuer,bool,7211,full_file,7211,7211,0,2,0.0,0.0,1.0,1.0,1.0,0.6236305644154764,0.48450803677639426,True,4497
aca_zero_premium_turnover,data/processed/drake_replication_county_year_2022_2024.parquet,any_zero_to_positive_turnover_across_issuer_crosswalk_only,bool,7211,full_file,7211,7211,0,2,0.0,0.0,0.0,0.0,1.0,0.014838441270281515,0.1209143888424256,False,7104
aca_zero_premium_turnover,data/processed/drake_replication_county_year_2022_2024.parquet,any_zero_to_positive_turnover_across_issuer_plan_panel_only,bool,7211,full_file,7211,7211,0,2,0.0,0.0,0.0,0.0,1.0,0.014838441270281515,0.1209143888424256,False,7104
aca_zero_premium_turnover,data/processed/drake_replication_county_year_2022_2024.parquet,any_zero_to_positive_turnover_across_issuer_plan_id_prefix,bool,7211,full_file,7211,7211,0,2,0.0,0.0,0.0,0.0,1.0,0.014838441270281515,0.1209143888424256,False,7104
aca_zero_premium_turnover,data/processed/drake_replication_county_year_2022_2024.parquet,any_zero_to_positive_turnover_within_issuer_crosswalk_only,bool,7211,full_file,7211,7211,0,2,0.0,0.0,1.0,1.0,1.0,0.6236305644154764,0.48450803677639426,True,4497
aca_zero_premium_turnover,data/processed/drake_replication_county_year_2022_2024.parquet,any_zero_to_positive_turnover_within_issuer_plan_panel_only,bool,7211,full_file,7211,7211,0,2,0.0,0.0,1.0,1.0,1.0,0.6236305644154764,0.48450803677639426,True,4497
aca_zero_premium_turnover,data/processed/drake_replication_county_year_2022_2024.parquet,any_zero_to_positive_turnover_within_issuer_plan_id_prefix,bool,7211,full_file,7211,7211,0,2,0.0,0.0,1.0,1.0,1.0,0.6236305644154764,0.48450803677639426,True,4497
aca_zero_premium_turnover,data/processed/drake_replication_county_year_2022_2024.parquet,lowest_zero_to_positive_turnover_across_issuer,bool,7211,full_file,7211,7211,0,2,0.0,0.0,0.0,0.0,1.0,0.01275828595201775,0.11223751174159083,False,7119
aca_zero_premium_turnover,data/processed/drake_replication_county_year_2022_2024.parquet,second_lowest_zero_to_positive_turnover_across_issuer,bool,7211,full_file,7211,7211,0,2,0.0,0.0,0.0,0.0,1.0,0.01469976424906393,0.12035651213136361,False,7105
aca_zero_premium_turnover,data/processed/drake_replication_county_year_2022_2024.parquet,lowest_zero_to_positive_turnover_across_issuer_crosswalk_only,bool,7211,full_file,7211,7211,0,2,0.0,0.0,0.0,0.0,1.0,0.01275828595201775,0.11223751174159083,False,7119
aca_zero_premium_turnover,data/processed/drake_replication_county_year_2022_2024.parquet,second_lowest_zero_to_positive_turnover_across_issuer_crosswalk_only,bool,7211,full_file,7211,7211,0,2,0.0,0.0,0.0,0.0,1.0,0.01469976424906393,0.12035651213136361,False,7105
aca_zero_premium_turnover,data/processed/drake_replication_county_year_2022_2024.parquet,any_zero_to_positive_turnover_unmapped,bool,7211,full_file,7211,7211,0,2,0.0,0.0,0.0,0.0,1.0,0.004021633615309943,0.06329309299352798,False,7182
aca_zero_premium_turnover,data/processed/drake_replication_county_year_2022_2024.parquet,any_zero_premium_prior_year,bool,7211,full_file,7211,7211,0,2,0.0,1.0,1.0,1.0,1.0,0.8794896685619192,0.325579931102636,True,6342
aca_zero_premium_turnover,data/processed/drake_replication_county_year_2022_2024.parquet,any_positive_mapped_current_year,bool,7211,full_file,7211,7211,0,2,0.0,1.0,1.0,1.0,1.0,0.7691027596727222,0.4214360389565145,True,5546
aca_zero_premium_turnover,data/processed/drake_replication_county_year_2022_2024.parquet,prior_lowest_zero_premium_flag,bool,7211,full_file,7211,7211,0,2,0.0,1.0,1.0,1.0,1.0,0.8742199417556511,0.33162431478147425,True,6304
aca_zero_premium_turnover,data/processed/drake_replication_county_year_2022_2024.parquet,prior_second_lowest_zero_premium_flag,bool,7211,full_file,7211,7211,0,2,0.0,1.0,1.0,1.0,1.0,0.8539730966578838,0.35315767397585696,True,6158
aca_zero_premium_turnover,data/processed/drake_replication_county_year_2022_2024.parquet,current_mapped_lowest_positive_premium_flag,bool,7211,full_file,7211,7211,0,2,0.0,0.0,1.0,1.0,1.0,0.5680210789072251,0.4953858750095189,True,4096
aca_zero_premium_turnover,data/processed/drake_replication_county_year_2022_2024.parquet,current_mapped_second_lowest_positive_premium_flag,bool,7211,full_file,7211,7211,0,2,0.0,0.0,1.0,1.0,1.0,0.7259742060740535,0.4460529675050016,True,5235
aca_zero_premium_turnover,data/processed/drake_replication_county_year_2022_2024.parquet,premium_change_lowest,float64,7211,full_file,7211,7181,30,1130,-8.667373999999825,0.0,0.19495999999992364,23.120000000000005,324.51,16.285334926890403,30.40410085345056,0.0,2997
aca_zero_premium_turnover,data/processed/drake_replication_county_year_2022_2024.parquet,premium_change_second_lowest,float64,7211,full_file,7211,7183,28,1349,-19.69737399999991,0.0,8.954000000000065,33.39999999999998,414.48,25.470118053598775,42.03270093955295,0.0,1921
aca_zero_premium_turnover,data/processed/drake_replication_county_year_2022_2024.parquet,max_premium_change_among_affected_top_two,float64,7211,full_file,7211,4597,2614,1224,0.03999999999996362,11.799999999999955,28.00999999999999,49.210000000000036,414.48,41.392394904502936,47.35096280329169,0.04270500000006905,75
aca_zero_premium_turnover,data/processed/drake_replication_county_year_2022_2024.parquet,mean_premium_change_among_affected_top_two,float64,7211,full_file,7211,4597,2614,1257,0.03999999999996362,9.594999999999999,24.879999999999995,45.035,369.495,36.382675514248426,40.75003643522745,2.6286880000000394,75
aca_zero_premium_turnover,data/processed/drake_replication_county_year_2022_2024.parquet,current_mapped_premium_lowest,float64,7211,full_file,7211,7181,30,1097,0.0,0.0,0.8351999999999862,23.245300000000043,324.51,16.543040513020472,30.34721375057565,0.0,3066
aca_zero_premium_turnover,data/processed/drake_replication_county_year_2022_2024.parquet,current_mapped_premium_second_lowest,float64,7211,full_file,7211,7183,28,1335,0.0,0.0,10.860000000000014,33.670000000000016,414.48,26.166315072671583,41.76555711546535,0.0,1944
aca_zero_premium_turnover,data/processed/drake_replication_county_year_2022_2024.parquet,prior_premium_lowest,float64,7211,full_file,7211,7209,2,196,0.0,0.0,0.0,0.0,11.669241,0.25670464891108363,1.038092193674257,0.0,6285
aca_zero_premium_turnover,data/processed/drake_replication_county_year_2022_2024.parquet,prior_premium_second_lowest,float64,7211,full_file,7211,7209,2,242,0.0,0.0,0.0,0.0,29.275169999999946,0.6936861129144132,2.7501015117122867,0.0,6158
aca_zero_premium_turnover,data/processed/drake_replication_county_year_2022_2024.parquet,gross_premium_change_lowest,float64,7211,full_file,7211,7181,30,1443,-175.78000000000003,6.240000000000009,26.599999999999966,48.14999999999998,293.06000000000006,28.012839437404264,41.259733602682495,14.970000000000027,82
aca_zero_premium_turnover,data/processed/drake_replication_county_year_2022_2024.parquet,gross_premium_change_second_lowest,float64,7211,full_file,7211,7183,28,1553,-309.80000000000007,6.410000000000082,25.680000000000007,48.039999999999964,305.1400000000001,26.79455241542531,42.65869292812242,16.089999999999918,82
aca_zero_premium_turnover,data/processed/drake_replication_county_year_2022_2024.parquet,net_premium_proxy_change_lowest,float64,7211,full_file,7211,7181,30,1130,-8.667373999999825,0.0,0.19495999999992364,23.120000000000005,324.51,16.285334926890403,30.40410085345056,0.0,2997
aca_zero_premium_turnover,data/processed/drake_replication_county_year_2022_2024.parquet,net_premium_proxy_change_second_lowest,float64,7211,full_file,7211,7183,28,1349,-19.69737399999991,0.0,8.954000000000065,33.39999999999998,414.48,25.470118053598775,42.03270093955295,0.0,1921
aca_zero_premium_turnover,data/processed/drake_replication_county_year_2022_2024.parquet,previous_lowest_plan_id,object,7211,full_file,7211,7209,2,456,,,,,,,,33602TX0460704,229
aca_zero_premium_turnover,data/processed/drake_replication_county_year_2022_2024.parquet,previous_second_lowest_plan_id,object,7211,full_file,7211,7209,2,578,,,,,,,,50328WV0020021,144
aca_zero_premium_turnover,data/processed/drake_replication_county_year_2022_2024.parquet,mapped_current_lowest_plan_id,object,7211,full_file,7211,7181,30,428,,,,,,,,88380VA0720036,178
aca_zero_premium_turnover,data/processed/drake_replication_county_year_2022_2024.parquet,mapped_current_second_lowest_plan_id,object,7211,full_file,7211,7183,28,549,,,,,,,,34368KS0110049,166
aca_zero_premium_turnover,data/processed/drake_replication_county_year_2022_2024.parquet,previous_lowest_issuer_id,object,7211,full_file,7211,7209,2,175,10091.0,30751.0,49046.0,77320.0,99969.0,53375.28131502289,26390.473496926767,33602,301
aca_zero_premium_turnover,data/processed/drake_replication_county_year_2022_2024.parquet,previous_second_lowest_issuer_id,object,7211,full_file,7211,7209,2,180,10091.0,31195.0,52697.0,77969.0,99969.0,54595.89540851713,26289.571997679806,29418,266
aca_zero_premium_turnover,data/processed/drake_replication_county_year_2022_2024.parquet,mapped_current_lowest_issuer_id,object,7211,full_file,7211,7209,2,173,10091.0,30252.0,46944.0,73836.0,99969.0,52319.88720233951,26116.52288865579,33602,301
aca_zero_premium_turnover,data/processed/drake_replication_county_year_2022_2024.parquet,mapped_current_second_lowest_issuer_id,object,7211,full_file,7211,7209,2,177,10091.0,31195.0,50328.0,76384.0,99969.0,53629.87289433384,26047.92695667043,29418,275
aca_zero_premium_turnover,data/processed/drake_replication_county_year_2022_2024.parquet,crosswalk_current_lowest_issuer_id,object,7211,full_file,7211,7181,30,172,10091.0,30252.0,46944.0,73836.0,99969.0,52319.88720233951,26116.52288865579,33602,301
aca_zero_premium_turnover,data/processed/drake_replication_county_year_2022_2024.parquet,crosswalk_current_second_lowest_issuer_id,object,7211,full_file,7211,7183,28,176,10091.0,31195.0,50328.0,76384.0,99969.0,53629.87289433384,26047.92695667043,29418,275
aca_zero_premium_turnover,data/processed/drake_replication_county_year_2022_2024.parquet,plan_panel_current_lowest_issuer_id,object,7211,full_file,7211,7181,30,172,10091.0,30252.0,46944.0,73836.0,99969.0,52319.88720233951,26116.52288865579,33602,301
aca_zero_premium_turnover,data/processed/drake_replication_county_year_2022_2024.parquet,plan_panel_current_second_lowest_issuer_id,object,7211,full_file,7211,7183,28,176,10091.0,31195.0,50328.0,76384.0,99969.0,53629.87289433384,26047.92695667043,29418,275
aca_zero_premium_turnover,data/processed/drake_replication_county_year_2022_2024.parquet,crosswalk_level_lowest,object,7211,full_file,7211,7181,30,4,0.0,0.0,0.0,0.0,3.0,0.33755744325302883,0.6725580773044403,0,5542
aca_zero_premium_turnover,data/processed/drake_replication_county_year_2022_2024.parquet,crosswalk_level_second_lowest,object,7211,full_file,7211,7183,28,4,0.0,0.0,0.0,1.0,3.0,0.34860086314910205,0.6309460612019772,0,5285
aca_zero_premium_turnover,data/processed/drake_replication_county_year_2022_2024.parquet,crosswalk_reason_lowest,object,7211,full_file,7211,7181,30,7,0.0,0.0,0.0,0.0,8.0,0.6436429466648099,1.6819160341802928,0,5756
aca_zero_premium_turnover,data/processed/drake_replication_county_year_2022_2024.parquet,crosswalk_reason_second_lowest,object,7211,full_file,7211,7183,28,7,0.0,0.0,0.0,0.0,8.0,0.6927467631908674,1.6411960215895276,0,5476
aca_zero_premium_turnover,data/processed/drake_replication_county_year_2022_2024.parquet,same_issuer_lowest,bool,7211,full_file,7211,7211,0,2,0.0,1.0,1.0,1.0,1.0,0.965330744695604,0.18295338157559335,True,6961
aca_zero_premium_turnover,data/processed/drake_replication_county_year_2022_2024.parquet,same_issuer_second_lowest,bool,7211,full_file,7211,7211,0,2,0.0,1.0,1.0,1.0,1.0,0.9621411732075995,0.19086798608395295,True,6938
aca_zero_premium_turnover,data/processed/drake_replication_county_year_2022_2024.parquet,same_issuer_lowest_crosswalk_only,bool,7211,full_file,7211,7211,0,2,0.0,1.0,1.0,1.0,1.0,0.965330744695604,0.18295338157559335,True,6961
aca_zero_premium_turnover,data/processed/drake_replication_county_year_2022_2024.parquet,same_issuer_second_lowest_crosswalk_only,bool,7211,full_file,7211,7211,0,2,0.0,1.0,1.0,1.0,1.0,0.9621411732075995,0.19086798608395295,True,6938
aca_zero_premium_turnover,data/processed/drake_replication_county_year_2022_2024.parquet,same_issuer_lowest_plan_id_prefix,bool,7211,full_file,7211,7211,0,2,0.0,1.0,1.0,1.0,1.0,0.965330744695604,0.18295338157559335,True,6961
aca_zero_premium_turnover,data/processed/drake_replication_county_year_2022_2024.parquet,same_issuer_second_lowest_plan_id_prefix,bool,7211,full_file,7211,7211,0,2,0.0,1.0,1.0,1.0,1.0,0.9621411732075995,0.19086798608395295,True,6938
aca_zero_premium_turnover,data/processed/drake_replication_county_year_2022_2024.parquet,treatment_constructible_flag,bool,7211,full_file,7211,7211,0,2,0.0,1.0,1.0,1.0,1.0,0.9957010123422549,0.06543011579591282,True,7180
aca_zero_premium_turnover,data/processed/drake_replication_county_year_2022_2024.parquet,reason_not_constructible,object,7211,full_file,7211,7211,0,3,,,,,,,,,7180
aca_zero_premium_turnover,data/processed/drake_replication_county_year_2022_2024.parquet,missing_previous_plan_flag,bool,7211,full_file,7211,7211,0,1,0.0,0.0,0.0,0.0,0.0,0.0,0.0,False,7211
aca_zero_premium_turnover,data/processed/drake_replication_county_year_2022_2024.parquet,missing_crosswalk_flag,bool,7211,full_file,7211,7211,0,2,0.0,0.0,0.0,0.0,1.0,0.004021633615309943,0.06329309299352798,False,7182
aca_zero_premium_turnover,data/processed/drake_replication_county_year_2022_2024.parquet,missing_current_plan_flag,bool,7211,full_file,7211,7211,0,2,0.0,0.0,0.0,0.0,1.0,0.004021633615309943,0.06329309299352798,False,7182
aca_zero_premium_turnover,data/processed/drake_replication_county_year_2022_2024.parquet,missing_premium_flag,bool,7211,full_file,7211,7211,0,2,0.0,0.0,0.0,0.0,1.0,0.004021633615309943,0.06329309299352798,False,7182
aca_zero_premium_turnover,data/processed/drake_replication_county_year_2022_2024.parquet,missing_county_mapping_flag,bool,7211,full_file,7211,7211,0,1,0.0,0.0,0.0,0.0,0.0,0.0,0.0,False,7211
aca_zero_premium_turnover,data/processed/drake_replication_county_year_2022_2024.parquet,zero_premium_measure_type,object,7211,full_file,7211,7211,0,2,,,,,,,,ehb_adjusted_low_income_proxy,7209
aca_zero_premium_turnover,data/processed/drake_replication_county_year_2022_2024.parquet,premium_measure_type,object,7211,full_file,7211,7211,0,2,,,,,,,,age_40_individual_premium,7209
aca_zero_premium_turnover,data/processed/drake_replication_county_year_2022_2024.parquet,has_two_silver_plans,bool,7211,full_file,7211,7211,0,1,1.0,1.0,1.0,1.0,1.0,1.0,0.0,True,7211
aca_zero_premium_turnover,data/processed/drake_replication_county_year_2022_2024.parquet,lowest_silver_premium,float64,7211,full_file,7211,7211,0,1441,287.63,433.77,491.9,561.535,988.67,508.5935570655942,110.73069763336579,520.12,147
aca_zero_premium_turnover,data/processed/drake_replication_county_year_2022_2024.parquet,lowest_silver_ehb_premium,float64,7211,full_file,7211,7211,0,1453,287.63,433.49,491.9,561.535,982.441379,508.37499018138953,110.4622970025415,520.12,147
aca_zero_premium_turnover,data/processed/drake_replication_county_year_2022_2024.parquet,lowest_silver_non_ehb_premium,float64,7211,full_file,7211,7211,0,155,0.0,0.0,0.0,0.0,11.669241,0.21856688420468798,0.9804204986495926,0.0,6408
aca_zero_premium_turnover,data/processed/drake_replication_county_year_2022_2024.parquet,second_lowest_silver_premium,float64,7211,full_file,7211,7211,0,1515,287.72,439.26,501.13,576.43,1010.27,519.3509915407017,113.93126219650162,427.05,75
aca_zero_premium_turnover,data/processed/drake_replication_county_year_2022_2024.parquet,second_lowest_silver_ehb_premium,float64,7211,full_file,7211,7211,0,1523,287.72,438.79,501.04,576.43,1004.0063259999998,518.886441210373,113.5218905303512,415.54,75
aca_zero_premium_turnover,data/processed/drake_replication_county_year_2022_2024.parquet,second_lowest_silver_non_ehb_premium,float64,7211,full_file,7211,7211,0,238,0.0,0.0,0.0,0.0,17.25236499999994,0.464550330328666,1.6532561769435716,0.0,6150
aca_zero_premium_turnover,data/processed/drake_replication_county_year_2022_2024.parquet,number_of_plans_tied_lowest,int64,7211,full_file,7211,7211,0,2,1,1.0,1.0,1.0,2,1.0165025655248925,0.12740675778085686,1,7092
aca_zero_premium_turnover,data/processed/drake_replication_county_year_2022_2024.parquet,number_of_plans_tied_second_lowest,int64,7211,full_file,7211,7211,0,2,1,1.0,1.0,1.0,2,1.0019414782970462,0.04402246826388282,1,7197
aca_zero_premium_turnover,data/processed/drake_replication_county_year_2022_2024.parquet,tie_flag,bool,7211,full_file,7211,7211,0,2,0.0,0.0,0.0,0.0,1.0,0.018444043821938705,0.13455991976501816,False,7078
aca_zero_premium_turnover,data/processed/drake_replication_county_year_2022_2024.parquet,number_of_silver_plans,int64,7211,full_file,7211,7211,0,83,2,9.0,18.0,25.0,100,19.066842324226876,12.223574810065623,25,436
aca_zero_premium_turnover,data/processed/drake_replication_county_year_2022_2024.parquet,number_of_insurers,int64,7211,full_file,7211,7211,0,12,1,2.0,3.0,5.0,12,3.605741228678408,1.666431332521711,3,1925
aca_zero_premium_turnover,data/processed/drake_replication_county_year_2022_2024.parquet,min_silver_premium_all_plans,float64,7211,full_file,7211,7211,0,1441,287.63,433.77,491.9,561.535,988.67,508.5935570655942,110.73069763336579,520.12,147
aca_zero_premium_turnover,data/processed/drake_replication_county_year_2022_2024.parquet,max_silver_premium_all_plans,float64,7211,full_file,7211,7211,0,1202,365.94,581.9549999999999,660.62,776.04,1320.71,695.1269601996948,163.11630872659276,597.94,83
aca_zero_premium_turnover,data/processed/drake_replication_county_year_2022_2024.parquet,premium_spread_among_silver_plans,float64,7211,full_file,7211,7211,0,1215,0.0,1.7000000000000455,5.7299999999999045,12.0,146.64999999999998,10.757434475107477,15.326217602878705,0.0,119
aca_zero_premium_turnover,data/processed/drake_replication_county_year_2022_2024.parquet,fewer_than_two_silver_plans,bool,7211,full_file,7211,7211,0,1,0.0,0.0,0.0,0.0,0.0,0.0,0.0,False,7211
aca_zero_premium_turnover,data/processed/drake_replication_county_year_2022_2024.parquet,lowest_bronze_premium,float64,7211,full_file,7211,7211,0,1392,217.51,333.48,375.11,423.77,718.27,388.342980169186,80.72864878604466,392.64,143
aca_zero_premium_turnover,data/processed/drake_replication_county_year_2022_2024.parquet,number_of_bronze_plans,int64,7211,full_file,7211,7211,0,75,2,11.0,16.0,24.0,97,18.45305782831785,10.982301106647526,7,487
aca_zero_premium_turnover,data/processed/drake_replication_county_year_2022_2024.parquet,number_of_bronze_insurers,int64,7211,full_file,7211,7211,0,12,1,2.0,3.0,4.0,12,3.3620857023991126,1.529895984744757,3,2123
aca_zero_premium_turnover,data/processed/drake_replication_county_year_2022_2024.parquet,bronze_spread,float64,7211,full_file,7211,7211,0,1652,-78.10000000000002,94.68,128.84000000000003,162.40999999999997,369.0,131.00801137151575,51.922212506850364,62.02000000000004,75
aca_zero_premium_turnover,data/processed/drake_replication_county_year_2022_2024.parquet,market_control_measure_type,object,7211,full_file,7211,7211,0,1,,,,,,,,age_40_premium_county_year_market_controls,7211
aca_zero_premium_turnover,data/processed/drake_replication_county_year_2022_2024.parquet,market_control_limitations,object,7211,full_file,7211,7211,0,1,,,,,,,,Number of insurers is based on silver plan issuers in the constructed county-plan panel; bronze spread is SLCSP minus lowest bronze premium.,7211
aca_zero_premium_turnover,data/processed/drake_replication_county_year_2022_2024.parquet,enrollment_2021_weight,float64,7211,full_file,7211,7199,12,1583,12.0,314.0,695.0,1791.0,509218.0,3326.9244339491597,16142.267852183197,301.0,21
aca_zero_premium_turnover,data/processed/drake_replication_county_year_2022_2024.parquet,enrollment_2021_weight_raw,object,7211,full_file,7211,7205,6,1584,12.0,203.0,376.0,607.5,998.0,419.2538860103627,255.31996859054811,301,21
aca_zero_premium_turnover,data/processed/drake_replication_county_year_2022_2024.parquet,enrollment_2021_weight_suppressed_flag,object,7211,full_file,7211,7205,6,2,0.0,0.0,0.0,0.0,1.0,0.0008327550312283137,0.02884747909651469,False,7199
aca_zero_premium_turnover,data/processed/drake_replication_county_year_2022_2024.parquet,enrollment_2021_weight_source,object,7211,full_file,7211,7205,6,1,,,,,,,,data\raw\oep_puf\2021\2021-oep-county-level-public-use-file.zip,7205
aca_zero_premium_turnover,data/processed/drake_replication_county_year_2022_2024.parquet,any_zero_to_positive_turnover_nullable_when_not_constructible,boolean,7211,full_file,7211,7180,31,2,0.0,0.0,1.0,1.0,1.0,0.64025069637883,0.47996023375382707,True,4597
aca_zero_premium_turnover,data/processed/drake_replication_county_year_2022_2024.parquet,any_zero_to_positive_turnover_across_issuer_nullable_when_not_constructible,boolean,7211,full_file,7211,7180,31,2,0.0,0.0,0.0,0.0,1.0,0.0149025069637883,0.12117123075154237,False,7073
aca_zero_premium_turnover,data/processed/drake_replication_county_year_2022_2024.parquet,any_zero_to_positive_turnover_within_issuer_nullable_when_not_constructible,boolean,7211,full_file,7211,7180,31,2,0.0,0.0,1.0,1.0,1.0,0.6263231197771588,0.4838130531460475,True,4497
aca_zero_premium_turnover,data/processed/drake_replication_county_year_2022_2024.parquet,included_primary_sample,bool,7211,full_file,7211,7211,0,2,0.0,1.0,1.0,1.0,1.0,0.910275967272223,0.2858058055840812,True,6564
aca_zero_premium_turnover,data/processed/drake_replication_county_year_2022_2024.parquet,sample_exclusion_reason,object,7211,full_file,7211,7211,0,4,,,,,,,,,6564
aca_zero_premium_turnover,data/processed/drake_replication_county_year_2022_2024.parquet,continuous_hcgov_2022_2024,bool,7211,full_file,7211,7211,0,2,0.0,1.0,1.0,1.0,1.0,0.9631119123561226,0.1885000905707404,True,6945
aca_zero_premium_turnover,data/processed/drake_replication_county_year_2022_2024.parquet,drake_supplement_etable3_exclusion_reason,object,7211,full_file,7211,7211,0,3,,,,,,,,,7122
aca_zero_premium_turnover,data/processed/drake_replication_county_year_2022_2024.parquet,drake_supplement_etable3_exclusion,bool,7211,full_file,7211,7211,0,2,0.0,0.0,0.0,0.0,1.0,0.012342254888364998,0.11041564349943653,False,7122
aca_zero_premium_turnover,data/processed/drake_replication_county_year_2022_2024.parquet,included_drake_harmonized_sample,bool,7211,full_file,7211,7211,0,2,0.0,1.0,1.0,1.0,1.0,0.8982110664262931,0.3023915132563166,True,6477
aca_zero_premium_turnover,data/processed/drake_replication_county_year_2022_2024.parquet,drake_table2_complete_case_core_flag,bool,7211,full_file,7211,7211,0,2,0.0,1.0,1.0,1.0,1.0,0.8973790042989876,0.3034842656059022,True,6471
aca_zero_premium_turnover,data/processed/drake_replication_county_year_2022_2024.parquet,drake_table2_complete_case_all_outcomes_flag,bool,7211,full_file,7211,7211,0,2,0.0,1.0,1.0,1.0,1.0,0.8803217306892248,0.32460744532802344,True,6348
aca_zero_premium_turnover,data/processed/drake_replication_county_year_2022_2024.parquet,drake_table2_complete_case_missing_reason,object,7211,full_file,7211,7211,0,14,,,,,,,,,6348
aca_zero_premium_turnover,data/processed/drake_replication_county_year_2022_2024.parquet,source_file_references,object,7211,full_file,7211,7211,0,3,,,,,,,,2022-oep-county-level-public-use-file.zip; transition=2021_to_2022,2448
aca_zero_premium_turnover,data/processed/drake_replication_county_year_2022_2024_primary_sample.csv,year,int64,6564,full_file,6564,6564,0,3,2022,2022.0,2023.0,2024.0,2024,2023.0,0.8165587830823074,2022,2188
aca_zero_premium_turnover,data/processed/drake_replication_county_year_2022_2024_primary_sample.csv,State_Abrvtn,object,6564,full_file,6564,6564,0,29,,,,,,,,TX,762
aca_zero_premium_turnover,data/processed/drake_replication_county_year_2022_2024_primary_sample.csv,County_FIPS_Cd,int64,6564,full_file,6564,6564,0,2188,1001,18118.5,29162.0,46095.5,56045,30766.530164533822,15240.962485473956,1001,3
aca_zero_premium_turnover,data/processed/drake_replication_county_year_2022_2024_primary_sample.csv,Cnsmr,float64,6564,full_file,6564,6558,6,3590,21.0,484.0,1127.0,3039.25,949577.0,5749.910186032327,28148.846623630496,208.0,11
aca_zero_premium_turnover,data/processed/drake_replication_county_year_2022_2024_primary_sample.csv,New_Cnsmr,float64,6564,full_file,6564,6498,66,1985,11.0,108.0,274.0,741.0,208477.0,1442.2679285934134,6939.001552519852,48.0,28
aca_zero_premium_turnover,data/processed/drake_replication_county_year_2022_2024_primary_sample.csv,Tot_Renrl,float64,6564,full_file,6564,6498,66,3238,18.0,385.0,867.0,2330.75,741100.0,4360.0664819944595,21435.251196794383,333.0,14
aca_zero_premium_turnover,data/processed/drake_replication_county_year_2022_2024_primary_sample.csv,Auto_Renrl,float64,6564,full_file,6564,6478,86,2011,11.0,130.0,292.5,758.0,127363.0,1253.0087990120408,4710.656728725492,58.0,26
aca_zero_premium_turnover,data/processed/drake_replication_county_year_2022_2024_primary_sample.csv,Actv_Renrl,float64,6564,full_file,6564,6478,86,2732,12.0,254.0,578.5,1580.25,625580.0,3120.278789749923,17085.615889423058,108.0,19
aca_zero_premium_turnover,data/processed/drake_replication_county_year_2022_2024_primary_sample.csv,Actv_Renrl_Nsw,float64,6564,full_file,6564,6435,129,2009,11.0,137.5,301.0,791.0,301830.0,1369.2744366744366,6496.646487031206,95.0,23
aca_zero_premium_turnover,data/processed/drake_replication_county_year_2022_2024_primary_sample.csv,Actv_Renrl_Sw,float64,6564,full_file,6564,6435,129,2020,11.0,99.0,262.0,768.0,368524.0,1771.5011655011656,11099.918235358098,27.0,34
aca_zero_premium_turnover,data/processed/drake_replication_county_year_2022_2024_primary_sample.csv,Avg_Prm,float64,6564,full_file,6564,6558,6,748,349.0,597.0,666.0,756.0,1530.0,691.9682830131137,145.2413312008114,637.0,40
aca_zero_premium_turnover,data/processed/drake_replication_county_year_2022_2024_primary_sample.csv,Avg_Prm_Aftr_APTC,float64,6564,full_file,6564,6558,6,275,9.0,73.0,106.0,146.0,376.0,112.55519975602317,53.0478151341992,76.0,63
aca_zero_premium_turnover,data/processed/drake_replication_county_year_2022_2024_primary_sample.csv,APTC_Cnsmr_Avg_APTC,float64,6564,full_file,6564,5761,803,681,296.0,508.0,586.0,676.0,1427.0,602.1543134872418,132.30284848761093,565.0,30
aca_zero_premium_turnover,data/processed/drake_replication_county_year_2022_2024_primary_sample.csv,APTC_Cnsmr,float64,6564,full_file,6564,5761,803,3445,27.0,603.0,1286.0,3321.0,934017.0,6084.646936295782,28875.92347001491,689.0,9
aca_zero_premium_turnover,data/processed/drake_replication_county_year_2022_2024_primary_sample.csv,FPL_LT100,float64,6564,full_file,6564,3047,3517,481,0.0,12.0,27.0,75.5,28873.0,167.3764358385297,945.7515743871168,0.0,630
aca_zero_premium_turnover,data/processed/drake_replication_county_year_2022_2024_primary_sample.csv,FPL_100_138,float64,6564,full_file,6564,5637,927,2025,0.0,69.0,272.0,965.0,564034.0,2445.7287564307258,16108.761461945978,12.0,60
aca_zero_premium_turnover,data/processed/drake_replication_county_year_2022_2024_primary_sample.csv,FPL_100_150,float64,6564,full_file,6564,6414,150,2408,0.0,116.0,389.0,1198.0,696916.0,2841.5060804490176,18401.292632999972,38.0,25
aca_zero_premium_turnover,data/processed/drake_replication_county_year_2022_2024_primary_sample.csv,FPL_150_200,float64,6564,full_file,6564,6517,47,1733,0.0,96.0,212.0,559.0,116334.0,965.6773055086696,4076.6148695222214,71.0,33
aca_zero_premium_turnover,data/processed/drake_replication_county_year_2022_2024_primary_sample.csv,FPL_200_250,float64,6564,full_file,6564,6450,114,1480,0.0,69.0,147.0,397.75,56371.0,638.7387596899225,2313.9973471383237,40.0,44
aca_zero_premium_turnover,data/processed/drake_replication_county_year_2022_2024_primary_sample.csv,FPL_250_300,float64,6564,full_file,6564,6328,236,1199,0.0,48.0,101.0,277.0,25035.0,410.53697850821743,1308.954539916753,27.0,59
aca_zero_premium_turnover,data/processed/drake_replication_county_year_2022_2024_primary_sample.csv,FPL_300_400,float64,6564,full_file,6564,6304,260,1291,0.0,50.0,111.0,298.0,19668.0,435.0750317258883,1245.4255235903938,16.0,51
aca_zero_premium_turnover,data/processed/drake_replication_county_year_2022_2024_primary_sample.csv,FPL_GT400,float64,6564,full_file,6564,5837,727,1171,0.0,36.0,86.0,243.0,19810.0,384.18742504711327,1135.4139286635454,11.0,71
aca_zero_premium_turnover,data/processed/drake_replication_county_year_2022_2024_primary_sample.csv,FPL_OTHR,float64,6564,full_file,6564,3116,3448,728,0.0,21.0,54.5,198.0,13395.0,278.558729139923,776.0689624195783,0.0,184
aca_zero_premium_turnover,data/processed/drake_replication_county_year_2022_2024_primary_sample.csv,state,object,6564,full_file,6564,6564,0,29,,,,,,,,TX,762
aca_zero_premium_turnover,data/processed/drake_replication_county_year_2022_2024_primary_sample.csv,county_fips,int64,6564,full_file,6564,6564,0,2188,1001,18118.5,29162.0,46095.5,56045,30766.530164533822,15240.962485473956,1001,3
aca_zero_premium_turnover,data/processed/drake_replication_county_year_2022_2024_primary_sample.csv,county_name,float64,6564,full_file,6564,0,6564,0,,,,,,,,,
aca_zero_premium_turnover,data/processed/drake_replication_county_year_2022_2024_primary_sample.csv,Cnsmr_raw,object,6564,full_file,6564,6564,0,3591,21.0,259.0,449.5,676.75,998.0,476.9063534083389,258.72177872731055,208,11
aca_zero_premium_turnover,data/processed/drake_replication_county_year_2022_2024_primary_sample.csv,Cnsmr_suppressed_flag,bool,6564,full_file,6564,6564,0,2,0.0,0.0,0.0,0.0,1.0,0.0009140767824497258,0.03022218383992861,False,6558
aca_zero_premium_turnover,data/processed/drake_replication_county_year_2022_2024_primary_sample.csv,New_Cnsmr_raw,object,6564,full_file,6564,6564,0,1986,11.0,87.0,191.0,393.75,998.0,272.93694902261404,238.2272615582755,*,66
aca_zero_premium_turnover,data/processed/drake_replication_county_year_2022_2024_primary_sample.csv,New_Cnsmr_suppressed_flag,bool,6564,full_file,6564,6564,0,2,0.0,0.0,0.0,0.0,1.0,0.010054844606946984,0.09977605600754813,False,6498
aca_zero_premium_turnover,data/processed/drake_replication_county_year_2022_2024_primary_sample.csv,Tot_Renrl_raw,object,6564,full_file,6564,6564,0,3239,18.0,236.0,413.0,652.0,999.0,453.17415889171616,256.35326344363574,*,66
aca_zero_premium_turnover,data/processed/drake_replication_county_year_2022_2024_primary_sample.csv,Tot_Renrl_suppressed_flag,bool,6564,full_file,6564,6564,0,2,0.0,0.0,0.0,0.0,1.0,0.010054844606946984,0.09977605600754813,False,6498
aca_zero_premium_turnover,data/processed/drake_replication_county_year_2022_2024_primary_sample.csv,Auto_Renrl_raw,object,6564,full_file,6564,6564,0,2012,11.0,106.0,213.0,408.0,999.0,286.8742503385568,234.43892173223318,*,86
aca_zero_premium_turnover,data/processed/drake_replication_county_year_2022_2024_primary_sample.csv,Auto_Renrl_suppressed_flag,bool,6564,full_file,6564,6564,0,2,0.0,0.0,0.0,0.0,1.0,0.013101767215112737,0.11371930822627212,False,6478
aca_zero_premium_turnover,data/processed/drake_replication_county_year_2022_2024_primary_sample.csv,Actv_Renrl_raw,object,6564,full_file,6564,6564,0,2733,12.0,174.0,321.0,553.0,999.0,382.6719047619048,250.15040671313685,*,86
aca_zero_premium_turnover,data/processed/drake_replication_county_year_2022_2024_primary_sample.csv,Actv_Renrl_suppressed_flag,bool,6564,full_file,6564,6564,0,2,0.0,0.0,0.0,0.0,1.0,0.013101767215112737,0.11371930822627212,False,6478
aca_zero_premium_turnover,data/processed/drake_replication_county_year_2022_2024_primary_sample.csv,Actv_Renrl_Nsw_raw,object,6564,full_file,6564,6564,0,2010,11.0,111.5,216.0,411.0,999.0,291.59509322865557,232.80569472277412,*,129
aca_zero_premium_turnover,data/processed/drake_replication_county_year_2022_2024_primary_sample.csv,Actv_Renrl_Nsw_suppressed_flag,bool,6564,full_file,6564,6564,0,2,0.0,0.0,0.0,0.0,1.0,0.019652650822669104,0.13881411942127794,False,6435
aca_zero_premium_turnover,data/processed/drake_replication_county_year_2022_2024_primary_sample.csv,Actv_Renrl_Sw_raw,object,6564,full_file,6564,6564,0,2021,11.0,78.25,177.0,380.0,999.0,263.8673189823875,239.11219872362,*,129
aca_zero_premium_turnover,data/processed/drake_replication_county_year_2022_2024_primary_sample.csv,Actv_Renrl_Sw_suppressed_flag,bool,6564,full_file,6564,6564,0,2,0.0,0.0,0.0,0.0,1.0,0.019652650822669104,0.13881411942127794,False,6435
aca_zero_premium_turnover,data/processed/drake_replication_county_year_2022_2024_primary_sample.csv,Avg_Prm_raw,object,6564,full_file,6564,6564,0,749,,,,,,,,$637,40
aca_zero_premium_turnover,data/processed/drake_replication_county_year_2022_2024_primary_sample.csv,Avg_Prm_suppressed_flag,bool,6564,full_file,6564,6564,0,2,0.0,0.0,0.0,0.0,1.0,0.0009140767824497258,0.03022218383992861,False,6558
aca_zero_premium_turnover,data/processed/drake_replication_county_year_2022_2024_primary_sample.csv,Avg_Prm_Aftr_APTC_raw,object,6564,full_file,6564,6564,0,276,,,,,,,,$76,63
aca_zero_premium_turnover,data/processed/drake_replication_county_year_2022_2024_primary_sample.csv,Avg_Prm_Aftr_APTC_suppressed_flag,bool,6564,full_file,6564,6564,0,2,0.0,0.0,0.0,0.0,1.0,0.0009140767824497258,0.03022218383992861,False,6558
aca_zero_premium_turnover,data/processed/drake_replication_county_year_2022_2024_primary_sample.csv,APTC_Cnsmr_Avg_APTC_raw,object,6564,full_file,6564,6564,0,682,,,,,,,,*,803
aca_zero_premium_turnover,data/processed/drake_replication_county_year_2022_2024_primary_sample.csv,APTC_Cnsmr_Avg_APTC_suppressed_flag,bool,6564,full_file,6564,6564,0,2,0.0,0.0,0.0,0.0,1.0,0.12233394271785497,0.3276960616513625,False,5761
aca_zero_premium_turnover,data/processed/drake_replication_county_year_2022_2024_primary_sample.csv,APTC_Cnsmr_raw,object,6564,full_file,6564,6564,0,3446,27.0,357.0,526.0,750.0,999.0,549.6563931695127,239.98744543930908,*,803
aca_zero_premium_turnover,data/processed/drake_replication_county_year_2022_2024_primary_sample.csv,APTC_Cnsmr_suppressed_flag,bool,6564,full_file,6564,6564,0,2,0.0,0.0,0.0,0.0,1.0,0.12233394271785497,0.3276960616513625,False,5761
aca_zero_premium_turnover,data/processed/drake_replication_county_year_2022_2024_primary_sample.csv,FPL_LT100_raw,object,6564,full_file,6564,6564,0,482,0.0,12.0,25.0,67.0,987.0,71.31924247548191,128.79392209694808,*,3517
aca_zero_premium_turnover,data/processed/drake_replication_county_year_2022_2024_primary_sample.csv,FPL_LT100_suppressed_flag,bool,6564,full_file,6564,6564,0,2,0.0,0.0,1.0,1.0,1.0,0.5358013406459476,0.49875461005037675,True,3517
aca_zero_premium_turnover,data/processed/drake_replication_county_year_2022_2024_primary_sample.csv,FPL_100_138_raw,object,6564,full_file,6564,6564,0,2026,0.0,45.0,139.0,373.75,998.0,242.56757390896294,250.14964778968132,*,927
aca_zero_premium_turnover,data/processed/drake_replication_county_year_2022_2024_primary_sample.csv,FPL_100_138_suppressed_flag,bool,6564,full_file,6564,6564,0,2,0.0,0.0,0.0,0.0,1.0,0.14122486288848263,0.34827988802924664,False,5637
aca_zero_premium_turnover,data/processed/drake_replication_county_year_2022_2024_primary_sample.csv,FPL_100_150_raw,object,6564,full_file,6564,6564,0,2409,0.0,80.0,199.0,449.0,998.0,292.5095902353967,260.19124817818494,*,150
aca_zero_premium_turnover,data/processed/drake_replication_county_year_2022_2024_primary_sample.csv,FPL_100_150_suppressed_flag,bool,6564,full_file,6564,6564,0,2,0.0,0.0,0.0,0.0,1.0,0.022851919561243144,0.14944267026775385,False,6414
aca_zero_premium_turnover,data/processed/drake_replication_county_year_2022_2024_primary_sample.csv,FPL_150_200_raw,object,6564,full_file,6564,6564,0,1734,0.0,82.0,168.0,337.0,999.0,247.3257205002719,223.93175696335942,*,47
aca_zero_premium_turnover,data/processed/drake_replication_county_year_2022_2024_primary_sample.csv,FPL_150_200_suppressed_flag,bool,6564,full_file,6564,6564,0,2,0.0,0.0,0.0,0.0,1.0,0.0071602681291895185,0.08432130147815195,False,6517
aca_zero_premium_turnover,data/processed/drake_replication_county_year_2022_2024_primary_sample.csv,FPL_200_250_raw,object,6564,full_file,6564,6564,0,1481,0.0,63.0,125.0,270.0,999.0,206.73271809158976,211.13665231205613,*,114
aca_zero_premium_turnover,data/processed/drake_replication_county_year_2022_2024_primary_sample.csv,FPL_200_250_suppressed_flag,bool,6564,full_file,6564,6564,0,2,0.0,0.0,0.0,0.0,1.0,0.01736745886654479,0.1306462037275093,False,6450
aca_zero_premium_turnover,data/processed/drake_replication_county_year_2022_2024_primary_sample.csv,FPL_250_300_raw,object,6564,full_file,6564,6564,0,1200,0.0,45.0,89.0,201.0,996.0,162.22908400897015,183.5433973353148,*,236
aca_zero_premium_turnover,data/processed/drake_replication_county_year_2022_2024_primary_sample.csv,FPL_250_300_suppressed_flag,bool,6564,full_file,6564,6564,0,2,0.0,0.0,0.0,0.0,1.0,0.03595368677635588,0.18618888382573826,False,6328
aca_zero_premium_turnover,data/processed/drake_replication_county_year_2022_2024_primary_sample.csv,FPL_300_400_raw,object,6564,full_file,6564,6564,0,1292,0.0,47.0,97.0,216.0,999.0,175.01742160278746,197.95472871942252,*,260
aca_zero_premium_turnover,data/processed/drake_replication_county_year_2022_2024_primary_sample.csv,FPL_300_400_suppressed_flag,bool,6564,full_file,6564,6564,0,2,0.0,0.0,0.0,0.0,1.0,0.039609993906154786,0.19505598831499818,False,6304
aca_zero_premium_turnover,data/processed/drake_replication_county_year_2022_2024_primary_sample.csv,FPL_GT400_raw,object,6564,full_file,6564,6564,0,1172,0.0,33.0,74.0,174.0,998.0,150.20458784035807,190.0498793573654,*,727
aca_zero_premium_turnover,data/processed/drake_replication_county_year_2022_2024_primary_sample.csv,FPL_GT400_suppressed_flag,bool,6564,full_file,6564,6564,0,2,0.0,0.0,0.0,0.0,1.0,0.11075563680682511,0.3138532019910523,False,5837
aca_zero_premium_turnover,data/processed/drake_replication_county_year_2022_2024_primary_sample.csv,FPL_OTHR_raw,object,6564,full_file,6564,6564,0,729,0.0,20.0,48.0,154.0,998.0,127.55479452054794,181.84076401524703,*,3448
aca_zero_premium_turnover,data/processed/drake_replication_county_year_2022_2024_primary_sample.csv,FPL_OTHR_suppressed_flag,bool,6564,full_file,6564,6564,0,2,0.0,0.0,1.0,1.0,1.0,0.5252894576477758,0.4993980759062592,True,3448
aca_zero_premium_turnover,data/processed/drake_replication_county_year_2022_2024_primary_sample.csv,Avg_Mo_Prem,float64,6564,full_file,6564,6558,6,748,349.0,597.0,666.0,756.0,1530.0,691.9682830131137,145.2413312008114,637.0,40
aca_zero_premium_turnover,data/processed/drake_replication_county_year_2022_2024_primary_sample.csv,Avg_Mo_Prem_Aft_APTC,float64,6564,full_file,6564,6558,6,275,9.0,73.0,106.0,146.0,376.0,112.55519975602317,53.0478151341992,76.0,63
aca_zero_premium_turnover,data/processed/drake_replication_county_year_2022_2024_primary_sample.csv,Avg_APTC,float64,6564,full_file,6564,5761,803,681,296.0,508.0,586.0,676.0,1427.0,602.1543134872418,132.30284848761093,565.0,30
aca_zero_premium_turnover,data/processed/drake_replication_county_year_2022_2024_primary_sample.csv,Consumers_APTC,float64,6564,full_file,6564,5761,803,3445,27.0,603.0,1286.0,3321.0,934017.0,6084.646936295782,28875.92347001491,689.0,9
aca_zero_premium_turnover,data/processed/drake_replication_county_year_2022_2024_primary_sample.csv,suppression_or_missing_flag,bool,6564,full_file,6564,6564,0,2,0.0,0.0,0.0,0.0,1.0,0.019652650822669104,0.13881411942127794,False,6435
aca_zero_premium_turnover,data/processed/drake_replication_county_year_2022_2024_primary_sample.csv,auto_reenrollment_rate,float64,6564,full_file,6564,6478,86,5971,0.0815709969788519,0.28600475028759564,0.3333333333333333,0.3784298630996744,0.6451612903225806,0.3342054629337739,0.07603478125414757,0.3333333333333333,25
aca_zero_premium_turnover,data/processed/drake_replication_county_year_2022_2024_primary_sample.csv,active_reenrollment_rate,float64,6564,full_file,6564,6478,86,5971,0.3548387096774194,0.6215701369003256,0.6666666666666666,0.7139952497124042,0.918429003021148,0.6657945370662262,0.07603478125414757,0.6666666666666666,25
aca_zero_premium_turnover,data/processed/drake_replication_county_year_2022_2024_primary_sample.csv,active_switch_rate_among_active,float64,6564,full_file,6564,6435,129,5855,0.0951048951048951,0.3422025565388397,0.4488078541374474,0.5726872475744175,0.9577384351798972,0.46303355279212427,0.15786277601148954,0.5,22
aca_zero_premium_turnover,data/processed/drake_replication_county_year_2022_2024_primary_sample.csv,active_stay_rate_among_active,float64,6564,full_file,6564,6435,129,5855,0.0422615648201028,0.42731275242558253,0.5511921458625526,0.6577974434611602,0.9048951048951048,0.5369664472078758,0.15786277601148954,0.5,22
aca_zero_premium_turnover,data/processed/drake_replication_county_year_2022_2024_primary_sample.csv,new_consumer_share,float64,6564,full_file,6564,6498,66,6019,0.051063829787234,0.1959524068451532,0.234382183984519,0.27260708893939645,0.7839721254355401,0.23577776667074937,0.058129376727225096,0.25,15
aca_zero_premium_turnover,data/processed/drake_replication_county_year_2022_2024_primary_sample.csv,total_reenrollment_share,float64,6564,full_file,6564,6498,66,6019,0.2160278745644599,0.7273929110606036,0.765617816015481,0.8040475931548468,0.948936170212766,0.7642222333292507,0.058129376727225096,0.75,15
aca_zero_premium_turnover,data/processed/drake_replication_county_year_2022_2024_primary_sample.csv,log_Cnsmr,float64,6564,full_file,6564,6558,6,3590,3.044522437723423,6.182084906716632,7.027314514039777,8.019365555735144,13.763771901259751,7.181464022018727,1.4609309660102658,5.337538079701318,11
aca_zero_premium_turnover,data/processed/drake_replication_county_year_2022_2024_primary_sample.csv,log_Tot_Renrl,float64,6564,full_file,6564,6498,66,3238,2.8903717578961645,5.953243334287785,6.765038976780541,7.753944951428361,13.51589084793945,6.937122166278283,1.4296884690379272,5.808142489980444,14
aca_zero_premium_turnover,data/processed/drake_replication_county_year_2022_2024_primary_sample.csv,log_Auto_Renrl,float64,6564,full_file,6564,6478,86,2011,2.3978952727983707,4.867534450455582,5.678463205642675,6.630683385642372,11.75479655607717,5.822714350726989,1.4164179337128413,4.060443010546419,26
aca_zero_premium_turnover,data/processed/drake_replication_county_year_2022_2024_primary_sample.csv,log_Actv_Renrl,float64,6564,full_file,6564,6478,86,2732,2.4849066497880004,5.537334267018537,6.360438173122686,7.365338003258559,13.346434498392746,6.532321691200557,1.4444083457022547,4.68213122712422,19
aca_zero_premium_turnover,data/processed/drake_replication_county_year_2022_2024_primary_sample.csv,log_Actv_Renrl_Nsw,float64,6564,full_file,6564,6435,129,2009,2.3978952727983707,4.923617305492665,5.707110264748875,6.673297967767654,12.617619223954206,5.87456881722885,1.3971631718245132,4.553876891600541,23
aca_zero_premium_turnover,data/processed/drake_replication_county_year_2022_2024_primary_sample.csv,log_Actv_Renrl_Sw,float64,6564,full_file,6564,6435,129,2020,2.3978952727983707,4.59511985013459,5.568344503761097,6.643789733147672,12.817261117391684,5.718527601941824,1.562904439615423,3.295836866004329,34
aca_zero_premium_turnover,data/processed/drake_replication_county_year_2022_2024_primary_sample.csv,raw_file_name,object,6564,full_file,6564,6564,0,3,,,,,,,,2022-oep-county-level-public-use-file.zip,2188
aca_zero_premium_turnover,data/processed/drake_replication_county_year_2022_2024_primary_sample.csv,source_year,int64,6564,full_file,6564,6564,0,3,2022,2022.0,2023.0,2024.0,2024,2023.0,0.8165587830823074,2022,2188
aca_zero_premium_turnover,data/processed/drake_replication_county_year_2022_2024_primary_sample.csv,transition,object,6564,full_file,6564,6564,0,3,,,,,,,,2021_to_2022,2188
aca_zero_premium_turnover,data/processed/drake_replication_county_year_2022_2024_primary_sample.csv,any_zero_to_positive_turnover,bool,6564,full_file,6564,6564,0,2,0.0,0.0,1.0,1.0,1.0,0.6436624009750153,0.47895308971599,True,4225
aca_zero_premium_turnover,data/processed/drake_replication_county_year_2022_2024_primary_sample.csv,lowest_zero_to_positive_turnover,bool,6564,full_file,6564,6564,0,2,0.0,0.0,0.0,1.0,1.0,0.45003046922608164,0.4975346800684495,False,3610
aca_zero_premium_turnover,data/processed/drake_replication_county_year_2022_2024_primary_sample.csv,second_lowest_zero_to_positive_turnover,bool,6564,full_file,6564,6564,0,2,0.0,0.0,1.0,1.0,1.0,0.5847044485070079,0.4928104661152588,True,3838
aca_zero_premium_turnover,data/processed/drake_replication_county_year_2022_2024_primary_sample.csv,any_zero_to_positive_turnover_across_issuer,bool,6564,full_file,6564,6564,0,2,0.0,0.0,0.0,0.0,1.0,0.016301035953686777,0.1266402600696546,False,6457
aca_zero_premium_turnover,data/processed/drake_replication_county_year_2022_2024_primary_sample.csv,any_zero_to_positive_turnover_within_issuer,bool,6564,full_file,6564,6564,0,2,0.0,0.0,1.0,1.0,1.0,0.6284277879341865,0.4832617122102857,True,4125
aca_zero_premium_turnover,data/processed/drake_replication_county_year_2022_2024_primary_sample.csv,any_zero_to_positive_turnover_across_issuer_crosswalk_only,bool,6564,full_file,6564,6564,0,2,0.0,0.0,0.0,0.0,1.0,0.016301035953686777,0.1266402600696546,False,6457
aca_zero_premium_turnover,data/processed/drake_replication_county_year_2022_2024_primary_sample.csv,any_zero_to_positive_turnover_across_issuer_plan_panel_only,bool,6564,full_file,6564,6564,0,2,0.0,0.0,0.0,0.0,1.0,0.016301035953686777,0.1266402600696546,False,6457
aca_zero_premium_turnover,data/processed/drake_replication_county_year_2022_2024_primary_sample.csv,any_zero_to_positive_turnover_across_issuer_plan_id_prefix,bool,6564,full_file,6564,6564,0,2,0.0,0.0,0.0,0.0,1.0,0.016301035953686777,0.1266402600696546,False,6457
aca_zero_premium_turnover,data/processed/drake_replication_county_year_2022_2024_primary_sample.csv,any_zero_to_positive_turnover_within_issuer_crosswalk_only,bool,6564,full_file,6564,6564,0,2,0.0,0.0,1.0,1.0,1.0,0.6284277879341865,0.4832617122102857,True,4125
aca_zero_premium_turnover,data/processed/drake_replication_county_year_2022_2024_primary_sample.csv,any_zero_to_positive_turnover_within_issuer_plan_panel_only,bool,6564,full_file,6564,6564,0,2,0.0,0.0,1.0,1.0,1.0,0.6284277879341865,0.4832617122102857,True,4125
aca_zero_premium_turnover,data/processed/drake_replication_county_year_2022_2024_primary_sample.csv,any_zero_to_positive_turnover_within_issuer_plan_id_prefix,bool,6564,full_file,6564,6564,0,2,0.0,0.0,1.0,1.0,1.0,0.6284277879341865,0.4832617122102857,True,4125
aca_zero_premium_turnover,data/processed/drake_replication_county_year_2022_2024_primary_sample.csv,lowest_zero_to_positive_turnover_across_issuer,bool,6564,full_file,6564,6564,0,2,0.0,0.0,0.0,0.0,1.0,0.014015843997562462,0.1175649002360762,False,6472
aca_zero_premium_turnover,data/processed/drake_replication_county_year_2022_2024_primary_sample.csv,second_lowest_zero_to_positive_turnover_across_issuer,bool,6564,full_file,6564,6564,0,2,0.0,0.0,0.0,0.0,1.0,0.016148689823278488,0.12605685411998882,False,6458
aca_zero_premium_turnover,data/processed/drake_replication_county_year_2022_2024_primary_sample.csv,lowest_zero_to_positive_turnover_across_issuer_crosswalk_only,bool,6564,full_file,6564,6564,0,2,0.0,0.0,0.0,0.0,1.0,0.014015843997562462,0.1175649002360762,False,6472
aca_zero_premium_turnover,data/processed/drake_replication_county_year_2022_2024_primary_sample.csv,second_lowest_zero_to_positive_turnover_across_issuer_crosswalk_only,bool,6564,full_file,6564,6564,0,2,0.0,0.0,0.0,0.0,1.0,0.016148689823278488,0.12605685411998882,False,6458
aca_zero_premium_turnover,data/processed/drake_replication_county_year_2022_2024_primary_sample.csv,any_zero_to_positive_turnover_unmapped,bool,6564,full_file,6564,6564,0,2,0.0,0.0,0.0,0.0,1.0,0.004418037781840341,0.06632638180549268,False,6535
aca_zero_premium_turnover,data/processed/drake_replication_county_year_2022_2024_primary_sample.csv,any_zero_premium_prior_year,bool,6564,full_file,6564,6564,0,2,0.0,1.0,1.0,1.0,1.0,0.885588056063376,0.3183351839887757,True,5813
aca_zero_premium_turnover,data/processed/drake_replication_county_year_2022_2024_primary_sample.csv,any_positive_mapped_current_year,bool,6564,full_file,6564,6564,0,2,0.0,1.0,1.0,1.0,1.0,0.7704143814747105,0.4205983984528525,True,5057
aca_zero_premium_turnover,data/processed/drake_replication_county_year_2022_2024_primary_sample.csv,prior_lowest_zero_premium_flag,bool,6564,full_file,6564,6564,0,2,0.0,1.0,1.0,1.0,1.0,0.8799512492382694,0.325043295654502,True,5776
aca_zero_premium_turnover,data/processed/drake_replication_county_year_2022_2024_primary_sample.csv,prior_second_lowest_zero_premium_flag,bool,6564,full_file,6564,6564,0,2,0.0,1.0,1.0,1.0,1.0,0.8575563680682511,0.3495311947363658,True,5629
aca_zero_premium_turnover,data/processed/drake_replication_county_year_2022_2024_primary_sample.csv,current_mapped_lowest_positive_premium_flag,bool,6564,full_file,6564,6564,0,2,0.0,0.0,1.0,1.0,1.0,0.5581962218159658,0.4966394829830201,True,3664
aca_zero_premium_turnover,data/processed/drake_replication_county_year_2022_2024_primary_sample.csv,current_mapped_second_lowest_positive_premium_flag,bool,6564,full_file,6564,6564,0,2,0.0,0.0,1.0,1.0,1.0,0.7236441194393662,0.4472290008099594,True,4750
aca_zero_premium_turnover,data/processed/drake_replication_county_year_2022_2024_primary_sample.csv,premium_change_lowest,float64,6564,full_file,6564,6536,28,1072,-8.667373999999825,0.0,0.1725529999999366,23.120000000000005,324.51,15.439791463280294,27.388685872270514,0.0,2784
aca_zero_premium_turnover,data/processed/drake_replication_county_year_2022_2024_primary_sample.csv,premium_change_second_lowest,float64,6564,full_file,6564,6538,26,1278,-19.69737399999991,0.0,8.670000000000016,33.39999999999998,414.48,23.926327895074945,38.36262758637722,0.0,1761
aca_zero_premium_turnover,data/processed/drake_replication_county_year_2022_2024_primary_sample.csv,max_premium_change_among_affected_top_two,float64,6564,full_file,6564,4225,2339,1171,0.0399999999999636,11.20999999999998,28.00999999999999,47.31,414.48,38.834233700828406,42.65634267711513,0.042705000000069,75
aca_zero_premium_turnover,data/processed/drake_replication_county_year_2022_2024_primary_sample.csv,mean_premium_change_among_affected_top_two,float64,6564,full_file,6564,4225,2339,1202,0.0399999999999636,10.180750000000018,24.81,43.74000000000001,369.495,34.67806446130177,37.78117553025128,0.042571500000065,75
aca_zero_premium_turnover,data/processed/drake_replication_county_year_2022_2024_primary_sample.csv,current_mapped_premium_lowest,float64,6564,full_file,6564,6536,28,1041,0.0,0.0,0.4761299999999551,23.245300000000043,324.51,15.65194807604039,27.356738085887613,0.0,2853
aca_zero_premium_turnover,data/processed/drake_replication_county_year_2022_2024_primary_sample.csv,current_mapped_premium_second_lowest,float64,6564,full_file,6564,6538,26,1264,0.0,0.0,10.17999999999995,33.42999999999995,414.48,24.62202067665953,38.093284988626635,0.0,1784
aca_zero_premium_turnover,data/processed/drake_replication_county_year_2022_2024_primary_sample.csv,prior_premium_lowest,float64,6564,full_file,6564,6564,0,177,0.0,0.0,0.0,0.0,11.669241,0.211251618068252,0.9527172320548779,0.0,5757
aca_zero_premium_turnover,data/processed/drake_replication_county_year_2022_2024_primary_sample.csv,prior_premium_second_lowest,float64,6564,full_file,6564,6564,0,223,0.0,0.0,0.0,0.0,29.275169999999942,0.6929371429006711,2.8341679388833625,0.0,5629
aca_zero_premium_turnover,data/processed/drake_replication_county_year_2022_2024_primary_sample.csv,gross_premium_change_lowest,float64,6564,full_file,6564,6536,28,1382,-175.78000000000003,9.470000000000027,27.775000000000006,48.74000000000001,293.06000000000006,30.65662025703794,37.69636570258581,14.970000000000027,82
aca_zero_premium_turnover,data/processed/drake_replication_county_year_2022_2024_primary_sample.csv,gross_premium_change_second_lowest,float64,6564,full_file,6564,6538,26,1484,-309.80000000000007,9.58000000000004,27.0,48.66000000000005,305.1400000000001,28.74333435301315,39.833053872806246,16.089999999999918,82
aca_zero_premium_turnover,data/processed/drake_replication_county_year_2022_2024_primary_sample.csv,net_premium_proxy_change_lowest,float64,6564,full_file,6564,6536,28,1072,-8.667373999999825,0.0,0.1725529999999366,23.120000000000005,324.51,15.439791463280294,27.388685872270514,0.0,2784
aca_zero_premium_turnover,data/processed/drake_replication_county_year_2022_2024_primary_sample.csv,net_premium_proxy_change_second_lowest,float64,6564,full_file,6564,6538,26,1278,-19.69737399999991,0.0,8.670000000000016,33.39999999999998,414.48,23.926327895074945,38.36262758637722,0.0,1761
aca_zero_premium_turnover,data/processed/drake_replication_county_year_2022_2024_primary_sample.csv,previous_lowest_plan_id,object,6564,full_file,6564,6564,0,436,,,,,,,,33602TX0460704,229
aca_zero_premium_turnover,data/processed/drake_replication_county_year_2022_2024_primary_sample.csv,previous_second_lowest_plan_id,object,6564,full_file,6564,6564,0,553,,,,,,,,50328WV0020021,144
aca_zero_premium_turnover,data/processed/drake_replication_county_year_2022_2024_primary_sample.csv,mapped_current_lowest_plan_id,object,6564,full_file,6564,6536,28,409,,,,,,,,25896IA0370003,145
aca_zero_premium_turnover,data/processed/drake_replication_county_year_2022_2024_primary_sample.csv,mapped_current_second_lowest_plan_id,object,6564,full_file,6564,6538,26,525,,,,,,,,34368KS0110049,166
aca_zero_premium_turnover,data/processed/drake_replication_county_year_2022_2024_primary_sample.csv,previous_lowest_issuer_id,int64,6564,full_file,6564,6564,0,163,10091,32225.0,50328.0,77264.0,99969,53902.619896404634,26143.775096673508,33602,301
aca_zero_premium_turnover,data/processed/drake_replication_county_year_2022_2024_primary_sample.csv,previous_second_lowest_issuer_id,int64,6564,full_file,6564,6564,0,166,10091,31274.0,50328.0,76589.0,99969,54030.036867763556,26020.520147675976,29418,266
aca_zero_premium_turnover,data/processed/drake_replication_county_year_2022_2024_primary_sample.csv,mapped_current_lowest_issuer_id,float64,6564,full_file,6564,6536,28,160,10091.0,31274.0,48603.5,71287.0,99969.0,52751.81747246022,25868.842637120877,33602.0,301
aca_zero_premium_turnover,data/processed/drake_replication_county_year_2022_2024_primary_sample.csv,mapped_current_second_lowest_issuer_id,float64,6564,full_file,6564,6538,26,162,10091.0,31195.0,50328.0,73943.0,99969.0,52971.21872132151,25735.812936545324,29418.0,275
aca_zero_premium_turnover,data/processed/drake_replication_county_year_2022_2024_primary_sample.csv,crosswalk_current_lowest_issuer_id,float64,6564,full_file,6564,6536,28,160,10091.0,31274.0,48603.5,71287.0,99969.0,52751.81747246022,25868.842637120877,33602.0,301
aca_zero_premium_turnover,data/processed/drake_replication_county_year_2022_2024_primary_sample.csv,crosswalk_current_second_lowest_issuer_id,float64,6564,full_file,6564,6538,26,162,10091.0,31195.0,50328.0,73943.0,99969.0,52971.21872132151,25735.812936545324,29418.0,275
aca_zero_premium_turnover,data/processed/drake_replication_county_year_2022_2024_primary_sample.csv,plan_panel_current_lowest_issuer_id,float64,6564,full_file,6564,6536,28,160,10091.0,31274.0,48603.5,71287.0,99969.0,52751.81747246022,25868.842637120877,33602.0,301
aca_zero_premium_turnover,data/processed/drake_replication_county_year_2022_2024_primary_sample.csv,plan_panel_current_second_lowest_issuer_id,float64,6564,full_file,6564,6538,26,162,10091.0,31195.0,50328.0,73943.0,99969.0,52971.21872132151,25735.812936545324,29418.0,275
aca_zero_premium_turnover,data/processed/drake_replication_county_year_2022_2024_primary_sample.csv,crosswalk_level_lowest,float64,6564,full_file,6564,6536,28,4,0.0,0.0,0.0,0.0,3.0,0.36092411260709917,0.6940097852324904,0.0,4961
aca_zero_premium_turnover,data/processed/drake_replication_county_year_2022_2024_primary_sample.csv,crosswalk_level_second_lowest,float64,6564,full_file,6564,6538,26,4,0.0,0.0,0.0,1.0,3.0,0.3605078005506271,0.6463892384554141,0.0,4785
aca_zero_premium_turnover,data/processed/drake_replication_county_year_2022_2024_primary_sample.csv,crosswalk_reason_lowest,float64,6564,full_file,6564,6536,28,7,0.0,0.0,0.0,0.0,8.0,0.6866585067319462,1.7445193058652726,0.0,5175
aca_zero_premium_turnover,data/processed/drake_replication_county_year_2022_2024_primary_sample.csv,crosswalk_reason_second_lowest,float64,6564,full_file,6564,6538,26,7,0.0,0.0,0.0,0.0,8.0,0.6492811257265219,1.5555986134742679,0.0,4976
aca_zero_premium_turnover,data/processed/drake_replication_county_year_2022_2024_primary_sample.csv,same_issuer_lowest,bool,6564,full_file,6564,6564,0,2,0.0,1.0,1.0,1.0,1.0,0.9643510054844607,0.18542756505101995,True,6330
aca_zero_premium_turnover,data/processed/drake_replication_county_year_2022_2024_primary_sample.csv,same_issuer_second_lowest,bool,6564,full_file,6564,6564,0,2,0.0,1.0,1.0,1.0,1.0,0.9609993906154783,0.19361113756285753,True,6308
aca_zero_premium_turnover,data/processed/drake_replication_county_year_2022_2024_primary_sample.csv,same_issuer_lowest_crosswalk_only,bool,6564,full_file,6564,6564,0,2,0.0,1.0,1.0,1.0,1.0,0.9643510054844607,0.18542756505101995,True,6330
aca_zero_premium_turnover,data/processed/drake_replication_county_year_2022_2024_primary_sample.csv,same_issuer_second_lowest_crosswalk_only,bool,6564,full_file,6564,6564,0,2,0.0,1.0,1.0,1.0,1.0,0.9609993906154783,0.19361113756285753,True,6308
aca_zero_premium_turnover,data/processed/drake_replication_county_year_2022_2024_primary_sample.csv,same_issuer_lowest_plan_id_prefix,bool,6564,full_file,6564,6564,0,2,0.0,1.0,1.0,1.0,1.0,0.9643510054844607,0.18542756505101995,True,6330
aca_zero_premium_turnover,data/processed/drake_replication_county_year_2022_2024_primary_sample.csv,same_issuer_second_lowest_plan_id_prefix,bool,6564,full_file,6564,6564,0,2,0.0,1.0,1.0,1.0,1.0,0.9609993906154783,0.19361113756285753,True,6308
aca_zero_premium_turnover,data/processed/drake_replication_county_year_2022_2024_primary_sample.csv,treatment_constructible_flag,bool,6564,full_file,6564,6564,0,2,0.0,1.0,1.0,1.0,1.0,0.9955819622181596,0.06632638180549268,True,6535
aca_zero_premium_turnover,data/processed/drake_replication_county_year_2022_2024_primary_sample.csv,reason_not_constructible,object,6564,full_file,6564,29,6535,1,,,,,,,,missing_crosswalk;missing_current_plan;missing_premium,29
aca_zero_premium_turnover,data/processed/drake_replication_county_year_2022_2024_primary_sample.csv,missing_previous_plan_flag,bool,6564,full_file,6564,6564,0,1,0.0,0.0,0.0,0.0,0.0,0.0,0.0,False,6564
aca_zero_premium_turnover,data/processed/drake_replication_county_year_2022_2024_primary_sample.csv,missing_crosswalk_flag,bool,6564,full_file,6564,6564,0,2,0.0,0.0,0.0,0.0,1.0,0.004418037781840341,0.06632638180549268,False,6535
aca_zero_premium_turnover,data/processed/drake_replication_county_year_2022_2024_primary_sample.csv,missing_current_plan_flag,bool,6564,full_file,6564,6564,0,2,0.0,0.0,0.0,0.0,1.0,0.004418037781840341,0.06632638180549268,False,6535
aca_zero_premium_turnover,data/processed/drake_replication_county_year_2022_2024_primary_sample.csv,missing_premium_flag,bool,6564,full_file,6564,6564,0,2,0.0,0.0,0.0,0.0,1.0,0.004418037781840341,0.06632638180549268,False,6535
aca_zero_premium_turnover,data/processed/drake_replication_county_year_2022_2024_primary_sample.csv,missing_county_mapping_flag,bool,6564,full_file,6564,6564,0,1,0.0,0.0,0.0,0.0,0.0,0.0,0.0,False,6564
aca_zero_premium_turnover,data/processed/drake_replication_county_year_2022_2024_primary_sample.csv,zero_premium_measure_type,object,6564,full_file,6564,6564,0,1,,,,,,,,ehb_adjusted_low_income_proxy,6564
aca_zero_premium_turnover,data/processed/drake_replication_county_year_2022_2024_primary_sample.csv,premium_measure_type,object,6564,full_file,6564,6564,0,1,,,,,,,,age_40_individual_premium,6564
aca_zero_premium_turnover,data/processed/drake_replication_county_year_2022_2024_primary_sample.csv,has_two_silver_plans,bool,6564,full_file,6564,6564,0,1,1.0,1.0,1.0,1.0,1.0,1.0,0.0,True,6564
aca_zero_premium_turnover,data/processed/drake_replication_county_year_2022_2024_primary_sample.csv,lowest_silver_premium,float64,6564,full_file,6564,6564,0,1378,287.63,433.77,490.42,558.225,955.62,504.3355469226082,103.69860144124908,520.12,147
aca_zero_premium_turnover,data/processed/drake_replication_county_year_2022_2024_primary_sample.csv,lowest_silver_ehb_premium,float64,6564,full_file,6564,6564,0,1389,287.63,433.49,490.345,558.03617425,955.62,504.16765611974404,103.56623280743287,520.12,147
aca_zero_premium_turnover,data/processed/drake_replication_county_year_2022_2024_primary_sample.csv,lowest_silver_non_ehb_premium,float64,6564,full_file,6564,6564,0,135,0.0,0.0,0.0,0.0,11.669241,0.1678908028641086,0.864683032399158,0.0,5871
aca_zero_premium_turnover,data/processed/drake_replication_county_year_2022_2024_primary_sample.csv,second_lowest_silver_premium,float64,6564,full_file,6564,6564,0,1448,287.72,439.43,500.68,572.06,966.12,514.9228123095673,107.69800515846482,415.54,75
aca_zero_premium_turnover,data/processed/drake_replication_county_year_2022_2024_primary_sample.csv,second_lowest_silver_ehb_premium,float64,6564,full_file,6564,6564,0,1454,287.72,438.79,500.68,572.06,966.12,514.4831803979281,107.36942365488783,427.007295,75
aca_zero_premium_turnover,data/processed/drake_replication_county_year_2022_2024_primary_sample.csv,second_lowest_silver_non_ehb_premium,float64,6564,full_file,6564,6564,0,216,0.0,0.0,0.0,0.0,17.25236499999994,0.4396319116392456,1.6523709711441794,0.0,5625
aca_zero_premium_turnover,data/processed/drake_replication_county_year_2022_2024_primary_sample.csv,number_of_plans_tied_lowest,int64,6564,full_file,6564,6564,0,2,1,1.0,1.0,1.0,2,1.0156916514320535,0.12428908607124434,1,6461
aca_zero_premium_turnover,data/processed/drake_replication_county_year_2022_2024_primary_sample.csv,number_of_plans_tied_second_lowest,int64,6564,full_file,6564,6564,0,2,1,1.0,1.0,1.0,2,1.002132845825716,0.04613698171298853,1,6550
aca_zero_premium_turnover,data/processed/drake_replication_county_year_2022_2024_primary_sample.csv,tie_flag,bool,6564,full_file,6564,6564,0,2,0.0,0.0,0.0,0.0,1.0,0.01782449725776965,0.13232328613113867,False,6447
aca_zero_premium_turnover,data/processed/drake_replication_county_year_2022_2024_primary_sample.csv,number_of_silver_plans,int64,6564,full_file,6564,6564,0,83,2,10.0,17.0,26.0,100,19.491925655088362,12.380272704026895,25,420
aca_zero_premium_turnover,data/processed/drake_replication_county_year_2022_2024_primary_sample.csv,number_of_insurers,int64,6564,full_file,6564,6564,0,12,1,2.0,3.0,5.0,12,3.638177940280317,1.6824588479746259,3,1853
aca_zero_premium_turnover,data/processed/drake_replication_county_year_2022_2024_primary_sample.csv,min_silver_premium_all_plans,float64,6564,full_file,6564,6564,0,1378,287.63,433.77,490.42,558.225,955.62,504.3355469226082,103.69860144124908,520.12,147
aca_zero_premium_turnover,data/processed/drake_replication_county_year_2022_2024_primary_sample.csv,max_silver_premium_all_plans,float64,6564,full_file,6564,6564,0,1143,365.94,588.26,659.43,761.16,1320.71,694.2177544180378,158.5329874524697,597.94,83
aca_zero_premium_turnover,data/processed/drake_replication_county_year_2022_2024_primary_sample.csv,premium_spread_among_silver_plans,float64,6564,full_file,6564,6564,0,1159,0.0,1.7000000000000457,5.1200000000000045,11.519999999999998,146.64999999999998,10.587265386959173,15.397175891953923,0.0,103
aca_zero_premium_turnover,data/processed/drake_replication_county_year_2022_2024_primary_sample.csv,fewer_than_two_silver_plans,bool,6564,full_file,6564,6564,0,1,0.0,0.0,0.0,0.0,0.0,0.0,0.0,False,6564
aca_zero_premium_turnover,data/processed/drake_replication_county_year_2022_2024_primary_sample.csv,lowest_bronze_premium,float64,6564,full_file,6564,6564,0,1326,217.51,334.23,374.33,420.23,718.27,385.9965691651432,77.96466387704073,392.64,143
aca_zero_premium_turnover,data/processed/drake_replication_county_year_2022_2024_primary_sample.csv,number_of_bronze_plans,int64,6564,full_file,6564,6564,0,75,2,11.0,16.0,23.0,97,18.358775137111518,10.846919293851004,16,439
aca_zero_premium_turnover,data/processed/drake_replication_county_year_2022_2024_primary_sample.csv,number_of_bronze_insurers,int64,6564,full_file,6564,6564,0,12,1,2.0,3.0,4.0,12,3.377056672760512,1.5480414178685586,3,2049
aca_zero_premium_turnover,data/processed/drake_replication_county_year_2022_2024_primary_sample.csv,bronze_spread,float64,6564,full_file,6564,6564,0,1579,-78.10000000000002,91.76999999999998,128.18,162.34999999999997,310.79999999999995,128.92624314442415,49.113705965761646,75.75,75
aca_zero_premium_turnover,data/processed/drake_replication_county_year_2022_2024_primary_sample.csv,market_control_measure_type,object,6564,full_file,6564,6564,0,1,,,,,,,,age_40_premium_county_year_market_controls,6564
aca_zero_premium_turnover,data/processed/drake_replication_county_year_2022_2024_primary_sample.csv,market_control_limitations,object,6564,full_file,6564,6564,0,1,,,,,,,,Number of insurers is based on silver plan issuers in the constructed county-plan panel; bronze spread is SLCSP minus lowest bronze premium.,6564
aca_zero_premium_turnover,data/processed/drake_replication_county_year_2022_2024_primary_sample.csv,enrollment_2021_weight,float64,6564,full_file,6564,6558,6,1481,12.0,321.0,719.5,1853.0,509218.0,3513.007776761208,16863.016614953565,144.0,21
aca_zero_premium_turnover,data/processed/drake_replication_county_year_2022_2024_primary_sample.csv,enrollment_2021_weight_raw,object,6564,full_file,6564,6564,0,1482,12.0,206.0,378.0,618.0,997.0,423.31065759637187,255.419530542313,144,21
aca_zero_premium_turnover,data/processed/drake_replication_county_year_2022_2024_primary_sample.csv,enrollment_2021_weight_suppressed_flag,bool,6564,full_file,6564,6564,0,2,0.0,0.0,0.0,0.0,1.0,0.0009140767824497258,0.03022218383992861,False,6558
aca_zero_premium_turnover,data/processed/drake_replication_county_year_2022_2024_primary_sample.csv,enrollment_2021_weight_source,object,6564,full_file,6564,6564,0,1,,,,,,,,data\raw\oep_puf\2021\2021-oep-county-level-public-use-file.zip,6564
aca_zero_premium_turnover,data/processed/drake_replication_county_year_2022_2024_primary_sample.csv,any_zero_to_positive_turnover_nullable_when_not_constructible,object,6564,full_file,6564,6535,29,2,0.0,0.0,1.0,1.0,1.0,0.6465187452180566,0.47808705604512947,True,4225
aca_zero_premium_turnover,data/processed/drake_replication_county_year_2022_2024_primary_sample.csv,any_zero_to_positive_turnover_across_issuer_nullable_when_not_constructible,object,6564,full_file,6564,6535,29,2,0.0,0.0,0.0,0.0,1.0,0.01637337413925019,0.1269163173194988,False,6428
aca_zero_premium_turnover,data/processed/drake_replication_county_year_2022_2024_primary_sample.csv,any_zero_to_positive_turnover_within_issuer_nullable_when_not_constructible,object,6564,full_file,6564,6535,29,2,0.0,0.0,1.0,1.0,1.0,0.6312165263963274,0.4825120200547008,True,4125
aca_zero_premium_turnover,data/processed/drake_replication_county_year_2022_2024_primary_sample.csv,included_primary_sample,bool,6564,full_file,6564,6564,0,1,1.0,1.0,1.0,1.0,1.0,1.0,0.0,True,6564
aca_zero_premium_turnover,data/processed/drake_replication_county_year_2022_2024_primary_sample.csv,sample_exclusion_reason,float64,6564,full_file,6564,0,6564,0,,,,,,,,,
aca_zero_premium_turnover,data/processed/drake_replication_county_year_2022_2024_primary_sample.csv,continuous_hcgov_2022_2024,bool,6564,full_file,6564,6564,0,1,1.0,1.0,1.0,1.0,1.0,1.0,0.0,True,6564
aca_zero_premium_turnover,data/processed/drake_replication_county_year_2022_2024_primary_sample.csv,drake_supplement_etable3_exclusion_reason,object,6564,full_file,6564,87,6477,1,,,,,,,,Drake supplement eTable 3: no crosswalk data from 2023 to 2024.,87
aca_zero_premium_turnover,data/processed/drake_replication_county_year_2022_2024_primary_sample.csv,drake_supplement_etable3_exclusion,bool,6564,full_file,6564,6564,0,2,0.0,0.0,0.0,0.0,1.0,0.013254113345521023,0.11436972754421165,False,6477
aca_zero_premium_turnover,data/processed/drake_replication_county_year_2022_2024_primary_sample.csv,included_drake_harmonized_sample,bool,6564,full_file,6564,6564,0,2,0.0,1.0,1.0,1.0,1.0,0.9867458866544789,0.11436972754421165,True,6477
aca_zero_premium_turnover,data/processed/drake_replication_county_year_2022_2024_primary_sample.csv,drake_table2_complete_case_core_flag,bool,6564,full_file,6564,6564,0,2,0.0,1.0,1.0,1.0,1.0,0.9858318098720292,0.11819298087465162,True,6471
aca_zero_premium_turnover,data/processed/drake_replication_county_year_2022_2024_primary_sample.csv,drake_table2_complete_case_all_outcomes_flag,bool,6564,full_file,6564,6564,0,2,0.0,1.0,1.0,1.0,1.0,0.9670932358318098,0.17840616028683134,True,6348
aca_zero_premium_turnover,data/processed/drake_replication_county_year_2022_2024_primary_sample.csv,drake_table2_complete_case_missing_reason,object,6564,full_file,6564,216,6348,6,,,,,,,,missing_or_invalid_Tot_Renrl;missing_or_invalid_Auto_Renrl;missing_or_invalid_Actv_Renrl;missing_or_invalid_Actv_Renrl_Nsw;missing_or_invalid_Actv_Renrl_Sw,60
aca_zero_premium_turnover,data/processed/drake_replication_county_year_2022_2024_primary_sample.csv,source_file_references,object,6564,full_file,6564,6564,0,3,,,,,,,,2022-oep-county-level-public-use-file.zip; transition=2021_to_2022,2188
aca_zero_premium_turnover,data/processed/drake_replication_county_year_2022_2024_sensitivity_nebraska.csv,year,int64,6843,full_file,6843,6843,0,3,2022,2022.0,2023.0,2024.0,2024,2023.0,0.8165562467234817,2022,2281
aca_zero_premium_turnover,data/processed/drake_replication_county_year_2022_2024_sensitivity_nebraska.csv,State_Abrvtn,object,6843,full_file,6843,6843,0,30,,,,,,,,TX,762
aca_zero_premium_turnover,data/processed/drake_replication_county_year_2022_2024_sensitivity_nebraska.csv,County_FIPS_Cd,int64,6843,full_file,6843,6843,0,2281,1001,18165.0,30025.0,46049.0,56045,30779.840859272248,14927.127376043518,1001,3
aca_zero_premium_turnover,data/processed/drake_replication_county_year_2022_2024_sensitivity_nebraska.csv,Cnsmr,float64,6843,full_file,6843,6837,6,3623,21.0,467.0,1073.0,2909.0,949577.0,5561.839110721076,27590.384028219112,225.0,11
aca_zero_premium_turnover,data/processed/drake_replication_county_year_2022_2024_sensitivity_nebraska.csv,New_Cnsmr,float64,6843,full_file,6843,6767,76,1994,11.0,101.0,258.0,711.0,208477.0,1394.1737845426333,6805.3907889531165,48.0,32
aca_zero_premium_turnover,data/processed/drake_replication_county_year_2022_2024_sensitivity_nebraska.csv,Tot_Renrl,float64,6843,full_file,6843,6767,76,3270,18.0,374.0,833.0,2244.5,741100.0,4224.44140682725,21020.66400265935,333.0,15
aca_zero_premium_turnover,data/processed/drake_replication_county_year_2022_2024_sensitivity_nebraska.csv,Auto_Renrl,float64,6843,full_file,6843,6738,105,2019,11.0,121.0,276.0,723.0,127363.0,1212.4645295339863,4625.045047837494,58.0,28
aca_zero_premium_turnover,data/processed/drake_replication_county_year_2022_2024_sensitivity_nebraska.csv,Actv_Renrl,float64,6843,full_file,6843,6738,105,2754,12.0,251.25,564.0,1526.25,625580.0,3029.786731967943,16762.316235683473,108.0,20
aca_zero_premium_turnover,data/processed/drake_replication_county_year_2022_2024_sensitivity_nebraska.csv,Actv_Renrl_Nsw,float64,6843,full_file,6843,6693,150,2022,11.0,133.0,287.0,760.0,301830.0,1328.1431346182578,6375.1990406778805,88.0,25
aca_zero_premium_turnover,data/processed/drake_replication_county_year_2022_2024_sensitivity_nebraska.csv,Actv_Renrl_Sw,float64,6843,full_file,6843,6693,150,2037,11.0,100.0,259.0,750.0,368524.0,1721.6566562079786,10888.778070639384,27.0,34
aca_zero_premium_turnover,data/processed/drake_replication_county_year_2022_2024_sensitivity_nebraska.csv,Avg_Prm,float64,6843,full_file,6843,6837,6,753,349.0,600.0,669.0,760.0,1530.0,694.4857393593682,144.38623853278372,637.0,40
aca_zero_premium_turnover,data/processed/drake_replication_county_year_2022_2024_sensitivity_nebraska.csv,Avg_Prm_Aftr_APTC,float64,6843,full_file,6843,6837,6,275,9.0,74.0,107.0,146.0,376.0,113.12286090390522,52.34358235669612,131.0,66
aca_zero_premium_turnover,data/processed/drake_replication_county_year_2022_2024_sensitivity_nebraska.csv,APTC_Cnsmr_Avg_APTC,float64,6843,full_file,6843,5929,914,682,296.0,509.0,585.0,676.0,1427.0,602.4142351155339,131.62959255191814,565.0,31
aca_zero_premium_turnover,data/processed/drake_replication_county_year_2022_2024_sensitivity_nebraska.csv,APTC_Cnsmr,float64,6843,full_file,6843,5929,914,3478,27.0,595.0,1263.0,3240.0,934017.0,5957.240512734019,28479.817033867374,576.0,10
aca_zero_premium_turnover,data/processed/drake_replication_county_year_2022_2024_sensitivity_nebraska.csv,FPL_LT100,float64,6843,full_file,6843,3127,3716,481,0.0,11.0,26.0,74.0,28873.0,163.36616565398145,933.9148789887232,0.0,697
aca_zero_premium_turnover,data/processed/drake_replication_county_year_2022_2024_sensitivity_nebraska.csv,FPL_100_138,float64,6843,full_file,6843,5820,1023,2026,0.0,62.0,250.0,924.0,564034.0,2371.3721649484537,15858.862463618054,12.0,72
aca_zero_premium_turnover,data/processed/drake_replication_county_year_2022_2024_sensitivity_nebraska.csv,FPL_100_150,float64,6843,full_file,6843,6682,161,2419,0.0,106.0,358.0,1139.75,696916.0,2735.759203831188,18036.347575601823,52.0,27
aca_zero_premium_turnover,data/processed/drake_replication_county_year_2022_2024_sensitivity_nebraska.csv,FPL_150_200,float64,6843,full_file,6843,6790,53,1742,0.0,91.0,204.0,530.75,116334.0,934.8784977908689,3998.1600619286614,71.0,38
aca_zero_premium_turnover,data/processed/drake_replication_county_year_2022_2024_sensitivity_nebraska.csv,FPL_200_250,float64,6843,full_file,6843,6723,120,1488,0.0,69.0,144.0,381.0,56371.0,621.8476870444742,2270.4710199623937,40.0,45
aca_zero_premium_turnover,data/processed/drake_replication_county_year_2022_2024_sensitivity_nebraska.csv,FPL_250_300,float64,6843,full_file,6843,6590,253,1209,0.0,48.0,100.0,266.0,25035.0,401.16358118361154,1286.0758712875659,27.0,62
aca_zero_premium_turnover,data/processed/drake_replication_county_year_2022_2024_sensitivity_nebraska.csv,FPL_300_400,float64,6843,full_file,6843,6579,264,1303,0.0,50.0,109.0,287.0,19668.0,425.0633834929321,1223.5691926721895,16.0,52
aca_zero_premium_turnover,data/processed/drake_replication_county_year_2022_2024_sensitivity_nebraska.csv,FPL_GT400,float64,6843,full_file,6843,6095,748,1180,0.0,36.0,85.0,231.0,19810.0,374.5458572600492,1115.44177303023,11.0,74
aca_zero_premium_turnover,data/processed/drake_replication_county_year_2022_2024_sensitivity_nebraska.csv,FPL_OTHR,float64,6843,full_file,6843,3201,3642,732,0.0,20.0,53.0,194.0,13395.0,272.6807247735083,767.0109031372856,0.0,237
aca_zero_premium_turnover,data/processed/drake_replication_county_year_2022_2024_sensitivity_nebraska.csv,state,object,6843,full_file,6843,6843,0,30,,,,,,,,TX,762
aca_zero_premium_turnover,data/processed/drake_replication_county_year_2022_2024_sensitivity_nebraska.csv,county_fips,int64,6843,full_file,6843,6843,0,2281,1001,18165.0,30025.0,46049.0,56045,30779.840859272248,14927.127376043518,1001,3
aca_zero_premium_turnover,data/processed/drake_replication_county_year_2022_2024_sensitivity_nebraska.csv,county_name,float64,6843,full_file,6843,0,6843,0,,,,,,,,,
aca_zero_premium_turnover,data/processed/drake_replication_county_year_2022_2024_sensitivity_nebraska.csv,Cnsmr_raw,object,6843,full_file,6843,6843,0,3624,21.0,253.0,446.0,671.25,998.0,473.5837438423645,258.68376124983655,225,11
aca_zero_premium_turnover,data/processed/drake_replication_county_year_2022_2024_sensitivity_nebraska.csv,Cnsmr_suppressed_flag,bool,6843,full_file,6843,6843,0,2,0.0,0.0,0.0,0.0,1.0,0.0008768084173608067,0.029600129440432502,False,6837
aca_zero_premium_turnover,data/processed/drake_replication_county_year_2022_2024_sensitivity_nebraska.csv,New_Cnsmr_raw,object,6843,full_file,6843,6843,0,1995,11.0,82.0,181.0,382.0,998.0,265.43454445864523,236.5289188898077,*,76
aca_zero_premium_turnover,data/processed/drake_replication_county_year_2022_2024_sensitivity_nebraska.csv,New_Cnsmr_suppressed_flag,bool,6843,full_file,6843,6843,0,2,0.0,0.0,0.0,0.0,1.0,0.011106239953236884,0.10480694921545898,False,6767
aca_zero_premium_turnover,data/processed/drake_replication_county_year_2022_2024_sensitivity_nebraska.csv,Tot_Renrl_raw,object,6843,full_file,6843,6843,0,3271,18.0,233.25,411.0,645.0,999.0,449.3299627461416,254.95193973514398,*,76
aca_zero_premium_turnover,data/processed/drake_replication_county_year_2022_2024_sensitivity_nebraska.csv,Tot_Renrl_suppressed_flag,bool,6843,full_file,6843,6843,0,2,0.0,0.0,0.0,0.0,1.0,0.011106239953236884,0.10480694921545898,False,6767
aca_zero_premium_turnover,data/processed/drake_replication_county_year_2022_2024_sensitivity_nebraska.csv,Auto_Renrl_raw,object,6843,full_file,6843,6843,0,2020,11.0,98.0,204.0,397.0,999.0,278.15682656826567,233.49729633492956,*,105
aca_zero_premium_turnover,data/processed/drake_replication_county_year_2022_2024_sensitivity_nebraska.csv,Auto_Renrl_suppressed_flag,bool,6843,full_file,6843,6843,0,2,0.0,0.0,0.0,0.0,1.0,0.015344147303814117,0.12292645230612939,False,6738
aca_zero_premium_turnover,data/processed/drake_replication_county_year_2022_2024_sensitivity_nebraska.csv,Actv_Renrl_raw,object,6843,full_file,6843,6843,0,2755,12.0,175.0,321.0,548.75,999.0,381.6668928086838,248.61338069145532,*,105
aca_zero_premium_turnover,data/processed/drake_replication_county_year_2022_2024_sensitivity_nebraska.csv,Actv_Renrl_suppressed_flag,bool,6843,full_file,6843,6843,0,2,0.0,0.0,0.0,0.0,1.0,0.015344147303814117,0.12292645230612939,False,6738
aca_zero_premium_turnover,data/processed/drake_replication_county_year_2022_2024_sensitivity_nebraska.csv,Actv_Renrl_Nsw_raw,object,6843,full_file,6843,6843,0,2023,11.0,108.0,210.0,402.0,999.0,286.17075454034824,231.20723970360314,*,150
aca_zero_premium_turnover,data/processed/drake_replication_county_year_2022_2024_sensitivity_nebraska.csv,Actv_Renrl_Nsw_suppressed_flag,bool,6843,full_file,6843,6843,0,2,0.0,0.0,0.0,0.0,1.0,0.021920210434020166,0.14643376780489034,False,6693
aca_zero_premium_turnover,data/processed/drake_replication_county_year_2022_2024_sensitivity_nebraska.csv,Actv_Renrl_Sw_raw,object,6843,full_file,6843,6843,0,2038,11.0,80.0,178.0,379.0,999.0,264.0484021678191,237.95962920930046,*,150
aca_zero_premium_turnover,data/processed/drake_replication_county_year_2022_2024_sensitivity_nebraska.csv,Actv_Renrl_Sw_suppressed_flag,bool,6843,full_file,6843,6843,0,2,0.0,0.0,0.0,0.0,1.0,0.021920210434020166,0.14643376780489034,False,6693
aca_zero_premium_turnover,data/processed/drake_replication_county_year_2022_2024_sensitivity_nebraska.csv,Avg_Prm_raw,object,6843,full_file,6843,6843,0,754,,,,,,,,$637,40
aca_zero_premium_turnover,data/processed/drake_replication_county_year_2022_2024_sensitivity_nebraska.csv,Avg_Prm_suppressed_flag,bool,6843,full_file,6843,6843,0,2,0.0,0.0,0.0,0.0,1.0,0.0008768084173608067,0.029600129440432502,False,6837
aca_zero_premium_turnover,data/processed/drake_replication_county_year_2022_2024_sensitivity_nebraska.csv,Avg_Prm_Aftr_APTC_raw,object,6843,full_file,6843,6843,0,276,,,,,,,,$131,66
aca_zero_premium_turnover,data/processed/drake_replication_county_year_2022_2024_sensitivity_nebraska.csv,Avg_Prm_Aftr_APTC_suppressed_flag,bool,6843,full_file,6843,6843,0,2,0.0,0.0,0.0,0.0,1.0,0.0008768084173608067,0.029600129440432502,False,6837
aca_zero_premium_turnover,data/processed/drake_replication_county_year_2022_2024_sensitivity_nebraska.csv,APTC_Cnsmr_Avg_APTC_raw,object,6843,full_file,6843,6843,0,683,,,,,,,,*,914
aca_zero_premium_turnover,data/processed/drake_replication_county_year_2022_2024_sensitivity_nebraska.csv,APTC_Cnsmr_Avg_APTC_suppressed_flag,bool,6843,full_file,6843,6843,0,2,0.0,0.0,0.0,0.0,1.0,0.1335671489112962,0.3402115222098669,False,5929
aca_zero_premium_turnover,data/processed/drake_replication_county_year_2022_2024_sensitivity_nebraska.csv,APTC_Cnsmr_raw,object,6843,full_file,6843,6843,0,3479,27.0,356.75,527.0,747.25,999.0,549.2246031746032,240.06844736087766,*,914
aca_zero_premium_turnover,data/processed/drake_replication_county_year_2022_2024_sensitivity_nebraska.csv,APTC_Cnsmr_suppressed_flag,bool,6843,full_file,6843,6843,0,2,0.0,0.0,0.0,0.0,1.0,0.1335671489112962,0.3402115222098669,False,5929
aca_zero_premium_turnover,data/processed/drake_replication_county_year_2022_2024_sensitivity_nebraska.csv,FPL_LT100_raw,object,6843,full_file,6843,6843,0,482,0.0,11.0,24.0,65.0,987.0,69.72044781033915,127.57298107640844,*,3716
aca_zero_premium_turnover,data/processed/drake_replication_county_year_2022_2024_sensitivity_nebraska.csv,FPL_LT100_suppressed_flag,bool,6843,full_file,6843,6843,0,2,0.0,0.0,1.0,1.0,1.0,0.5430366798187929,0.498180803032385,True,3716
aca_zero_premium_turnover,data/processed/drake_replication_county_year_2022_2024_sensitivity_nebraska.csv,FPL_100_138_raw,object,6843,full_file,6843,6843,0,2027,0.0,42.0,130.0,361.0,998.0,235.0416479063485,248.6991407704022,*,1023
aca_zero_premium_turnover,data/processed/drake_replication_county_year_2022_2024_sensitivity_nebraska.csv,FPL_100_138_suppressed_flag,bool,6843,full_file,6843,6843,0,2,0.0,0.0,0.0,0.0,1.0,0.14949583516001755,0.3566025991408597,False,5820
aca_zero_premium_turnover,data/processed/drake_replication_county_year_2022_2024_sensitivity_nebraska.csv,FPL_100_150_raw,object,6843,full_file,6843,6843,0,2420,0.0,75.0,184.0,436.0,998.0,282.74917491749176,258.01379022705004,*,161
aca_zero_premium_turnover,data/processed/drake_replication_county_year_2022_2024_sensitivity_nebraska.csv,FPL_100_150_suppressed_flag,bool,6843,full_file,6843,6843,0,2,0.0,0.0,0.0,0.0,1.0,0.02352769253251498,0.1515833039197384,False,6682
aca_zero_premium_turnover,data/processed/drake_replication_county_year_2022_2024_sensitivity_nebraska.csv,FPL_150_200_raw,object,6843,full_file,6843,6843,0,1743,0.0,79.0,162.0,326.0,999.0,241.19010551807645,221.94809084583264,*,53
aca_zero_premium_turnover,data/processed/drake_replication_county_year_2022_2024_sensitivity_nebraska.csv,FPL_150_200_suppressed_flag,bool,6843,full_file,6843,6843,0,2,0.0,0.0,0.0,0.0,1.0,0.007745141020020459,0.08767141519713625,False,6790
aca_zero_premium_turnover,data/processed/drake_replication_county_year_2022_2024_sensitivity_nebraska.csv,FPL_200_250_raw,object,6843,full_file,6843,6843,0,1489,0.0,63.0,123.0,265.5,999.0,203.77293157982353,208.71577269740095,*,120
aca_zero_premium_turnover,data/processed/drake_replication_county_year_2022_2024_sensitivity_nebraska.csv,FPL_200_250_suppressed_flag,bool,6843,full_file,6843,6843,0,2,0.0,0.0,0.0,0.0,1.0,0.017536168347216132,0.13126754823368555,False,6723
aca_zero_premium_turnover,data/processed/drake_replication_county_year_2022_2024_sensitivity_nebraska.csv,FPL_250_300_raw,object,6843,full_file,6843,6843,0,1210,0.0,45.0,89.0,196.0,996.0,160.3343796464563,181.88610281662028,*,253
aca_zero_premium_turnover,data/processed/drake_replication_county_year_2022_2024_sensitivity_nebraska.csv,FPL_250_300_suppressed_flag,bool,6843,full_file,6843,6843,0,2,0.0,0.0,0.0,0.0,1.0,0.03697208826538068,0.1887070662820684,False,6590
aca_zero_premium_turnover,data/processed/drake_replication_county_year_2022_2024_sensitivity_nebraska.csv,FPL_300_400_raw,object,6843,full_file,6843,6843,0,1304,0.0,47.0,96.0,212.0,999.0,172.6993006993007,195.31796358867456,*,264
aca_zero_premium_turnover,data/processed/drake_replication_county_year_2022_2024_sensitivity_nebraska.csv,FPL_300_400_suppressed_flag,bool,6843,full_file,6843,6843,0,2,0.0,0.0,0.0,0.0,1.0,0.03857957036387549,0.19260479801259117,False,6579
aca_zero_premium_turnover,data/processed/drake_replication_county_year_2022_2024_sensitivity_nebraska.csv,FPL_GT400_raw,object,6843,full_file,6843,6843,0,1181,0.0,33.0,73.0,171.0,998.0,147.71209691786925,187.53090443748462,*,748
aca_zero_premium_turnover,data/processed/drake_replication_county_year_2022_2024_sensitivity_nebraska.csv,FPL_GT400_suppressed_flag,bool,6843,full_file,6843,6843,0,2,0.0,0.0,0.0,0.0,1.0,0.10930878269764722,0.3120490386696655,False,6095
aca_zero_premium_turnover,data/processed/drake_replication_county_year_2022_2024_sensitivity_nebraska.csv,FPL_OTHR_raw,object,6843,full_file,6843,6843,0,733,0.0,19.0,46.0,150.0,998.0,125.56472545757072,181.85038393539224,*,3642
aca_zero_premium_turnover,data/processed/drake_replication_county_year_2022_2024_sensitivity_nebraska.csv,FPL_OTHR_suppressed_flag,bool,6843,full_file,6843,6843,0,2,0.0,0.0,1.0,1.0,1.0,0.5322227093380096,0.4989970784205899,True,3642
aca_zero_premium_turnover,data/processed/drake_replication_county_year_2022_2024_sensitivity_nebraska.csv,Avg_Mo_Prem,float64,6843,full_file,6843,6837,6,753,349.0,600.0,669.0,760.0,1530.0,694.4857393593682,144.38623853278372,637.0,40
aca_zero_premium_turnover,data/processed/drake_replication_county_year_2022_2024_sensitivity_nebraska.csv,Avg_Mo_Prem_Aft_APTC,float64,6843,full_file,6843,6837,6,275,9.0,74.0,107.0,146.0,376.0,113.12286090390522,52.34358235669612,131.0,66
aca_zero_premium_turnover,data/processed/drake_replication_county_year_2022_2024_sensitivity_nebraska.csv,Avg_APTC,float64,6843,full_file,6843,5929,914,682,296.0,509.0,585.0,676.0,1427.0,602.4142351155339,131.62959255191814,565.0,31
aca_zero_premium_turnover,data/processed/drake_replication_county_year_2022_2024_sensitivity_nebraska.csv,Consumers_APTC,float64,6843,full_file,6843,5929,914,3478,27.0,595.0,1263.0,3240.0,934017.0,5957.240512734019,28479.817033867374,576.0,10
aca_zero_premium_turnover,data/processed/drake_replication_county_year_2022_2024_sensitivity_nebraska.csv,suppression_or_missing_flag,bool,6843,full_file,6843,6843,0,2,0.0,0.0,0.0,0.0,1.0,0.021920210434020166,0.14643376780489034,False,6693
aca_zero_premium_turnover,data/processed/drake_replication_county_year_2022_2024_sensitivity_nebraska.csv,auto_reenrollment_rate,float64,6843,full_file,6843,6738,105,6205,0.0398773006134969,0.27904532280366956,0.3302325581395349,0.37597398569186835,0.6451612903225806,0.32767002209210716,0.08224454183603006,0.3333333333333333,25
aca_zero_premium_turnover,data/processed/drake_replication_county_year_2022_2024_sensitivity_nebraska.csv,active_reenrollment_rate,float64,6843,full_file,6843,6738,105,6205,0.3548387096774194,0.6240260143081315,0.6697674418604651,0.7209546771963303,0.9601226993865032,0.6723299779078927,0.08224454183603006,0.6666666666666666,25
aca_zero_premium_turnover,data/processed/drake_replication_county_year_2022_2024_sensitivity_nebraska.csv,active_switch_rate_among_active,float64,6843,full_file,6843,6693,150,6075,0.0951048951048951,0.3453307392996109,0.4517241379310345,0.5794871794871795,0.9577384351798972,0.46875130803186965,0.16145093448518835,0.5,22
aca_zero_premium_turnover,data/processed/drake_replication_county_year_2022_2024_sensitivity_nebraska.csv,active_stay_rate_among_active,float64,6843,full_file,6843,6693,150,6075,0.0422615648201028,0.4205128205128205,0.5482758620689655,0.6546692607003891,0.9048951048951048,0.5312486919681303,0.16145093448518835,0.5,22
aca_zero_premium_turnover,data/processed/drake_replication_county_year_2022_2024_sensitivity_nebraska.csv,new_consumer_share,float64,6843,full_file,6843,6767,76,6243,0.051063829787234,0.19238958925665875,0.2316602316602316,0.2713237879031633,0.7839721254355401,0.23285314389648537,0.05943512859254526,0.25,15
aca_zero_premium_turnover,data/processed/drake_replication_county_year_2022_2024_sensitivity_nebraska.csv,total_reenrollment_share,float64,6843,full_file,6843,6767,76,6243,0.2160278745644599,0.7286762120968366,0.7683397683397684,0.8076104107433413,0.948936170212766,0.7671468561035145,0.05943512859254525,0.75,15
aca_zero_premium_turnover,data/processed/drake_replication_county_year_2022_2024_sensitivity_nebraska.csv,log_Cnsmr,float64,6843,full_file,6843,6837,6,3623,3.044522437723423,6.1463292576688975,6.9782137426306985,7.975564658495202,13.763771901259751,7.142075760173146,1.459817112503063,5.41610040220442,11
aca_zero_premium_turnover,data/processed/drake_replication_county_year_2022_2024_sensitivity_nebraska.csv,log_Tot_Renrl,float64,6843,full_file,6843,6767,76,3270,2.8903717578961645,5.924255797414532,6.725033642166843,7.716237834909299,13.51589084793945,6.904150810302133,1.424848790687056,5.808142489980444,15
aca_zero_premium_turnover,data/processed/drake_replication_county_year_2022_2024_sensitivity_nebraska.csv,log_Auto_Renrl,float64,6843,full_file,6843,6738,105,2019,2.3978952727983707,4.795790545596741,5.62040086571715,6.583409222158765,11.75479655607717,5.763362848745516,1.4373289104727696,4.060443010546419,28
aca_zero_premium_turnover,data/processed/drake_replication_county_year_2022_2024_sensitivity_nebraska.csv,log_Actv_Renrl,float64,6843,full_file,6843,6738,105,2754,2.4849066497880004,5.526446976226694,6.335054251498059,7.3305686629756215,13.346434498392746,6.510889366511992,1.43335534744307,4.68213122712422,20
aca_zero_premium_turnover,data/processed/drake_replication_county_year_2022_2024_sensitivity_nebraska.csv,log_Actv_Renrl_Nsw,float64,6843,full_file,6843,6693,150,2022,2.3978952727983707,4.890349128221754,5.659482215759621,6.633318433280377,12.617619223954206,5.837807588631217,1.3984434011985554,4.477336814478207,25
aca_zero_premium_turnover,data/processed/drake_replication_county_year_2022_2024_sensitivity_nebraska.csv,log_Actv_Renrl_Sw,float64,6843,full_file,6843,6693,150,2037,2.3978952727983707,4.605170185988092,5.556828061699537,6.620073206530356,12.817261117391684,5.708185079909078,1.5469245244417844,3.295836866004329,34
aca_zero_premium_turnover,data/processed/drake_replication_county_year_2022_2024_sensitivity_nebraska.csv,raw_file_name,object,6843,full_file,6843,6843,0,3,,,,,,,,2022-oep-county-level-public-use-file.zip,2281
aca_zero_premium_turnover,data/processed/drake_replication_county_year_2022_2024_sensitivity_nebraska.csv,source_year,int64,6843,full_file,6843,6843,0,3,2022,2022.0,2023.0,2024.0,2024,2023.0,0.8165562467234817,2022,2281
aca_zero_premium_turnover,data/processed/drake_replication_county_year_2022_2024_sensitivity_nebraska.csv,transition,object,6843,full_file,6843,6843,0,3,,,,,,,,2021_to_2022,2281
aca_zero_premium_turnover,data/processed/drake_replication_county_year_2022_2024_sensitivity_nebraska.csv,any_zero_to_positive_turnover,bool,6843,full_file,6843,6843,0,2,0.0,0.0,1.0,1.0,1.0,0.6456232646500073,0.4783589702414343,True,4418
aca_zero_premium_turnover,data/processed/drake_replication_county_year_2022_2024_sensitivity_nebraska.csv,lowest_zero_to_positive_turnover,bool,6843,full_file,6843,6843,0,2,0.0,0.0,0.0,1.0,1.0,0.4598860149057431,0.498424690438902,False,3696
aca_zero_premium_turnover,data/processed/drake_replication_county_year_2022_2024_sensitivity_nebraska.csv,second_lowest_zero_to_positive_turnover,bool,6843,full_file,6843,6843,0,2,0.0,0.0,1.0,1.0,1.0,0.5890691217302353,0.49203868859724964,True,4031
aca_zero_premium_turnover,data/processed/drake_replication_county_year_2022_2024_sensitivity_nebraska.csv,any_zero_to_positive_turnover_across_issuer,bool,6843,full_file,6843,6843,0,2,0.0,0.0,0.0,0.0,1.0,0.01563641677626772,0.12407323994106763,False,6736
aca_zero_premium_turnover,data/processed/drake_replication_county_year_2022_2024_sensitivity_nebraska.csv,any_zero_to_positive_turnover_within_issuer,bool,6843,full_file,6843,6843,0,2,0.0,0.0,1.0,1.0,1.0,0.6310097910273272,0.4825665395766383,True,4318
aca_zero_premium_turnover,data/processed/drake_replication_county_year_2022_2024_sensitivity_nebraska.csv,any_zero_to_positive_turnover_across_issuer_crosswalk_only,bool,6843,full_file,6843,6843,0,2,0.0,0.0,0.0,0.0,1.0,0.01563641677626772,0.12407323994106763,False,6736
aca_zero_premium_turnover,data/processed/drake_replication_county_year_2022_2024_sensitivity_nebraska.csv,any_zero_to_positive_turnover_across_issuer_plan_panel_only,bool,6843,full_file,6843,6843,0,2,0.0,0.0,0.0,0.0,1.0,0.01563641677626772,0.12407323994106763,False,6736
aca_zero_premium_turnover,data/processed/drake_replication_county_year_2022_2024_sensitivity_nebraska.csv,any_zero_to_positive_turnover_across_issuer_plan_id_prefix,bool,6843,full_file,6843,6843,0,2,0.0,0.0,0.0,0.0,1.0,0.01563641677626772,0.12407323994106763,False,6736
aca_zero_premium_turnover,data/processed/drake_replication_county_year_2022_2024_sensitivity_nebraska.csv,any_zero_to_positive_turnover_within_issuer_crosswalk_only,bool,6843,full_file,6843,6843,0,2,0.0,0.0,1.0,1.0,1.0,0.6310097910273272,0.4825665395766383,True,4318
aca_zero_premium_turnover,data/processed/drake_replication_county_year_2022_2024_sensitivity_nebraska.csv,any_zero_to_positive_turnover_within_issuer_plan_panel_only,bool,6843,full_file,6843,6843,0,2,0.0,0.0,1.0,1.0,1.0,0.6310097910273272,0.4825665395766383,True,4318
aca_zero_premium_turnover,data/processed/drake_replication_county_year_2022_2024_sensitivity_nebraska.csv,any_zero_to_positive_turnover_within_issuer_plan_id_prefix,bool,6843,full_file,6843,6843,0,2,0.0,0.0,1.0,1.0,1.0,0.6310097910273272,0.4825665395766383,True,4318
aca_zero_premium_turnover,data/processed/drake_replication_county_year_2022_2024_sensitivity_nebraska.csv,lowest_zero_to_positive_turnover_across_issuer,bool,6843,full_file,6843,6843,0,2,0.0,0.0,0.0,0.0,1.0,0.013444395732865702,0.1151763105792422,False,6751
aca_zero_premium_turnover,data/processed/drake_replication_county_year_2022_2024_sensitivity_nebraska.csv,second_lowest_zero_to_positive_turnover_across_issuer,bool,6843,full_file,6843,6843,0,2,0.0,0.0,0.0,0.0,1.0,0.015490282040040918,0.12350126368383756,False,6737
aca_zero_premium_turnover,data/processed/drake_replication_county_year_2022_2024_sensitivity_nebraska.csv,lowest_zero_to_positive_turnover_across_issuer_crosswalk_only,bool,6843,full_file,6843,6843,0,2,0.0,0.0,0.0,0.0,1.0,0.013444395732865702,0.1151763105792422,False,6751
aca_zero_premium_turnover,data/processed/drake_replication_county_year_2022_2024_sensitivity_nebraska.csv,second_lowest_zero_to_positive_turnover_across_issuer_crosswalk_only,bool,6843,full_file,6843,6843,0,2,0.0,0.0,0.0,0.0,1.0,0.015490282040040918,0.12350126368383756,False,6737
aca_zero_premium_turnover,data/processed/drake_replication_county_year_2022_2024_sensitivity_nebraska.csv,any_zero_to_positive_turnover_unmapped,bool,6843,full_file,6843,6843,0,2,0.0,0.0,0.0,0.0,1.0,0.004237907350577232,0.0649658699850194,False,6814
aca_zero_premium_turnover,data/processed/drake_replication_county_year_2022_2024_sensitivity_nebraska.csv,any_zero_premium_prior_year,bool,6843,full_file,6843,6843,0,2,0.0,1.0,1.0,1.0,1.0,0.8902528130936723,0.3125972196352196,True,6092
aca_zero_premium_turnover,data/processed/drake_replication_county_year_2022_2024_sensitivity_nebraska.csv,any_positive_mapped_current_year,bool,6843,full_file,6843,6843,0,2,0.0,1.0,1.0,1.0,1.0,0.7672073651907059,0.4226420796597199,True,5250
aca_zero_premium_turnover,data/processed/drake_replication_county_year_2022_2024_sensitivity_nebraska.csv,prior_lowest_zero_premium_flag,bool,6843,full_file,6843,6843,0,2,0.0,1.0,1.0,1.0,1.0,0.8848458278532807,0.3192312346365111,True,6055
aca_zero_premium_turnover,data/processed/drake_replication_county_year_2022_2024_sensitivity_nebraska.csv,prior_second_lowest_zero_premium_flag,bool,6843,full_file,6843,6843,0,2,0.0,1.0,1.0,1.0,1.0,0.863364021627941,0.34348774260830073,True,5908
aca_zero_premium_turnover,data/processed/drake_replication_county_year_2022_2024_sensitivity_nebraska.csv,current_mapped_lowest_positive_premium_flag,bool,6843,full_file,6843,6843,0,2,0.0,0.0,1.0,1.0,1.0,0.5636416776267719,0.49596943849584674,True,3857
aca_zero_premium_turnover,data/processed/drake_replication_county_year_2022_2024_sensitivity_nebraska.csv,current_mapped_second_lowest_positive_premium_flag,bool,6843,full_file,6843,6843,0,2,0.0,0.0,1.0,1.0,1.0,0.7223440011690779,0.4478754946077782,True,4943
aca_zero_premium_turnover,data/processed/drake_replication_county_year_2022_2024_sensitivity_nebraska.csv,premium_change_lowest,float64,6843,full_file,6843,6815,28,1086,-8.667373999999825,0.0,0.1800000000000068,23.519999999999985,324.51,16.64149479148936,30.92648728240641,0.0,2870
aca_zero_premium_turnover,data/processed/drake_replication_county_year_2022_2024_sensitivity_nebraska.csv,premium_change_second_lowest,float64,6843,full_file,6843,6817,26,1292,-19.69737399999991,0.0,9.70381999999995,34.049999999999955,414.48,26.043230420712923,42.814575455496936,0.0,1847
aca_zero_premium_turnover,data/processed/drake_replication_county_year_2022_2024_sensitivity_nebraska.csv,max_premium_change_among_affected_top_two,float64,6843,full_file,6843,4418,2425,1184,0.0399999999999636,12.019999999999982,28.149999999999977,49.66122724999997,414.48,42.045157851063834,48.040239945800586,5.218688000000043,75
aca_zero_premium_turnover,data/processed/drake_replication_county_year_2022_2024_sensitivity_nebraska.csv,mean_premium_change_among_affected_top_two,float64,6843,full_file,6843,4418,2425,1216,0.0399999999999636,9.665000000000049,25.549999999999983,45.76499999999999,369.495,36.9661979060661,41.32176245493164,2.6286880000000394,75
aca_zero_premium_turnover,data/processed/drake_replication_county_year_2022_2024_sensitivity_nebraska.csv,current_mapped_premium_lowest,float64,6843,full_file,6843,6815,28,1055,0.0,0.0,0.7599999999999909,23.519999999999985,324.51,16.84496590242113,30.891469781144423,0.0,2939
aca_zero_premium_turnover,data/processed/drake_replication_county_year_2022_2024_sensitivity_nebraska.csv,current_mapped_premium_second_lowest,float64,6843,full_file,6843,6817,26,1278,0.0,0.0,10.860000000000014,34.81000000000006,414.48,26.710450518409857,42.55034279418562,0.0,1870
aca_zero_premium_turnover,data/processed/drake_replication_county_year_2022_2024_sensitivity_nebraska.csv,prior_premium_lowest,float64,6843,full_file,6843,6843,0,177,0.0,0.0,0.0,0.0,11.669241,0.20263855341224696,0.9340252427255749,0.0,6036
aca_zero_premium_turnover,data/processed/drake_replication_county_year_2022_2024_sensitivity_nebraska.csv,prior_premium_second_lowest,float64,6843,full_file,6843,6843,0,223,0.0,0.0,0.0,0.0,29.275169999999942,0.6646849928393987,2.7791623620130923,0.0,5908
aca_zero_premium_turnover,data/processed/drake_replication_county_year_2022_2024_sensitivity_nebraska.csv,gross_premium_change_lowest,float64,6843,full_file,6843,6815,28,1398,-175.78000000000003,9.224999999999994,28.069999999999997,48.57000000000005,293.06000000000006,29.517597945707998,39.16197960830833,14.970000000000027,82
aca_zero_premium_turnover,data/processed/drake_replication_county_year_2022_2024_sensitivity_nebraska.csv,gross_premium_change_second_lowest,float64,6843,full_file,6843,6817,26,1499,-309.80000000000007,9.389999999999986,27.0,48.370000000000005,305.1400000000001,28.267853894675074,40.50951545302922,16.089999999999918,82
aca_zero_premium_turnover,data/processed/drake_replication_county_year_2022_2024_sensitivity_nebraska.csv,net_premium_proxy_change_lowest,float64,6843,full_file,6843,6815,28,1086,-8.667373999999825,0.0,0.1800000000000068,23.519999999999985,324.51,16.64149479148936,30.92648728240641,0.0,2870
aca_zero_premium_turnover,data/processed/drake_replication_county_year_2022_2024_sensitivity_nebraska.csv,net_premium_proxy_change_second_lowest,float64,6843,full_file,6843,6817,26,1292,-19.69737399999991,0.0,9.70381999999995,34.049999999999955,414.48,26.043230420712923,42.814575455496936,0.0,1847
aca_zero_premium_turnover,data/processed/drake_replication_county_year_2022_2024_sensitivity_nebraska.csv,previous_lowest_plan_id,object,6843,full_file,6843,6843,0,442,,,,,,,,33602TX0460704,229
aca_zero_premium_turnover,data/processed/drake_replication_county_year_2022_2024_sensitivity_nebraska.csv,previous_second_lowest_plan_id,object,6843,full_file,6843,6843,0,561,,,,,,,,50328WV0020021,144
aca_zero_premium_turnover,data/processed/drake_replication_county_year_2022_2024_sensitivity_nebraska.csv,mapped_current_lowest_plan_id,object,6843,full_file,6843,6815,28,415,,,,,,,,25896IA0370003,145
aca_zero_premium_turnover,data/processed/drake_replication_county_year_2022_2024_sensitivity_nebraska.csv,mapped_current_second_lowest_plan_id,object,6843,full_file,6843,6817,26,533,,,,,,,,34368KS0110049,166
aca_zero_premium_turnover,data/processed/drake_replication_county_year_2022_2024_sensitivity_nebraska.csv,previous_lowest_issuer_id,int64,6843,full_file,6843,6843,0,166,10091,30252.0,46944.0,76179.0,99969,52698.90968873301,26269.16301348121,33602,301
aca_zero_premium_turnover,data/processed/drake_replication_county_year_2022_2024_sensitivity_nebraska.csv,previous_second_lowest_issuer_id,int64,6843,full_file,6843,6843,0,171,10091,30751.0,50328.0,76179.0,99969,53578.028350138826,26072.380080959483,29418,266
aca_zero_premium_turnover,data/processed/drake_replication_county_year_2022_2024_sensitivity_nebraska.csv,mapped_current_lowest_issuer_id,float64,6843,full_file,6843,6815,28,163,10091.0,29698.0,46944.0,70893.0,99969.0,51590.27454145268,25956.871177705045,33602.0,301
aca_zero_premium_turnover,data/processed/drake_replication_county_year_2022_2024_sensitivity_nebraska.csv,mapped_current_second_lowest_issuer_id,float64,6843,full_file,6843,6817,26,167,10091.0,30252.0,49046.0,73943.0,99969.0,52560.8205955699,25783.10785997207,29418.0,275
aca_zero_premium_turnover,data/processed/drake_replication_county_year_2022_2024_sensitivity_nebraska.csv,crosswalk_current_lowest_issuer_id,float64,6843,full_file,6843,6815,28,163,10091.0,29698.0,46944.0,70893.0,99969.0,51590.27454145268,25956.871177705045,33602.0,301
aca_zero_premium_turnover,data/processed/drake_replication_county_year_2022_2024_sensitivity_nebraska.csv,crosswalk_current_second_lowest_issuer_id,float64,6843,full_file,6843,6817,26,167,10091.0,30252.0,49046.0,73943.0,99969.0,52560.8205955699,25783.10785997207,29418.0,275
aca_zero_premium_turnover,data/processed/drake_replication_county_year_2022_2024_sensitivity_nebraska.csv,plan_panel_current_lowest_issuer_id,float64,6843,full_file,6843,6815,28,163,10091.0,29698.0,46944.0,70893.0,99969.0,51590.27454145268,25956.871177705045,33602.0,301
aca_zero_premium_turnover,data/processed/drake_replication_county_year_2022_2024_sensitivity_nebraska.csv,plan_panel_current_second_lowest_issuer_id,float64,6843,full_file,6843,6817,26,167,10091.0,30252.0,49046.0,73943.0,99969.0,52560.8205955699,25783.10785997207,29418.0,275
aca_zero_premium_turnover,data/processed/drake_replication_county_year_2022_2024_sensitivity_nebraska.csv,crosswalk_level_lowest,float64,6843,full_file,6843,6815,28,4,0.0,0.0,0.0,0.0,3.0,0.34849596478356565,0.6839304050050541,0.0,5224
aca_zero_premium_turnover,data/processed/drake_replication_county_year_2022_2024_sensitivity_nebraska.csv,crosswalk_level_second_lowest,float64,6843,full_file,6843,6817,26,4,0.0,0.0,0.0,1.0,3.0,0.3617427020683585,0.6406998191966172,0.0,4955
aca_zero_premium_turnover,data/processed/drake_replication_county_year_2022_2024_sensitivity_nebraska.csv,crosswalk_reason_lowest,float64,6843,full_file,6843,6815,28,7,0.0,0.0,0.0,0.0,8.0,0.6632428466617755,1.71477044448961,0.0,5438
aca_zero_premium_turnover,data/processed/drake_replication_county_year_2022_2024_sensitivity_nebraska.csv,crosswalk_reason_second_lowest,float64,6843,full_file,6843,6817,26,7,0.0,0.0,0.0,0.0,8.0,0.7051488924746956,1.641834489849388,0.0,5146
aca_zero_premium_turnover,data/processed/drake_replication_county_year_2022_2024_sensitivity_nebraska.csv,same_issuer_lowest,bool,6843,full_file,6843,6843,0,2,0.0,1.0,1.0,1.0,1.0,0.9658044717229285,0.18174438396407075,True,6609
aca_zero_premium_turnover,data/processed/drake_replication_county_year_2022_2024_sensitivity_nebraska.csv,same_issuer_second_lowest,bool,6843,full_file,6843,6843,0,2,0.0,1.0,1.0,1.0,1.0,0.962589507525939,0.18977937386967692,True,6587
aca_zero_premium_turnover,data/processed/drake_replication_county_year_2022_2024_sensitivity_nebraska.csv,same_issuer_lowest_crosswalk_only,bool,6843,full_file,6843,6843,0,2,0.0,1.0,1.0,1.0,1.0,0.9658044717229285,0.18174438396407075,True,6609
aca_zero_premium_turnover,data/processed/drake_replication_county_year_2022_2024_sensitivity_nebraska.csv,same_issuer_second_lowest_crosswalk_only,bool,6843,full_file,6843,6843,0,2,0.0,1.0,1.0,1.0,1.0,0.962589507525939,0.18977937386967692,True,6587
aca_zero_premium_turnover,data/processed/drake_replication_county_year_2022_2024_sensitivity_nebraska.csv,same_issuer_lowest_plan_id_prefix,bool,6843,full_file,6843,6843,0,2,0.0,1.0,1.0,1.0,1.0,0.9658044717229285,0.18174438396407075,True,6609
aca_zero_premium_turnover,data/processed/drake_replication_county_year_2022_2024_sensitivity_nebraska.csv,same_issuer_second_lowest_plan_id_prefix,bool,6843,full_file,6843,6843,0,2,0.0,1.0,1.0,1.0,1.0,0.962589507525939,0.18977937386967692,True,6587
aca_zero_premium_turnover,data/processed/drake_replication_county_year_2022_2024_sensitivity_nebraska.csv,treatment_constructible_flag,bool,6843,full_file,6843,6843,0,2,0.0,1.0,1.0,1.0,1.0,0.9957620926494227,0.0649658699850194,True,6814
aca_zero_premium_turnover,data/processed/drake_replication_county_year_2022_2024_sensitivity_nebraska.csv,reason_not_constructible,object,6843,full_file,6843,29,6814,1,,,,,,,,missing_crosswalk;missing_current_plan;missing_premium,29
aca_zero_premium_turnover,data/processed/drake_replication_county_year_2022_2024_sensitivity_nebraska.csv,missing_previous_plan_flag,bool,6843,full_file,6843,6843,0,1,0.0,0.0,0.0,0.0,0.0,0.0,0.0,False,6843
aca_zero_premium_turnover,data/processed/drake_replication_county_year_2022_2024_sensitivity_nebraska.csv,missing_crosswalk_flag,bool,6843,full_file,6843,6843,0,2,0.0,0.0,0.0,0.0,1.0,0.004237907350577232,0.0649658699850194,False,6814
aca_zero_premium_turnover,data/processed/drake_replication_county_year_2022_2024_sensitivity_nebraska.csv,missing_current_plan_flag,bool,6843,full_file,6843,6843,0,2,0.0,0.0,0.0,0.0,1.0,0.004237907350577232,0.0649658699850194,False,6814
aca_zero_premium_turnover,data/processed/drake_replication_county_year_2022_2024_sensitivity_nebraska.csv,missing_premium_flag,bool,6843,full_file,6843,6843,0,2,0.0,0.0,0.0,0.0,1.0,0.004237907350577232,0.0649658699850194,False,6814
aca_zero_premium_turnover,data/processed/drake_replication_county_year_2022_2024_sensitivity_nebraska.csv,missing_county_mapping_flag,bool,6843,full_file,6843,6843,0,1,0.0,0.0,0.0,0.0,0.0,0.0,0.0,False,6843
aca_zero_premium_turnover,data/processed/drake_replication_county_year_2022_2024_sensitivity_nebraska.csv,zero_premium_measure_type,object,6843,full_file,6843,6843,0,1,,,,,,,,ehb_adjusted_low_income_proxy,6843
aca_zero_premium_turnover,data/processed/drake_replication_county_year_2022_2024_sensitivity_nebraska.csv,premium_measure_type,object,6843,full_file,6843,6843,0,1,,,,,,,,age_40_individual_premium,6843
aca_zero_premium_turnover,data/processed/drake_replication_county_year_2022_2024_sensitivity_nebraska.csv,has_two_silver_plans,bool,6843,full_file,6843,6843,0,1,1.0,1.0,1.0,1.0,1.0,1.0,0.0,True,6843
aca_zero_premium_turnover,data/processed/drake_replication_county_year_2022_2024_sensitivity_nebraska.csv,lowest_silver_premium,float64,6843,full_file,6843,6843,0,1391,287.63,435.71,496.44,561.56,955.62,508.6107569779337,105.1120892879643,520.12,147
aca_zero_premium_turnover,data/processed/drake_replication_county_year_2022_2024_sensitivity_nebraska.csv,lowest_silver_ehb_premium,float64,6843,full_file,6843,6843,0,1403,287.63,435.71,496.44,561.56,955.62,508.449711350285,104.99339507801169,520.12,147
aca_zero_premium_turnover,data/processed/drake_replication_county_year_2022_2024_sensitivity_nebraska.csv,lowest_silver_non_ehb_premium,float64,6843,full_file,6843,6843,0,135,0.0,0.0,0.0,0.0,11.669241,0.16104562764869337,0.8475204227311456,0.0,6150
aca_zero_premium_turnover,data/processed/drake_replication_county_year_2022_2024_sensitivity_nebraska.csv,second_lowest_silver_premium,float64,6843,full_file,6843,6843,0,1462,287.72,442.32,503.44,576.43,966.12,518.9584071313751,108.7467105266679,415.54,75
aca_zero_premium_turnover,data/processed/drake_replication_county_year_2022_2024_sensitivity_nebraska.csv,second_lowest_silver_ehb_premium,float64,6843,full_file,6843,6843,0,1468,287.72,441.76,503.36,576.43,966.12,518.5366997124069,108.45032615773383,386.841312,75
aca_zero_premium_turnover,data/processed/drake_replication_county_year_2022_2024_sensitivity_nebraska.csv,second_lowest_silver_non_ehb_premium,float64,6843,full_file,6843,6843,0,216,0.0,0.0,0.0,0.0,17.25236499999994,0.42170741896828995,1.620664573696152,0.0,5904
aca_zero_premium_turnover,data/processed/drake_replication_county_year_2022_2024_sensitivity_nebraska.csv,number_of_plans_tied_lowest,int64,6843,full_file,6843,6843,0,2,1,1.0,1.0,1.0,2,1.0173900336109893,0.13072917731652353,1,6724
aca_zero_premium_turnover,data/processed/drake_replication_county_year_2022_2024_sensitivity_nebraska.csv,number_of_plans_tied_second_lowest,int64,6843,full_file,6843,6843,0,2,1,1.0,1.0,1.0,2,1.0020458863071753,0.0451884837473867,1,6829
aca_zero_premium_turnover,data/processed/drake_replication_county_year_2022_2024_sensitivity_nebraska.csv,tie_flag,bool,6843,full_file,6843,6843,0,2,0.0,0.0,0.0,0.0,1.0,0.019435919918164547,0.13806140084056254,False,6710
aca_zero_premium_turnover,data/processed/drake_replication_county_year_2022_2024_sensitivity_nebraska.csv,number_of_silver_plans,int64,6843,full_file,6843,6843,0,83,2,10.0,19.0,26.0,100,19.634809294169223,12.162691770087056,25,435
aca_zero_premium_turnover,data/processed/drake_replication_county_year_2022_2024_sensitivity_nebraska.csv,number_of_insurers,int64,6843,full_file,6843,6843,0,12,1,2.0,3.0,5.0,12,3.6529300014613475,1.6493516372702568,3,1853
aca_zero_premium_turnover,data/processed/drake_replication_county_year_2022_2024_sensitivity_nebraska.csv,min_silver_premium_all_plans,float64,6843,full_file,6843,6843,0,1391,287.63,435.71,496.44,561.56,955.62,508.6107569779337,105.1120892879643,520.12,147
aca_zero_premium_turnover,data/processed/drake_replication_county_year_2022_2024_sensitivity_nebraska.csv,max_silver_premium_all_plans,float64,6843,full_file,6843,6843,0,1155,365.94,590.99,665.83,778.88,1320.71,700.878185006576,158.99544938806244,597.94,83
aca_zero_premium_turnover,data/processed/drake_replication_county_year_2022_2024_sensitivity_nebraska.csv,premium_spread_among_silver_plans,float64,6843,full_file,6843,6843,0,1168,0.0,1.6100000000000136,5.189999999999998,10.875,146.64999999999998,10.347650153441476,15.140709154264123,0.0,119
aca_zero_premium_turnover,data/processed/drake_replication_county_year_2022_2024_sensitivity_nebraska.csv,fewer_than_two_silver_plans,bool,6843,full_file,6843,6843,0,1,0.0,0.0,0.0,0.0,0.0,0.0,0.0,False,6843
aca_zero_premium_turnover,data/processed/drake_replication_county_year_2022_2024_sensitivity_nebraska.csv,lowest_bronze_premium,float64,6843,full_file,6843,6843,0,1344,217.51,336.72,376.77,424.03,718.27,389.5011676165425,79.53757858219538,392.64,143
aca_zero_premium_turnover,data/processed/drake_replication_county_year_2022_2024_sensitivity_nebraska.csv,number_of_bronze_plans,int64,6843,full_file,6843,6843,0,75,2,11.0,16.0,24.0,97,18.845243314335818,10.9848498727815,16,439
aca_zero_premium_turnover,data/processed/drake_replication_county_year_2022_2024_sensitivity_nebraska.csv,number_of_bronze_insurers,int64,6843,full_file,6843,6843,0,12,1,2.0,3.0,4.0,12,3.40245506356861,1.5211477552384214,3,2049
aca_zero_premium_turnover,data/processed/drake_replication_county_year_2022_2024_sensitivity_nebraska.csv,bronze_spread,float64,6843,full_file,6843,6843,0,1593,-78.10000000000002,93.56000000000006,129.7,162.40999999999997,310.79999999999995,129.45723951483268,48.38790513815343,75.75,75
aca_zero_premium_turnover,data/processed/drake_replication_county_year_2022_2024_sensitivity_nebraska.csv,market_control_measure_type,object,6843,full_file,6843,6843,0,1,,,,,,,,age_40_premium_county_year_market_controls,6843
aca_zero_premium_turnover,data/processed/drake_replication_county_year_2022_2024_sensitivity_nebraska.csv,market_control_limitations,object,6843,full_file,6843,6843,0,1,,,,,,,,Number of insurers is based on silver plan issuers in the constructed county-plan panel; bronze spread is SLCSP minus lowest bronze premium.,6843
aca_zero_premium_turnover,data/processed/drake_replication_county_year_2022_2024_sensitivity_nebraska.csv,enrollment_2021_weight,float64,6843,full_file,6843,6837,6,1508,12.0,317.0,699.0,1801.0,509218.0,3408.5664765247916,16529.634965524223,147.0,21
aca_zero_premium_turnover,data/processed/drake_replication_county_year_2022_2024_sensitivity_nebraska.csv,enrollment_2021_weight_raw,object,6843,full_file,6843,6843,0,1509,12.0,206.0,377.0,613.0,997.0,421.4395997140815,253.84751993875784,147,21
aca_zero_premium_turnover,data/processed/drake_replication_county_year_2022_2024_sensitivity_nebraska.csv,enrollment_2021_weight_suppressed_flag,bool,6843,full_file,6843,6843,0,2,0.0,0.0,0.0,0.0,1.0,0.0008768084173608067,0.029600129440432502,False,6837
aca_zero_premium_turnover,data/processed/drake_replication_county_year_2022_2024_sensitivity_nebraska.csv,enrollment_2021_weight_source,object,6843,full_file,6843,6843,0,1,,,,,,,,data\raw\oep_puf\2021\2021-oep-county-level-public-use-file.zip,6843
aca_zero_premium_turnover,data/processed/drake_replication_county_year_2022_2024_sensitivity_nebraska.csv,any_zero_to_positive_turnover_nullable_when_not_constructible,object,6843,full_file,6843,6814,29,2,0.0,0.0,1.0,1.0,1.0,0.6483710008805401,0.4775138840738639,True,4418
aca_zero_premium_turnover,data/processed/drake_replication_county_year_2022_2024_sensitivity_nebraska.csv,any_zero_to_positive_turnover_across_issuer_nullable_when_not_constructible,object,6843,full_file,6843,6814,29,2,0.0,0.0,0.0,0.0,1.0,0.015702964484884063,0.1243328196872797,False,6707
aca_zero_premium_turnover,data/processed/drake_replication_county_year_2022_2024_sensitivity_nebraska.csv,any_zero_to_positive_turnover_within_issuer_nullable_when_not_constructible,object,6843,full_file,6843,6814,29,2,0.0,0.0,1.0,1.0,1.0,0.6336953331376578,0.4818294603622502,True,4318
aca_zero_premium_turnover,data/processed/drake_replication_county_year_2022_2024_sensitivity_nebraska.csv,included_primary_sample,bool,6843,full_file,6843,6843,0,2,0.0,1.0,1.0,1.0,1.0,0.9592284085927225,0.19777508639710334,True,6564
aca_zero_premium_turnover,data/processed/drake_replication_county_year_2022_2024_sensitivity_nebraska.csv,sample_exclusion_reason,object,6843,full_file,6843,279,6564,1,,,,,,,,Excluded from primary sample until Nebraska county-market mapping is verified.,279
aca_zero_premium_turnover,data/processed/drake_replication_county_year_2022_2024_sensitivity_nebraska.csv,continuous_hcgov_2022_2024,bool,6843,full_file,6843,6843,0,1,1.0,1.0,1.0,1.0,1.0,1.0,0.0,True,6843
aca_zero_premium_turnover,data/processed/drake_replication_county_year_2022_2024_sensitivity_nebraska.csv,drake_supplement_etable3_exclusion_reason,object,6843,full_file,6843,87,6756,1,,,,,,,,Drake supplement eTable 3: no crosswalk data from 2023 to 2024.,87
aca_zero_premium_turnover,data/processed/drake_replication_county_year_2022_2024_sensitivity_nebraska.csv,drake_supplement_etable3_exclusion,bool,6843,full_file,6843,6843,0,2,0.0,0.0,0.0,0.0,1.0,0.012713722051731697,0.11204426753208756,False,6756
aca_zero_premium_turnover,data/processed/drake_replication_county_year_2022_2024_sensitivity_nebraska.csv,included_drake_harmonized_sample,bool,6843,full_file,6843,6843,0,2,0.0,1.0,1.0,1.0,1.0,0.9465146865409908,0.22501563012845358,True,6477
aca_zero_premium_turnover,data/processed/drake_replication_county_year_2022_2024_sensitivity_nebraska.csv,drake_table2_complete_case_core_flag,bool,6843,full_file,6843,6843,0,2,0.0,1.0,1.0,1.0,1.0,0.94563787812363,0.22674742558741834,True,6471
aca_zero_premium_turnover,data/processed/drake_replication_county_year_2022_2024_sensitivity_nebraska.csv,drake_table2_complete_case_all_outcomes_flag,bool,6843,full_file,6843,6843,0,2,0.0,1.0,1.0,1.0,1.0,0.9276633055677335,0.25906351488321605,True,6348
aca_zero_premium_turnover,data/processed/drake_replication_county_year_2022_2024_sensitivity_nebraska.csv,drake_table2_complete_case_missing_reason,object,6843,full_file,6843,495,6348,9,,,,,,,,not_drake_harmonized_sample,316
aca_zero_premium_turnover,data/processed/drake_replication_county_year_2022_2024_sensitivity_nebraska.csv,source_file_references,object,6843,full_file,6843,6843,0,3,,,,,,,,2022-oep-county-level-public-use-file.zip; transition=2021_to_2022,2281
aca_zero_premium_turnover,data/processed/drake_replication_primary_2023_2024_only.csv,year,int64,4318,full_file,4318,4318,0,2,2023,2023.0,2023.5,2024.0,2024,2023.5,0.5000579072328075,2023,2159
aca_zero_premium_turnover,data/processed/drake_replication_primary_2023_2024_only.csv,State_Abrvtn,object,4318,full_file,4318,4318,0,29,,,,,,,,TX,508
aca_zero_premium_turnover,data/processed/drake_replication_primary_2023_2024_only.csv,County_FIPS_Cd,int64,4318,full_file,4318,4318,0,2159,1001,18131.5,29161.0,46108.5,56045,30836.663733209818,15268.530021708018,1001,2
aca_zero_premium_turnover,data/processed/drake_replication_primary_2023_2024_only.csv,Cnsmr,float64,4318,full_file,4318,4314,4,2818,27.0,532.0,1252.5,3317.5,949577.0,6352.4649976819655,31047.72087789034,225.0,7
aca_zero_premium_turnover,data/processed/drake_replication_primary_2023_2024_only.csv,New_Cnsmr,float64,4318,full_file,4318,4281,37,1631,11.0,123.0,315.0,814.0,208477.0,1623.0483531885075,7768.911826834484,82.0,19
aca_zero_premium_turnover,data/processed/drake_replication_primary_2023_2024_only.csv,Tot_Renrl,float64,4318,full_file,4318,4281,37,2574,18.0,417.0,950.0,2506.0,741100.0,4777.818733940668,23500.69540324911,486.0,9
aca_zero_premium_turnover,data/processed/drake_replication_primary_2023_2024_only.csv,Auto_Renrl,float64,4318,full_file,4318,4273,45,1660,11.0,142.0,323.0,843.0,127363.0,1384.033465948982,5286.419938923641,104.0,22
aca_zero_premium_turnover,data/processed/drake_replication_primary_2023_2024_only.csv,Actv_Renrl,float64,4318,full_file,4318,4273,45,2212,12.0,271.0,631.0,1675.0,625580.0,3402.533348935174,18560.983671629492,225.0,11
aca_zero_premium_turnover,data/processed/drake_replication_primary_2023_2024_only.csv,Actv_Renrl_Nsw,float64,4318,full_file,4318,4255,63,1639,11.0,144.0,318.0,815.0,301830.0,1496.5398354876615,7504.802847555457,146.0,18
aca_zero_premium_turnover,data/processed/drake_replication_primary_2023_2024_only.csv,Actv_Renrl_Sw,float64,4318,full_file,4318,4255,63,1657,11.0,114.0,295.0,858.5,323750.0,1920.1316098707402,11421.440857874884,45.0,21
aca_zero_premium_turnover,data/processed/drake_replication_primary_2023_2024_only.csv,Avg_Prm,float64,4318,full_file,4318,4314,4,673,374.0,602.0,669.0,760.0,1515.0,697.0927213722763,145.34411856408616,631.0,25
aca_zero_premium_turnover,data/processed/drake_replication_primary_2023_2024_only.csv,Avg_Prm_Aftr_APTC,float64,4318,full_file,4318,4314,4,259,9.0,67.25,104.0,144.0,376.0,109.16991191469634,52.8401832426887,75.0,41
aca_zero_premium_turnover,data/processed/drake_replication_primary_2023_2024_only.csv,APTC_Cnsmr_Avg_APTC,float64,4318,full_file,4318,3813,505,619,322.0,518.0,592.0,679.0,1325.0,608.2627852084972,131.00815267561282,600.0,23
aca_zero_premium_turnover,data/processed/drake_replication_primary_2023_2024_only.csv,APTC_Cnsmr,float64,4318,full_file,4318,3813,505,2694,27.0,676.0,1418.0,3573.0,934017.0,6720.890375032783,31829.323636143432,478.0,7
aca_zero_premium_turnover,data/processed/drake_replication_primary_2023_2024_only.csv,FPL_LT100,float64,4318,full_file,4318,1972,2346,382,0.0,12.0,27.0,79.0,28873.0,187.4766734279919,1059.3219134187214,0.0,409
aca_zero_premium_turnover,data/processed/drake_replication_primary_2023_2024_only.csv,FPL_100_138,float64,4318,full_file,4318,3826,492,1653,0.0,70.25,284.5,1077.5,564034.0,2723.315211709357,17773.257616065235,12.0,41
aca_zero_premium_turnover,data/processed/drake_replication_primary_2023_2024_only.csv,FPL_100_150,float64,4318,full_file,4318,4263,55,2004,0.0,139.0,458.0,1406.5,696916.0,3256.1979826413326,20515.734024414338,78.0,17
aca_zero_premium_turnover,data/processed/drake_replication_primary_2023_2024_only.csv,FPL_150_200,float64,4318,full_file,4318,4292,26,1409,0.0,103.0,228.0,590.25,116334.0,1037.173578751165,4366.992341248804,71.0,23
aca_zero_premium_turnover,data/processed/drake_replication_primary_2023_2024_only.csv,FPL_200_250,float64,4318,full_file,4318,4248,70,1193,0.0,72.0,150.0,406.0,56371.0,669.3055555555555,2448.039260164169,40.0,30
aca_zero_premium_turnover,data/processed/drake_replication_primary_2023_2024_only.csv,FPL_250_300,float64,4318,full_file,4318,4178,140,962,0.0,49.0,103.0,275.0,25035.0,423.4071325993298,1364.8792636966482,36.0,40
aca_zero_premium_turnover,data/processed/drake_replication_primary_2023_2024_only.csv,FPL_300_400,float64,4318,full_file,4318,4162,156,1029,0.0,51.0,112.0,294.0,19668.0,443.79072561268623,1281.7486074122423,16.0,37
aca_zero_premium_turnover,data/processed/drake_replication_primary_2023_2024_only.csv,FPL_GT400,float64,4318,full_file,4318,3922,396,954,0.0,39.0,91.5,252.75,19810.0,412.1397246302907,1219.3909743127404,13.0,42
aca_zero_premium_turnover,data/processed/drake_replication_primary_2023_2024_only.csv,FPL_OTHR,float64,4318,full_file,4318,1972,2346,569,0.0,21.0,53.0,209.0,13395.0,282.3103448275862,785.8957474496503,0.0,114
aca_zero_premium_turnover,data/processed/drake_replication_primary_2023_2024_only.csv,state,object,4318,full_file,4318,4318,0,29,,,,,,,,TX,508
aca_zero_premium_turnover,data/processed/drake_replication_primary_2023_2024_only.csv,county_fips,int64,4318,full_file,4318,4318,0,2159,1001,18131.5,29161.0,46108.5,56045,30836.663733209818,15268.530021708018,1001,2
aca_zero_premium_turnover,data/processed/drake_replication_primary_2023_2024_only.csv,county_name,float64,4318,full_file,4318,0,4318,0,,,,,,,,,
aca_zero_premium_turnover,data/processed/drake_replication_primary_2023_2024_only.csv,Cnsmr_raw,object,4318,full_file,4318,4318,0,2819,27.0,272.0,464.0,687.0,998.0,487.2329885683179,256.42682355648014,225,7
aca_zero_premium_turnover,data/processed/drake_replication_primary_2023_2024_only.csv,Cnsmr_suppressed_flag,bool,4318,full_file,4318,4318,0,2,0.0,0.0,0.0,0.0,1.0,0.0009263547938860583,0.03042549991204666,False,4314
aca_zero_premium_turnover,data/processed/drake_replication_primary_2023_2024_only.csv,New_Cnsmr_raw,object,4318,full_file,4318,4318,0,1632,11.0,97.0,215.0,427.0,998.0,293.42632671212573,245.31356755005706,*,37
aca_zero_premium_turnover,data/processed/drake_replication_primary_2023_2024_only.csv,New_Cnsmr_suppressed_flag,bool,4318,full_file,4318,4318,0,2,0.0,0.0,0.0,0.0,1.0,0.00856878184344604,0.09218094003516214,False,4281
aca_zero_premium_turnover,data/processed/drake_replication_primary_2023_2024_only.csv,Tot_Renrl_raw,object,4318,full_file,4318,4318,0,2575,18.0,245.75,430.0,677.0,999.0,467.88808664259926,257.6793992484843,*,37
aca_zero_premium_turnover,data/processed/drake_replication_primary_2023_2024_only.csv,Tot_Renrl_suppressed_flag,bool,4318,full_file,4318,4318,0,2,0.0,0.0,0.0,0.0,1.0,0.00856878184344604,0.09218094003516214,False,4281
aca_zero_premium_turnover,data/processed/drake_replication_primary_2023_2024_only.csv,Auto_Renrl_raw,object,4318,full_file,4318,4318,0,1661,11.0,116.0,232.0,429.0,999.0,301.69329359165425,237.3553436368839,*,45
aca_zero_premium_turnover,data/processed/drake_replication_primary_2023_2024_only.csv,Auto_Renrl_suppressed_flag,bool,4318,full_file,4318,4318,0,2,0.0,0.0,0.0,0.0,1.0,0.010421491431218156,0.1015641317010119,False,4273
aca_zero_premium_turnover,data/processed/drake_replication_primary_2023_2024_only.csv,Actv_Renrl_raw,object,4318,full_file,4318,4318,0,2213,12.0,186.0,339.0,575.0,999.0,395.9070286351804,252.1076208959657,*,45
aca_zero_premium_turnover,data/processed/drake_replication_primary_2023_2024_only.csv,Actv_Renrl_suppressed_flag,bool,4318,full_file,4318,4318,0,2,0.0,0.0,0.0,0.0,1.0,0.010421491431218156,0.1015641317010119,False,4273
aca_zero_premium_turnover,data/processed/drake_replication_primary_2023_2024_only.csv,Actv_Renrl_Nsw_raw,object,4318,full_file,4318,4318,0,1640,11.0,117.0,224.0,422.25,999.0,299.3700716845878,235.41936878607996,*,63
aca_zero_premium_turnover,data/processed/drake_replication_primary_2023_2024_only.csv,Actv_Renrl_Nsw_suppressed_flag,bool,4318,full_file,4318,4318,0,2,0.0,0.0,0.0,0.0,1.0,0.014590088003705419,0.11991892139306694,False,4255
aca_zero_premium_turnover,data/processed/drake_replication_primary_2023_2024_only.csv,Actv_Renrl_Sw_raw,object,4318,full_file,4318,4318,0,1658,11.0,89.0,200.0,407.0,999.0,280.52158164805314,242.70217722920648,*,63
aca_zero_premium_turnover,data/processed/drake_replication_primary_2023_2024_only.csv,Actv_Renrl_Sw_suppressed_flag,bool,4318,full_file,4318,4318,0,2,0.0,0.0,0.0,0.0,1.0,0.014590088003705419,0.11991892139306694,False,4255
aca_zero_premium_turnover,data/processed/drake_replication_primary_2023_2024_only.csv,Avg_Prm_raw,object,4318,full_file,4318,4318,0,674,,,,,,,,$631,25
aca_zero_premium_turnover,data/processed/drake_replication_primary_2023_2024_only.csv,Avg_Prm_suppressed_flag,bool,4318,full_file,4318,4318,0,2,0.0,0.0,0.0,0.0,1.0,0.0009263547938860583,0.03042549991204666,False,4314
aca_zero_premium_turnover,data/processed/drake_replication_primary_2023_2024_only.csv,Avg_Prm_Aftr_APTC_raw,object,4318,full_file,4318,4318,0,260,,,,,,,,$75,41
aca_zero_premium_turnover,data/processed/drake_replication_primary_2023_2024_only.csv,Avg_Prm_Aftr_APTC_suppressed_flag,bool,4318,full_file,4318,4318,0,2,0.0,0.0,0.0,0.0,1.0,0.0009263547938860583,0.03042549991204666,False,4314
aca_zero_premium_turnover,data/processed/drake_replication_primary_2023_2024_only.csv,APTC_Cnsmr_Avg_APTC_raw,object,4318,full_file,4318,4318,0,620,,,,,,,,*,505
aca_zero_premium_turnover,data/processed/drake_replication_primary_2023_2024_only.csv,APTC_Cnsmr_Avg_APTC_suppressed_flag,bool,4318,full_file,4318,4318,0,2,0.0,0.0,0.0,0.0,1.0,0.11695229272811487,0.3214006482419787,False,3813
aca_zero_premium_turnover,data/processed/drake_replication_primary_2023_2024_only.csv,APTC_Cnsmr_raw,object,4318,full_file,4318,4318,0,2695,27.0,365.0,543.0,760.0,999.0,558.4892286309937,238.63104531458245,*,505
aca_zero_premium_turnover,data/processed/drake_replication_primary_2023_2024_only.csv,APTC_Cnsmr_suppressed_flag,bool,4318,full_file,4318,4318,0,2,0.0,0.0,0.0,0.0,1.0,0.11695229272811487,0.3214006482419787,False,3813
aca_zero_premium_turnover,data/processed/drake_replication_primary_2023_2024_only.csv,FPL_LT100_raw,object,4318,full_file,4318,4318,0,383,0.0,12.0,26.0,68.0,987.0,72.68605870020964,131.6373451544377,*,2346
aca_zero_premium_turnover,data/processed/drake_replication_primary_2023_2024_only.csv,FPL_LT100_suppressed_flag,bool,4318,full_file,4318,4318,0,2,0.0,0.0,1.0,1.0,1.0,0.5433070866141733,0.4981786550916872,True,2346
aca_zero_premium_turnover,data/processed/drake_replication_primary_2023_2024_only.csv,FPL_100_138_raw,object,4318,full_file,4318,4318,0,1654,0.0,44.0,133.5,383.75,998.0,245.0891719745223,256.02139811611806,*,492
aca_zero_premium_turnover,data/processed/drake_replication_primary_2023_2024_only.csv,FPL_100_138_suppressed_flag,bool,4318,full_file,4318,4318,0,2,0.0,0.0,0.0,0.0,1.0,0.11394163964798518,0.3177771684190071,False,3826
aca_zero_premium_turnover,data/processed/drake_replication_primary_2023_2024_only.csv,FPL_100_150_raw,object,4318,full_file,4318,4318,0,2005,0.0,88.0,215.0,486.0,998.0,309.7911370663002,266.3604584361737,*,55
aca_zero_premium_turnover,data/processed/drake_replication_primary_2023_2024_only.csv,FPL_100_150_suppressed_flag,bool,4318,full_file,4318,4318,0,2,0.0,0.0,0.0,0.0,1.0,0.012737378415933302,0.11215190832695093,False,4263
aca_zero_premium_turnover,data/processed/drake_replication_primary_2023_2024_only.csv,FPL_150_200_raw,object,4318,full_file,4318,4318,0,1410,0.0,89.0,180.0,352.0,999.0,256.1586111111111,224.75743859848166,*,26
aca_zero_premium_turnover,data/processed/drake_replication_primary_2023_2024_only.csv,FPL_150_200_suppressed_flag,bool,4318,full_file,4318,4318,0,2,0.0,0.0,0.0,0.0,1.0,0.006021306160259379,0.077372064877471,False,4292
aca_zero_premium_turnover,data/processed/drake_replication_primary_2023_2024_only.csv,FPL_200_250_raw,object,4318,full_file,4318,4318,0,1194,0.0,66.0,129.0,275.0,999.0,210.0387473460722,212.08186478970921,*,70
aca_zero_premium_turnover,data/processed/drake_replication_primary_2023_2024_only.csv,FPL_200_250_suppressed_flag,bool,4318,full_file,4318,4318,0,2,0.0,0.0,0.0,0.0,1.0,0.01621120889300602,0.1263016228133785,False,4248
aca_zero_premium_turnover,data/processed/drake_replication_primary_2023_2024_only.csv,FPL_250_300_raw,object,4318,full_file,4318,4318,0,963,0.0,47.0,90.0,200.25,990.0,162.27699161425576,181.7616331256524,*,140
aca_zero_premium_turnover,data/processed/drake_replication_primary_2023_2024_only.csv,FPL_250_300_suppressed_flag,bool,4318,full_file,4318,4318,0,2,0.0,0.0,0.0,0.0,1.0,0.03242241778601204,0.17713969490291673,False,4178
aca_zero_premium_turnover,data/processed/drake_replication_primary_2023_2024_only.csv,FPL_300_400_raw,object,4318,full_file,4318,4318,0,1030,0.0,48.0,98.0,213.0,996.0,174.7759851891034,196.88250952131685,*,156
aca_zero_premium_turnover,data/processed/drake_replication_primary_2023_2024_only.csv,FPL_300_400_suppressed_flag,bool,4318,full_file,4318,4318,0,2,0.0,0.0,0.0,0.0,1.0,0.036127836961556276,0.18662980134619594,False,4162
aca_zero_premium_turnover,data/processed/drake_replication_primary_2023_2024_only.csv,FPL_GT400_raw,object,4318,full_file,4318,4318,0,955,0.0,36.0,79.0,178.0,997.0,155.2788944723618,193.55570890643207,*,396
aca_zero_premium_turnover,data/processed/drake_replication_primary_2023_2024_only.csv,FPL_GT400_suppressed_flag,bool,4318,full_file,4318,4318,0,2,0.0,0.0,0.0,0.0,1.0,0.09170912459471978,0.2886483267485614,False,3922
aca_zero_premium_turnover,data/processed/drake_replication_primary_2023_2024_only.csv,FPL_OTHR_raw,object,4318,full_file,4318,4318,0,570,0.0,20.0,47.0,153.25,998.0,128.71072589382447,184.09770518837152,*,2346
aca_zero_premium_turnover,data/processed/drake_replication_primary_2023_2024_only.csv,FPL_OTHR_suppressed_flag,bool,4318,full_file,4318,4318,0,2,0.0,0.0,1.0,1.0,1.0,0.5433070866141733,0.49817865509168713,True,2346
aca_zero_premium_turnover,data/processed/drake_replication_primary_2023_2024_only.csv,Avg_Mo_Prem,float64,4318,full_file,4318,4314,4,673,374.0,602.0,669.0,760.0,1515.0,697.0927213722763,145.34411856408616,631.0,25
aca_zero_premium_turnover,data/processed/drake_replication_primary_2023_2024_only.csv,Avg_Mo_Prem_Aft_APTC,float64,4318,full_file,4318,4314,4,259,9.0,67.25,104.0,144.0,376.0,109.16991191469634,52.8401832426887,75.0,41
aca_zero_premium_turnover,data/processed/drake_replication_primary_2023_2024_only.csv,Avg_APTC,float64,4318,full_file,4318,3813,505,619,322.0,518.0,592.0,679.0,1325.0,608.2627852084972,131.00815267561282,600.0,23
aca_zero_premium_turnover,data/processed/drake_replication_primary_2023_2024_only.csv,Consumers_APTC,float64,4318,full_file,4318,3813,505,2694,27.0,676.0,1418.0,3573.0,934017.0,6720.890375032783,31829.323636143432,478.0,7
aca_zero_premium_turnover,data/processed/drake_replication_primary_2023_2024_only.csv,suppression_or_missing_flag,bool,4318,full_file,4318,4318,0,2,0.0,0.0,0.0,0.0,1.0,0.014590088003705419,0.11991892139306694,False,4255
aca_zero_premium_turnover,data/processed/drake_replication_primary_2023_2024_only.csv,auto_reenrollment_rate,float64,4318,full_file,4318,4273,45,4083,0.0815709969788519,0.2899505766062603,0.3378378378378378,0.3815028901734104,0.6451612903225806,0.3377974967223686,0.0754304991825066,0.3333333333333333,13
aca_zero_premium_turnover,data/processed/drake_replication_primary_2023_2024_only.csv,active_reenrollment_rate,float64,4318,full_file,4318,4273,45,4083,0.3548387096774194,0.6184971098265896,0.6621621621621622,0.7100494233937397,0.918429003021148,0.6622025032776313,0.0754304991825066,0.6666666666666666,13
aca_zero_premium_turnover,data/processed/drake_replication_primary_2023_2024_only.csv,active_switch_rate_among_active,float64,4318,full_file,4318,4255,63,3974,0.1181818181818181,0.3649296196466007,0.4684317718940937,0.5839516879584115,0.950256771724902,0.4805081384188642,0.14545200841599812,0.5,14
aca_zero_premium_turnover,data/processed/drake_replication_primary_2023_2024_only.csv,active_stay_rate_among_active,float64,4318,full_file,4318,4255,63,3974,0.0497432282750981,0.4160483120415886,0.5315682281059063,0.6350703803533992,0.8818181818181818,0.5194918615811358,0.14545200841599812,0.5,14
aca_zero_premium_turnover,data/processed/drake_replication_primary_2023_2024_only.csv,new_consumer_share,float64,4318,full_file,4318,4281,37,4083,0.051063829787234,0.2011834319526627,0.2424345460727643,0.2782294489611562,0.7839721254355401,0.24186441083944832,0.06028532516216427,0.25,11
aca_zero_premium_turnover,data/processed/drake_replication_primary_2023_2024_only.csv,total_reenrollment_share,float64,4318,full_file,4318,4281,37,4083,0.2160278745644599,0.7217705510388437,0.7575654539272356,0.7988165680473372,0.948936170212766,0.7581355891605517,0.06028532516216427,0.75,11
aca_zero_premium_turnover,data/processed/drake_replication_primary_2023_2024_only.csv,log_Cnsmr,float64,4318,full_file,4318,4314,4,2818,3.295836866004329,6.2766434893416445,7.132896115829889,8.106966732126589,13.763771901259751,7.278237740995817,1.4546195110215325,5.41610040220442,7
aca_zero_premium_turnover,data/processed/drake_replication_primary_2023_2024_only.csv,log_Tot_Renrl,float64,4318,full_file,4318,4281,37,2574,2.8903717578961645,6.0330862217988015,6.856461984594587,7.826443135456014,13.51589084793945,7.021460413282659,1.4262755896682269,6.186208623900494,9
aca_zero_premium_turnover,data/processed/drake_replication_primary_2023_2024_only.csv,log_Auto_Renrl,float64,4318,full_file,4318,4273,45,1660,2.3978952727983707,4.955827057601261,5.777652323222656,6.736966958001855,11.75479655607717,5.914915453859588,1.413430312946614,4.6443908991413725,22
aca_zero_premium_turnover,data/processed/drake_replication_primary_2023_2024_only.csv,log_Actv_Renrl,float64,4318,full_file,4318,4273,45,2212,2.4849066497880004,5.602118820879701,6.447305862541213,7.423568444259167,13.346434498392746,6.607609794700306,1.445356854740427,5.41610040220442,11
aca_zero_premium_turnover,data/processed/drake_replication_primary_2023_2024_only.csv,log_Actv_Renrl_Nsw,float64,4318,full_file,4318,4255,63,1639,2.3978952727983707,4.969813299576001,5.762051382780177,6.703188113240863,12.617619223954206,5.916441688160124,1.4071682645236243,4.983606621708336,18
aca_zero_premium_turnover,data/processed/drake_replication_primary_2023_2024_only.csv,log_Actv_Renrl_Sw,float64,4318,full_file,4318,4255,63,1657,2.3978952727983707,4.736198448394496,5.68697535633982,6.755186510736109,12.687726891995885,5.838227389350884,1.543001150479482,3.80666248977032,21
aca_zero_premium_turnover,data/processed/drake_replication_primary_2023_2024_only.csv,raw_file_name,object,4318,full_file,4318,4318,0,2,,,,,,,,2023-oep-county-level-public-use-file.zip,2159
aca_zero_premium_turnover,data/processed/drake_replication_primary_2023_2024_only.csv,source_year,int64,4318,full_file,4318,4318,0,2,2023,2023.0,2023.5,2024.0,2024,2023.5,0.5000579072328075,2023,2159
aca_zero_premium_turnover,data/processed/drake_replication_primary_2023_2024_only.csv,transition,object,4318,full_file,4318,4318,0,2,,,,,,,,2022_to_2023,2159
aca_zero_premium_turnover,data/processed/drake_replication_primary_2023_2024_only.csv,any_zero_to_positive_turnover,bool,4318,full_file,4318,4318,0,2,0.0,0.0,1.0,1.0,1.0,0.5937934228809634,0.4911808899019451,True,2564
aca_zero_premium_turnover,data/processed/drake_replication_primary_2023_2024_only.csv,lowest_zero_to_positive_turnover,bool,4318,full_file,4318,4318,0,2,0.0,0.0,0.0,1.0,1.0,0.40435386753126445,0.4908233988140259,False,2572
aca_zero_premium_turnover,data/processed/drake_replication_primary_2023_2024_only.csv,second_lowest_zero_to_positive_turnover,bool,4318,full_file,4318,4318,0,2,0.0,0.0,1.0,1.0,1.0,0.5224641037517369,0.4995529578869794,True,2256
aca_zero_premium_turnover,data/processed/drake_replication_primary_2023_2024_only.csv,any_zero_to_positive_turnover_across_issuer,bool,4318,full_file,4318,4318,0,2,0.0,0.0,0.0,0.0,1.0,0.004400185270958777,0.06619545622471172,False,4299
aca_zero_premium_turnover,data/processed/drake_replication_primary_2023_2024_only.csv,any_zero_to_positive_turnover_within_issuer,bool,4318,full_file,4318,4318,0,2,0.0,0.0,1.0,1.0,1.0,0.5905511811023622,0.49178907555152357,True,2550
aca_zero_premium_turnover,data/processed/drake_replication_primary_2023_2024_only.csv,any_zero_to_positive_turnover_across_issuer_crosswalk_only,bool,4318,full_file,4318,4318,0,2,0.0,0.0,0.0,0.0,1.0,0.004400185270958777,0.06619545622471172,False,4299
aca_zero_premium_turnover,data/processed/drake_replication_primary_2023_2024_only.csv,any_zero_to_positive_turnover_across_issuer_plan_panel_only,bool,4318,full_file,4318,4318,0,2,0.0,0.0,0.0,0.0,1.0,0.004400185270958777,0.06619545622471172,False,4299
aca_zero_premium_turnover,data/processed/drake_replication_primary_2023_2024_only.csv,any_zero_to_positive_turnover_across_issuer_plan_id_prefix,bool,4318,full_file,4318,4318,0,2,0.0,0.0,0.0,0.0,1.0,0.004400185270958777,0.06619545622471172,False,4299
aca_zero_premium_turnover,data/processed/drake_replication_primary_2023_2024_only.csv,any_zero_to_positive_turnover_within_issuer_crosswalk_only,bool,4318,full_file,4318,4318,0,2,0.0,0.0,1.0,1.0,1.0,0.5905511811023622,0.49178907555152357,True,2550
aca_zero_premium_turnover,data/processed/drake_replication_primary_2023_2024_only.csv,any_zero_to_positive_turnover_within_issuer_plan_panel_only,bool,4318,full_file,4318,4318,0,2,0.0,0.0,1.0,1.0,1.0,0.5905511811023622,0.49178907555152357,True,2550
aca_zero_premium_turnover,data/processed/drake_replication_primary_2023_2024_only.csv,any_zero_to_positive_turnover_within_issuer_plan_id_prefix,bool,4318,full_file,4318,4318,0,2,0.0,0.0,1.0,1.0,1.0,0.5905511811023622,0.49178907555152357,True,2550
aca_zero_premium_turnover,data/processed/drake_replication_primary_2023_2024_only.csv,lowest_zero_to_positive_turnover_across_issuer,bool,4318,full_file,4318,4318,0,2,0.0,0.0,0.0,0.0,1.0,0.0013895321908290875,0.03725483617409719,False,4312
aca_zero_premium_turnover,data/processed/drake_replication_primary_2023_2024_only.csv,second_lowest_zero_to_positive_turnover_across_issuer,bool,4318,full_file,4318,4318,0,2,0.0,0.0,0.0,0.0,1.0,0.0041685965724872626,0.06443741904585047,False,4300
aca_zero_premium_turnover,data/processed/drake_replication_primary_2023_2024_only.csv,lowest_zero_to_positive_turnover_across_issuer_crosswalk_only,bool,4318,full_file,4318,4318,0,2,0.0,0.0,0.0,0.0,1.0,0.0013895321908290875,0.03725483617409719,False,4312
aca_zero_premium_turnover,data/processed/drake_replication_primary_2023_2024_only.csv,second_lowest_zero_to_positive_turnover_across_issuer_crosswalk_only,bool,4318,full_file,4318,4318,0,2,0.0,0.0,0.0,0.0,1.0,0.0041685965724872626,0.06443741904585047,False,4300
aca_zero_premium_turnover,data/processed/drake_replication_primary_2023_2024_only.csv,any_zero_to_positive_turnover_unmapped,bool,4318,full_file,4318,4318,0,1,0.0,0.0,0.0,0.0,0.0,0.0,0.0,False,4318
aca_zero_premium_turnover,data/processed/drake_replication_primary_2023_2024_only.csv,any_zero_premium_prior_year,bool,4318,full_file,4318,4318,0,2,0.0,1.0,1.0,1.0,1.0,0.8830477072718851,0.3214006482419787,True,3813
aca_zero_premium_turnover,data/processed/drake_replication_primary_2023_2024_only.csv,any_positive_mapped_current_year,bool,4318,full_file,4318,4318,0,2,0.0,0.0,1.0,1.0,1.0,0.7264937471051413,0.4458100604416704,True,3137
aca_zero_premium_turnover,data/processed/drake_replication_primary_2023_2024_only.csv,prior_lowest_zero_premium_flag,bool,4318,full_file,4318,4318,0,2,0.0,1.0,1.0,1.0,1.0,0.8758684576192681,0.3297697490597545,True,3782
aca_zero_premium_turnover,data/processed/drake_replication_primary_2023_2024_only.csv,prior_second_lowest_zero_premium_flag,bool,4318,full_file,4318,4318,0,2,0.0,1.0,1.0,1.0,1.0,0.8466882816118574,0.3603294384938882,True,3656
aca_zero_premium_turnover,data/processed/drake_replication_primary_2023_2024_only.csv,current_mapped_lowest_positive_premium_flag,bool,4318,full_file,4318,4318,0,2,0.0,0.0,1.0,1.0,1.0,0.5148216767021769,0.4998381514031463,True,2223
aca_zero_premium_turnover,data/processed/drake_replication_primary_2023_2024_only.csv,current_mapped_second_lowest_positive_premium_flag,bool,4318,full_file,4318,4318,0,2,0.0,0.0,1.0,1.0,1.0,0.6716072255673923,0.4696829239758323,True,2900
aca_zero_premium_turnover,data/processed/drake_replication_primary_2023_2024_only.csv,premium_change_lowest,float64,4318,full_file,4318,4318,0,682,-2.091613999999936,0.0,0.042438000000061,17.504979999999932,180.82000000000005,13.879178976841128,26.739688360963367,0.0,2026
aca_zero_premium_turnover,data/processed/drake_replication_primary_2023_2024_only.csv,premium_change_second_lowest,float64,4318,full_file,4318,4318,0,813,-4.41255000000001,0.0,3.409999999999968,28.049999999999997,230.06,21.057956169059754,35.73484089125164,0.0,1396
aca_zero_premium_turnover,data/processed/drake_replication_primary_2023_2024_only.csv,max_premium_change_among_affected_top_two,float64,4318,full_file,4318,2564,1754,753,0.0399999999999636,6.8100000000000165,23.120000000000005,47.71249999999996,230.06,37.12710451287052,41.240384130143916,0.042705000000069,75
aca_zero_premium_turnover,data/processed/drake_replication_primary_2023_2024_only.csv,mean_premium_change_among_affected_top_two,float64,4318,full_file,4318,2564,1754,768,0.0399999999999636,6.259999999999991,21.519999999999985,43.79375000000003,221.16,33.76384540405617,38.47728739190374,0.042571500000065,75
aca_zero_premium_turnover,data/processed/drake_replication_primary_2023_2024_only.csv,current_mapped_premium_lowest,float64,4318,full_file,4318,4318,0,658,0.0,0.0,0.042438000000061,18.639999999999983,180.82000000000005,14.0668429467346,26.759456255051127,0.0,2091
aca_zero_premium_turnover,data/processed/drake_replication_primary_2023_2024_only.csv,current_mapped_premium_second_lowest,float64,4318,full_file,4318,4318,0,806,0.0,0.0,4.8700000000000045,28.149999999999977,230.06,21.634893602130617,35.62878293560368,0.0,1414
aca_zero_premium_turnover,data/processed/drake_replication_primary_2023_2024_only.csv,prior_premium_lowest,float64,4318,full_file,4318,4318,0,119,0.0,0.0,0.0,0.0,11.669241,0.1876639698934699,0.9771388821586725,0.0,3763
aca_zero_premium_turnover,data/processed/drake_replication_primary_2023_2024_only.csv,prior_premium_second_lowest,float64,4318,full_file,4318,4318,0,159,0.0,0.0,0.0,0.0,17.25236499999994,0.5769374330708666,1.9450433630691026,0.0,3656
aca_zero_premium_turnover,data/processed/drake_replication_primary_2023_2024_only.csv,gross_premium_change_lowest,float64,4318,full_file,4318,4318,0,962,-78.73000000000008,14.159999999999968,33.200000000000045,54.099999999999966,199.97000000000003,36.266607225567384,35.04119983852812,13.279999999999973,75
aca_zero_premium_turnover,data/processed/drake_replication_primary_2023_2024_only.csv,gross_premium_change_second_lowest,float64,4318,full_file,4318,4318,0,1020,-109.47999999999996,12.990000000000007,30.835000000000036,52.81999999999999,190.9300000000001,34.35571329319129,36.04651032280306,30.0,75
aca_zero_premium_turnover,data/processed/drake_replication_primary_2023_2024_only.csv,net_premium_proxy_change_lowest,float64,4318,full_file,4318,4318,0,682,-2.091613999999936,0.0,0.042438000000061,17.504979999999932,180.82000000000005,13.879178976841128,26.739688360963367,0.0,2026
aca_zero_premium_turnover,data/processed/drake_replication_primary_2023_2024_only.csv,net_premium_proxy_change_second_lowest,float64,4318,full_file,4318,4318,0,813,-4.41255000000001,0.0,3.409999999999968,28.049999999999997,230.06,21.057956169059754,35.73484089125164,0.0,1396
aca_zero_premium_turnover,data/processed/drake_replication_primary_2023_2024_only.csv,previous_lowest_plan_id,object,4318,full_file,4318,4318,0,323,,,,,,,,33602TX0460704,147
aca_zero_premium_turnover,data/processed/drake_replication_primary_2023_2024_only.csv,previous_second_lowest_plan_id,object,4318,full_file,4318,4318,0,409,,,,,,,,40788TX0460008,102
aca_zero_premium_turnover,data/processed/drake_replication_primary_2023_2024_only.csv,mapped_current_lowest_plan_id,object,4318,full_file,4318,4318,0,302,,,,,,,,70111TN0110027,123
aca_zero_premium_turnover,data/processed/drake_replication_primary_2023_2024_only.csv,mapped_current_second_lowest_plan_id,object,4318,full_file,4318,4318,0,375,,,,,,,,34368KS0110049,166
aca_zero_premium_turnover,data/processed/drake_replication_primary_2023_2024_only.csv,previous_lowest_issuer_id,int64,4318,full_file,4318,4318,0,147,10091,32753.0,50328.0,76179.0,99969,54110.73182028717,26058.304517281413,99723,206
aca_zero_premium_turnover,data/processed/drake_replication_primary_2023_2024_only.csv,previous_second_lowest_issuer_id,int64,4318,full_file,4318,4318,0,152,10091,31195.0,50305.0,76179.0,99969,53666.85502547475,26305.926849900225,99723,192
aca_zero_premium_turnover,data/processed/drake_replication_primary_2023_2024_only.csv,mapped_current_lowest_issuer_id,float64,4318,full_file,4318,4318,0,140,10091.0,32225.0,50328.0,71287.0,99969.0,53484.44001852709,25821.25334567307,99723.0,206
aca_zero_premium_turnover,data/processed/drake_replication_primary_2023_2024_only.csv,mapped_current_second_lowest_issuer_id,float64,4318,full_file,4318,4318,0,145,10091.0,31195.0,46944.0,76179.0,99969.0,53113.773506252895,26061.300684469683,99723.0,192
aca_zero_premium_turnover,data/processed/drake_replication_primary_2023_2024_only.csv,crosswalk_current_lowest_issuer_id,float64,4318,full_file,4318,4318,0,140,10091.0,32225.0,50328.0,71287.0,99969.0,53484.44001852709,25821.25334567307,99723.0,206
aca_zero_premium_turnover,data/processed/drake_replication_primary_2023_2024_only.csv,crosswalk_current_second_lowest_issuer_id,float64,4318,full_file,4318,4318,0,145,10091.0,31195.0,46944.0,76179.0,99969.0,53113.773506252895,26061.300684469683,99723.0,192
aca_zero_premium_turnover,data/processed/drake_replication_primary_2023_2024_only.csv,plan_panel_current_lowest_issuer_id,float64,4318,full_file,4318,4318,0,140,10091.0,32225.0,50328.0,71287.0,99969.0,53484.44001852709,25821.25334567307,99723.0,206
aca_zero_premium_turnover,data/processed/drake_replication_primary_2023_2024_only.csv,plan_panel_current_second_lowest_issuer_id,float64,4318,full_file,4318,4318,0,145,10091.0,31195.0,46944.0,76179.0,99969.0,53113.773506252895,26061.300684469683,99723.0,192
aca_zero_premium_turnover,data/processed/drake_replication_primary_2023_2024_only.csv,crosswalk_level_lowest,float64,4318,full_file,4318,4318,0,4,0.0,0.0,0.0,0.0,3.0,0.3584993052339046,0.6899528936691921,0.0,3265
aca_zero_premium_turnover,data/processed/drake_replication_primary_2023_2024_only.csv,crosswalk_level_second_lowest,float64,4318,full_file,4318,4318,0,4,0.0,0.0,0.0,1.0,3.0,0.3761000463177397,0.6310646964421842,0.0,3039
aca_zero_premium_turnover,data/processed/drake_replication_primary_2023_2024_only.csv,crosswalk_reason_lowest,float64,4318,full_file,4318,4318,0,7,0.0,0.0,0.0,0.0,8.0,0.8036127836961556,1.9222472347362312,0.0,3343
aca_zero_premium_turnover,data/processed/drake_replication_primary_2023_2024_only.csv,crosswalk_reason_second_lowest,float64,4318,full_file,4318,4318,0,7,0.0,0.0,0.0,1.0,8.0,0.7672533580361278,1.6577074200210775,0.0,3103
aca_zero_premium_turnover,data/processed/drake_replication_primary_2023_2024_only.csv,same_issuer_lowest,bool,4318,full_file,4318,4318,0,2,0.0,1.0,1.0,1.0,1.0,0.9731357109773043,0.1617054567134847,True,4202
aca_zero_premium_turnover,data/processed/drake_replication_primary_2023_2024_only.csv,same_issuer_second_lowest,bool,4318,full_file,4318,4318,0,2,0.0,1.0,1.0,1.0,1.0,0.968503937007874,0.17467434568454002,True,4182
aca_zero_premium_turnover,data/processed/drake_replication_primary_2023_2024_only.csv,same_issuer_lowest_crosswalk_only,bool,4318,full_file,4318,4318,0,2,0.0,1.0,1.0,1.0,1.0,0.9731357109773043,0.1617054567134847,True,4202
aca_zero_premium_turnover,data/processed/drake_replication_primary_2023_2024_only.csv,same_issuer_second_lowest_crosswalk_only,bool,4318,full_file,4318,4318,0,2,0.0,1.0,1.0,1.0,1.0,0.968503937007874,0.17467434568454002,True,4182
aca_zero_premium_turnover,data/processed/drake_replication_primary_2023_2024_only.csv,same_issuer_lowest_plan_id_prefix,bool,4318,full_file,4318,4318,0,2,0.0,1.0,1.0,1.0,1.0,0.9731357109773043,0.1617054567134847,True,4202
aca_zero_premium_turnover,data/processed/drake_replication_primary_2023_2024_only.csv,same_issuer_second_lowest_plan_id_prefix,bool,4318,full_file,4318,4318,0,2,0.0,1.0,1.0,1.0,1.0,0.968503937007874,0.17467434568454002,True,4182
aca_zero_premium_turnover,data/processed/drake_replication_primary_2023_2024_only.csv,treatment_constructible_flag,bool,4318,full_file,4318,4318,0,1,1.0,1.0,1.0,1.0,1.0,1.0,0.0,True,4318
aca_zero_premium_turnover,data/processed/drake_replication_primary_2023_2024_only.csv,reason_not_constructible,float64,4318,full_file,4318,0,4318,0,,,,,,,,,
aca_zero_premium_turnover,data/processed/drake_replication_primary_2023_2024_only.csv,missing_previous_plan_flag,bool,4318,full_file,4318,4318,0,1,0.0,0.0,0.0,0.0,0.0,0.0,0.0,False,4318
aca_zero_premium_turnover,data/processed/drake_replication_primary_2023_2024_only.csv,missing_crosswalk_flag,bool,4318,full_file,4318,4318,0,1,0.0,0.0,0.0,0.0,0.0,0.0,0.0,False,4318
aca_zero_premium_turnover,data/processed/drake_replication_primary_2023_2024_only.csv,missing_current_plan_flag,bool,4318,full_file,4318,4318,0,1,0.0,0.0,0.0,0.0,0.0,0.0,0.0,False,4318
aca_zero_premium_turnover,data/processed/drake_replication_primary_2023_2024_only.csv,missing_premium_flag,bool,4318,full_file,4318,4318,0,1,0.0,0.0,0.0,0.0,0.0,0.0,0.0,False,4318
aca_zero_premium_turnover,data/processed/drake_replication_primary_2023_2024_only.csv,missing_county_mapping_flag,bool,4318,full_file,4318,4318,0,1,0.0,0.0,0.0,0.0,0.0,0.0,0.0,False,4318
aca_zero_premium_turnover,data/processed/drake_replication_primary_2023_2024_only.csv,zero_premium_measure_type,object,4318,full_file,4318,4318,0,1,,,,,,,,ehb_adjusted_low_income_proxy,4318
aca_zero_premium_turnover,data/processed/drake_replication_primary_2023_2024_only.csv,premium_measure_type,object,4318,full_file,4318,4318,0,1,,,,,,,,age_40_individual_premium,4318
aca_zero_premium_turnover,data/processed/drake_replication_primary_2023_2024_only.csv,has_two_silver_plans,bool,4318,full_file,4318,4318,0,1,1.0,1.0,1.0,1.0,1.0,1.0,0.0,True,4318
aca_zero_premium_turnover,data/processed/drake_replication_primary_2023_2024_only.csv,lowest_silver_premium,float64,4318,full_file,4318,4318,0,922,306.52,445.58,497.515,566.0,955.62,514.8973459935155,104.16662289061124,411.1,75
aca_zero_premium_turnover,data/processed/drake_replication_primary_2023_2024_only.csv,lowest_silver_ehb_premium,float64,4318,full_file,4318,4318,0,925,306.52,445.58,497.515,566.0,955.62,514.7056580620657,104.03088167026195,424.33756199999993,75
aca_zero_premium_turnover,data/processed/drake_replication_primary_2023_2024_only.csv,lowest_silver_non_ehb_premium,float64,4318,full_file,4318,4318,0,70,0.0,0.0,0.0,0.0,11.669241,0.19168793144974666,1.0096571759597333,0.0,3917
aca_zero_premium_turnover,data/processed/drake_replication_primary_2023_2024_only.csv,second_lowest_silver_premium,float64,4318,full_file,4318,4318,0,961,309.36,452.05499999999995,503.58500000000004,572.17,966.12,523.622420101899,107.05565981749825,427.05,75
aca_zero_premium_turnover,data/processed/drake_replication_primary_2023_2024_only.csv,second_lowest_silver_ehb_premium,float64,4318,full_file,4318,4318,0,963,309.36,451.8356250000001,503.302,572.17,966.12,523.2293204001853,106.82473485443857,415.54,75
aca_zero_premium_turnover,data/processed/drake_replication_primary_2023_2024_only.csv,second_lowest_silver_non_ehb_premium,float64,4318,full_file,4318,4318,0,126,0.0,0.0,0.0,0.0,13.719000000000053,0.39309970171375835,1.5143249000127081,0.0,3771
aca_zero_premium_turnover,data/processed/drake_replication_primary_2023_2024_only.csv,number_of_plans_tied_lowest,int64,4318,full_file,4318,4318,0,2,1,1.0,1.0,1.0,2,1.0044001852709588,0.06619545622471174,1,4299
aca_zero_premium_turnover,data/processed/drake_replication_primary_2023_2024_only.csv,number_of_plans_tied_second_lowest,int64,4318,full_file,4318,4318,0,2,1,1.0,1.0,1.0,2,1.003242241778601,0.05685488767275494,1,4304
aca_zero_premium_turnover,data/processed/drake_replication_primary_2023_2024_only.csv,tie_flag,bool,4318,full_file,4318,4318,0,2,0.0,0.0,0.0,0.0,1.0,0.007642427049559981,0.0870963669656006,False,4285
aca_zero_premium_turnover,data/processed/drake_replication_primary_2023_2024_only.csv,number_of_silver_plans,int64,4318,full_file,4318,4318,0,73,2,11.0,18.0,26.0,96,19.949050486336265,11.74559282950875,25,368
aca_zero_premium_turnover,data/processed/drake_replication_primary_2023_2024_only.csv,number_of_insurers,int64,4318,full_file,4318,4318,0,12,1,3.0,3.0,5.0,12,3.7369152385363593,1.6768833748659608,3,1243
aca_zero_premium_turnover,data/processed/drake_replication_primary_2023_2024_only.csv,min_silver_premium_all_plans,float64,4318,full_file,4318,4318,0,922,306.52,445.58,497.515,566.0,955.62,514.8973459935155,104.16662289061124,411.1,75
aca_zero_premium_turnover,data/processed/drake_replication_primary_2023_2024_only.csv,max_silver_premium_all_plans,float64,4318,full_file,4318,4318,0,765,390.48,604.685,678.82,762.54,1320.71,702.7719268179712,148.72828387050114,552.68,75
aca_zero_premium_turnover,data/processed/drake_replication_primary_2023_2024_only.csv,premium_spread_among_silver_plans,float64,4318,full_file,4318,4318,0,823,0.0,2.009999999999991,4.470000000000027,10.069999999999991,131.72000000000003,8.725074108383513,12.767137292876217,4.439999999999998,80
aca_zero_premium_turnover,data/processed/drake_replication_primary_2023_2024_only.csv,fewer_than_two_silver_plans,bool,4318,full_file,4318,4318,0,1,0.0,0.0,0.0,0.0,0.0,0.0,0.0,False,4318
aca_zero_premium_turnover,data/processed/drake_replication_primary_2023_2024_only.csv,lowest_bronze_premium,float64,4318,full_file,4318,4318,0,888,228.67,343.8775,378.05,430.17,718.27,394.1749444187124,78.56474939600662,374.33,75
aca_zero_premium_turnover,data/processed/drake_replication_primary_2023_2024_only.csv,number_of_bronze_plans,int64,4318,full_file,4318,4318,0,69,3,12.0,16.0,24.0,97,18.874478925428438,10.454596093168563,15,333
aca_zero_premium_turnover,data/processed/drake_replication_primary_2023_2024_only.csv,number_of_bronze_insurers,int64,4318,full_file,4318,4318,0,12,1,2.0,3.0,4.0,12,3.429828624363131,1.5351821904678244,3,1422
aca_zero_premium_turnover,data/processed/drake_replication_primary_2023_2024_only.csv,bronze_spread,float64,4318,full_file,4318,4318,0,1061,-46.52999999999997,93.32999999999998,130.84999999999997,161.45,310.79999999999995,129.44747568318664,46.84517626928103,62.02000000000004,75
aca_zero_premium_turnover,data/processed/drake_replication_primary_2023_2024_only.csv,market_control_measure_type,object,4318,full_file,4318,4318,0,1,,,,,,,,age_40_premium_county_year_market_controls,4318
aca_zero_premium_turnover,data/processed/drake_replication_primary_2023_2024_only.csv,market_control_limitations,object,4318,full_file,4318,4318,0,1,,,,,,,,Number of insurers is based on silver plan issuers in the constructed county-plan panel; bronze spread is SLCSP minus lowest bronze premium.,4318
aca_zero_premium_turnover,data/processed/drake_replication_primary_2023_2024_only.csv,enrollment_2021_weight,float64,4318,full_file,4318,4314,4,1460,12.0,318.0,709.0,1820.0,509218.0,3500.1024571163653,16964.121781661044,147.0,14
aca_zero_premium_turnover,data/processed/drake_replication_primary_2023_2024_only.csv,enrollment_2021_weight_raw,object,4318,full_file,4318,4318,0,1461,12.0,206.0,378.0,615.0,997.0,422.250569476082,254.76223406813148,144,14
aca_zero_premium_turnover,data/processed/drake_replication_primary_2023_2024_only.csv,enrollment_2021_weight_suppressed_flag,bool,4318,full_file,4318,4318,0,2,0.0,0.0,0.0,0.0,1.0,0.0009263547938860583,0.03042549991204666,False,4314
aca_zero_premium_turnover,data/processed/drake_replication_primary_2023_2024_only.csv,enrollment_2021_weight_source,object,4318,full_file,4318,4318,0,1,,,,,,,,data\raw\oep_puf\2021\2021-oep-county-level-public-use-file.zip,4318
aca_zero_premium_turnover,data/processed/drake_replication_primary_2023_2024_only.csv,any_zero_to_positive_turnover_nullable_when_not_constructible,bool,4318,full_file,4318,4318,0,2,0.0,0.0,1.0,1.0,1.0,0.5937934228809634,0.4911808899019451,True,2564
aca_zero_premium_turnover,data/processed/drake_replication_primary_2023_2024_only.csv,any_zero_to_positive_turnover_across_issuer_nullable_when_not_constructible,bool,4318,full_file,4318,4318,0,2,0.0,0.0,0.0,0.0,1.0,0.004400185270958777,0.06619545622471172,False,4299
aca_zero_premium_turnover,data/processed/drake_replication_primary_2023_2024_only.csv,any_zero_to_positive_turnover_within_issuer_nullable_when_not_constructible,bool,4318,full_file,4318,4318,0,2,0.0,0.0,1.0,1.0,1.0,0.5905511811023622,0.49178907555152357,True,2550
aca_zero_premium_turnover,data/processed/drake_replication_primary_2023_2024_only.csv,included_primary_sample,bool,4318,full_file,4318,4318,0,1,1.0,1.0,1.0,1.0,1.0,1.0,0.0,True,4318
aca_zero_premium_turnover,data/processed/drake_replication_primary_2023_2024_only.csv,sample_exclusion_reason,float64,4318,full_file,4318,0,4318,0,,,,,,,,,
aca_zero_premium_turnover,data/processed/drake_replication_primary_2023_2024_only.csv,continuous_hcgov_2022_2024,bool,4318,full_file,4318,4318,0,1,1.0,1.0,1.0,1.0,1.0,1.0,0.0,True,4318
aca_zero_premium_turnover,data/processed/drake_replication_primary_2023_2024_only.csv,drake_supplement_etable3_exclusion_reason,float64,4318,full_file,4318,0,4318,0,,,,,,,,,
aca_zero_premium_turnover,data/processed/drake_replication_primary_2023_2024_only.csv,drake_supplement_etable3_exclusion,bool,4318,full_file,4318,4318,0,1,0.0,0.0,0.0,0.0,0.0,0.0,0.0,False,4318
aca_zero_premium_turnover,data/processed/drake_replication_primary_2023_2024_only.csv,included_drake_harmonized_sample,bool,4318,full_file,4318,4318,0,1,1.0,1.0,1.0,1.0,1.0,1.0,0.0,True,4318
aca_zero_premium_turnover,data/processed/drake_replication_primary_2023_2024_only.csv,drake_table2_complete_case_core_flag,bool,4318,full_file,4318,4318,0,2,0.0,1.0,1.0,1.0,1.0,0.999073645206114,0.03042549991204666,True,4314
aca_zero_premium_turnover,data/processed/drake_replication_primary_2023_2024_only.csv,drake_table2_complete_case_all_outcomes_flag,bool,4318,full_file,4318,4318,0,2,0.0,1.0,1.0,1.0,1.0,0.9854099119962946,0.11991892139306694,True,4255
aca_zero_premium_turnover,data/processed/drake_replication_primary_2023_2024_only.csv,drake_table2_complete_case_missing_reason,object,4318,full_file,4318,63,4255,4,,,,,,,,missing_or_invalid_Tot_Renrl;missing_or_invalid_Auto_Renrl;missing_or_invalid_Actv_Renrl;missing_or_invalid_Actv_Renrl_Nsw;missing_or_invalid_Actv_Renrl_Sw,33
aca_zero_premium_turnover,data/processed/drake_replication_primary_2023_2024_only.csv,source_file_references,object,4318,full_file,4318,4318,0,2,,,,,,,,2023-oep-county-level-public-use-file.zip; transition=2022_to_2023,2159
aca_zero_premium_turnover,data/processed/drake_replication_primary_2023_2024_only.csv,any_zero_to_positive_turnover_bool,bool,4318,full_file,4318,4318,0,2,0.0,0.0,1.0,1.0,1.0,0.5937934228809634,0.4911808899019451,True,2564
aca_zero_premium_turnover,data/processed/drake_replication_primary_2023_2024_only.csv,lowest_zero_to_positive_turnover_bool,bool,4318,full_file,4318,4318,0,2,0.0,0.0,0.0,1.0,1.0,0.40435386753126445,0.4908233988140259,False,2572
aca_zero_premium_turnover,data/processed/drake_replication_primary_2023_2024_only.csv,second_lowest_zero_to_positive_turnover_bool,bool,4318,full_file,4318,4318,0,2,0.0,0.0,1.0,1.0,1.0,0.5224641037517369,0.4995529578869794,True,2256
aca_zero_premium_turnover,data/processed/drake_replication_primary_2023_2024_only.csv,any_zero_to_positive_turnover_across_issuer_bool,bool,4318,full_file,4318,4318,0,2,0.0,0.0,0.0,0.0,1.0,0.004400185270958777,0.06619545622471172,False,4299
aca_zero_premium_turnover,data/processed/drake_replication_primary_2023_2024_only.csv,lowest_zero_to_positive_turnover_across_issuer_bool,bool,4318,full_file,4318,4318,0,2,0.0,0.0,0.0,0.0,1.0,0.0013895321908290875,0.03725483617409719,False,4312
aca_zero_premium_turnover,data/processed/drake_replication_primary_2023_2024_only.csv,second_lowest_zero_to_positive_turnover_across_issuer_bool,bool,4318,full_file,4318,4318,0,2,0.0,0.0,0.0,0.0,1.0,0.0041685965724872626,0.06443741904585047,False,4300
aca_zero_premium_turnover,data/processed/drake_replication_primary_2023_2024_only.csv,any_zero_to_positive_turnover_across_issuer_crosswalk_only_bool,bool,4318,full_file,4318,4318,0,2,0.0,0.0,0.0,0.0,1.0,0.004400185270958777,0.06619545622471172,False,4299
aca_zero_premium_turnover,data/processed/drake_replication_primary_2023_2024_only.csv,any_zero_to_positive_turnover_across_issuer_plan_panel_only_bool,bool,4318,full_file,4318,4318,0,2,0.0,0.0,0.0,0.0,1.0,0.004400185270958777,0.06619545622471172,False,4299
aca_zero_premium_turnover,data/processed/drake_replication_primary_2023_2024_only.csv,any_zero_to_positive_turnover_across_issuer_plan_id_prefix_bool,bool,4318,full_file,4318,4318,0,2,0.0,0.0,0.0,0.0,1.0,0.004400185270958777,0.06619545622471172,False,4299
aca_zero_premium_turnover,data/processed/drake_replication_primary_2023_2024_only.csv,any_zero_to_positive_turnover_within_issuer_bool,bool,4318,full_file,4318,4318,0,2,0.0,0.0,1.0,1.0,1.0,0.5905511811023622,0.49178907555152357,True,2550
aca_zero_premium_turnover,data/processed/drake_replication_primary_2023_2024_only.csv,any_zero_to_positive_turnover_within_issuer_crosswalk_only_bool,bool,4318,full_file,4318,4318,0,2,0.0,0.0,1.0,1.0,1.0,0.5905511811023622,0.49178907555152357,True,2550
aca_zero_premium_turnover,data/processed/drake_replication_primary_2023_2024_only.csv,any_zero_to_positive_turnover_within_issuer_plan_panel_only_bool,bool,4318,full_file,4318,4318,0,2,0.0,0.0,1.0,1.0,1.0,0.5905511811023622,0.49178907555152357,True,2550
aca_zero_premium_turnover,data/processed/drake_replication_primary_2023_2024_only.csv,any_zero_to_positive_turnover_within_issuer_plan_id_prefix_bool,bool,4318,full_file,4318,4318,0,2,0.0,0.0,1.0,1.0,1.0,0.5905511811023622,0.49178907555152357,True,2550
aca_zero_premium_turnover,data/processed/drake_replication_primary_2023_2024_only.csv,treatment_constructible_flag_bool,bool,4318,full_file,4318,4318,0,1,1.0,1.0,1.0,1.0,1.0,1.0,0.0,True,4318
aca_zero_premium_turnover,data/processed/drake_replication_primary_2023_2024_only.csv,drake_table2_complete_case_core_flag_bool,bool,4318,full_file,4318,4318,0,2,0.0,1.0,1.0,1.0,1.0,0.999073645206114,0.03042549991204666,True,4314
aca_zero_premium_turnover,data/processed/drake_replication_primary_2023_2024_only.csv,drake_table2_complete_case_all_outcomes_flag_bool,bool,4318,full_file,4318,4318,0,2,0.0,1.0,1.0,1.0,1.0,0.9854099119962946,0.11991892139306694,True,4255
aca_zero_premium_turnover,data/processed/drake_replication_primary_2023_2024_only.csv,included_primary_sample_bool,bool,4318,full_file,4318,4318,0,1,1.0,1.0,1.0,1.0,1.0,1.0,0.0,True,4318
aca_zero_premium_turnover,data/processed/drake_replication_primary_2023_2024_only.csv,continuous_hcgov_2022_2024_bool,bool,4318,full_file,4318,4318,0,1,1.0,1.0,1.0,1.0,1.0,1.0,0.0,True,4318
aca_zero_premium_turnover,data/processed/drake_replication_primary_2023_2024_only.csv,suppression_or_missing_flag_bool,bool,4318,full_file,4318,4318,0,2,0.0,0.0,0.0,0.0,1.0,0.014590088003705419,0.11991892139306694,False,4255
aca_zero_premium_turnover,data/processed/drake_replication_primary_2023_2024_only.csv,missing_previous_plan_flag_bool,bool,4318,full_file,4318,4318,0,1,0.0,0.0,0.0,0.0,0.0,0.0,0.0,False,4318
aca_zero_premium_turnover,data/processed/drake_replication_primary_2023_2024_only.csv,missing_crosswalk_flag_bool,bool,4318,full_file,4318,4318,0,1,0.0,0.0,0.0,0.0,0.0,0.0,0.0,False,4318
aca_zero_premium_turnover,data/processed/drake_replication_primary_2023_2024_only.csv,missing_current_plan_flag_bool,bool,4318,full_file,4318,4318,0,1,0.0,0.0,0.0,0.0,0.0,0.0,0.0,False,4318
aca_zero_premium_turnover,data/processed/drake_replication_primary_2023_2024_only.csv,missing_premium_flag_bool,bool,4318,full_file,4318,4318,0,1,0.0,0.0,0.0,0.0,0.0,0.0,0.0,False,4318
aca_zero_premium_turnover,data/processed/drake_replication_primary_2023_2024_only.csv,missing_county_mapping_flag_bool,bool,4318,full_file,4318,4318,0,1,0.0,0.0,0.0,0.0,0.0,0.0,0.0,False,4318
aca_zero_premium_turnover,data/processed/drake_replication_primary_2023_2024_only.csv,any_zero_to_positive_turnover_unmapped_bool,bool,4318,full_file,4318,4318,0,1,0.0,0.0,0.0,0.0,0.0,0.0,0.0,False,4318
aca_zero_premium_turnover,data/processed/drake_replication_primary_2023_2024_only.csv,overall_reenrollment_share,float64,4318,full_file,4318,4281,37,4083,0.2160278745644599,0.7217705510388437,0.7575654539272356,0.7988165680473372,0.948936170212766,0.7581355891605517,0.06028532516216427,0.75,11
aca_zero_premium_turnover,data/processed/drake_replication_primary_2023_2024_only.csv,automatic_passive_share,float64,4318,full_file,4318,4273,45,4072,0.0511033681765389,0.2189655172413793,0.2519280205655527,0.2863436123348017,0.5882352941176471,0.25499893995930417,0.05669675972613006,0.25,14
aca_zero_premium_turnover,data/processed/drake_replication_primary_2023_2024_only.csv,active_share,float64,4318,full_file,4318,4273,45,4108,0.164924506387921,0.4578359060147517,0.4998627504803733,0.5471698113207547,0.8275,0.5031623711188178,0.07740615078211163,0.5,20
aca_zero_premium_turnover,data/processed/drake_replication_primary_2023_2024_only.csv,active_stay_share,float64,4318,full_file,4318,4255,63,4119,0.0304287690179806,0.19459692146265828,0.2562814070351759,0.32177865612648215,0.7275,0.2628133988009684,0.09088289797718797,0.1666666666666666,9
aca_zero_premium_turnover,data/processed/drake_replication_primary_2023_2024_only.csv,active_switch_share,float64,4318,full_file,4318,4255,63,4099,0.0498338870431893,0.18205356681646775,0.2304351027019067,0.2899575391124189,0.6752289639381798,0.2404418436222589,0.07963993266173754,0.25,13
aca_zero_premium_turnover,data/processed/drake_replication_primary_2023_2024_only.csv,automatic_passive_share_of_reenrollment,float64,4318,full_file,4318,4273,45,4083,0.0815709969788519,0.2899505766062603,0.3378378378378378,0.3815028901734104,0.6451612903225806,0.3377974967223686,0.0754304991825066,0.3333333333333333,13
aca_zero_premium_turnover,data/processed/drake_replication_primary_2023_2024_only.csv,active_share_of_reenrollment,float64,4318,full_file,4318,4273,45,4083,0.3548387096774194,0.6184971098265896,0.6621621621621622,0.7100494233937397,0.918429003021148,0.6622025032776313,0.0754304991825066,0.6666666666666666,13
aca_zero_premium_turnover,data/processed/drake_replication_primary_2023_2024_only.csv,active_stay_share_of_reenrollment,float64,4318,full_file,4318,4255,63,4072,0.0421455938697318,0.26833668438936475,0.3423180592991914,0.4152968240176985,0.8016528925619835,0.3431355730248018,0.10369208956214349,0.3333333333333333,9
aca_zero_premium_turnover,data/processed/drake_replication_primary_2023_2024_only.csv,active_switch_share_of_reenrollment,float64,4318,full_file,4318,4255,63,4059,0.0675675675675675,0.23900140864426575,0.3052407932011331,0.38968719782320266,0.8573634959571182,0.3191513316471784,0.10774851933394092,0.3125,6
aca_zero_premium_turnover,data/processed/drake_replication_primary_2023_2024_only.csv,table1_outcome_missing_flag,bool,4318,full_file,4318,4318,0,2,0.0,0.0,0.0,0.0,1.0,0.014590088003705419,0.11991892139306694,False,4255
aca_zero_premium_turnover,data/processed/drake_replication_primary_2023_2024_only.csv,drake_supplement_exclusion_flag,bool,4318,full_file,4318,4318,0,1,0.0,0.0,0.0,0.0,0.0,0.0,0.0,False,4318
aca_zero_premium_turnover,data/processed/drake_replication_primary_2023_2024_only.csv,drake_supplement_exclusion_reason,float64,4318,full_file,4318,0,4318,0,,,,,,,,,
aca_zero_premium_turnover,data/processed/drake_replication_primary_constructible_only.csv,year,int64,6477,full_file,6477,6477,0,3,2022,2022.0,2023.0,2024.0,2024,2023.0,0.8165596186873975,2022,2159
aca_zero_premium_turnover,data/processed/drake_replication_primary_constructible_only.csv,State_Abrvtn,object,6477,full_file,6477,6477,0,29,,,,,,,,TX,762
aca_zero_premium_turnover,data/processed/drake_replication_primary_constructible_only.csv,County_FIPS_Cd,int64,6477,full_file,6477,6477,0,2159,1001,18131.0,29161.0,46109.0,56045,30836.663733209818,15267.940582828045,1001,3
aca_zero_premium_turnover,data/processed/drake_replication_primary_constructible_only.csv,Cnsmr,float64,6477,full_file,6477,6471,6,3528,21.0,478.0,1103.0,2940.5,949577.0,5724.138463915932,28317.492847531637,208.0,11
aca_zero_premium_turnover,data/processed/drake_replication_primary_constructible_only.csv,New_Cnsmr,float64,6477,full_file,6477,6411,66,1942,11.0,106.0,266.0,722.0,208477.0,1434.267976914678,6980.317715096082,48.0,28
aca_zero_premium_turnover,data/processed/drake_replication_primary_constructible_only.csv,Tot_Renrl,float64,6477,full_file,6477,6411,66,3182,18.0,381.0,853.0,2270.5,741100.0,4342.764935267509,21565.55186449183,333.0,14
aca_zero_premium_turnover,data/processed/drake_replication_primary_constructible_only.csv,Auto_Renrl,float64,6477,full_file,6477,6391,86,1973,11.0,128.0,286.0,738.0,127363.0,1246.1372242215616,4735.957656983527,58.0,26
aca_zero_premium_turnover,data/processed/drake_replication_primary_constructible_only.csv,Actv_Renrl,float64,6477,full_file,6477,6391,86,2684,12.0,251.0,571.0,1537.5,625580.0,3109.97465185417,17192.71755883538,108.0,19
aca_zero_premium_turnover,data/processed/drake_replication_primary_constructible_only.csv,Actv_Renrl_Nsw,float64,6477,full_file,6477,6348,129,1981,11.0,137.0,298.0,776.0,301830.0,1367.3286074354128,6537.544395750601,150.0,22
aca_zero_premium_turnover,data/processed/drake_replication_primary_constructible_only.csv,Actv_Renrl_Sw,float64,6477,full_file,6477,6348,129,1971,11.0,98.0,256.0,745.0,368524.0,1763.3539697542533,11169.874328050071,27.0,34
aca_zero_premium_turnover,data/processed/drake_replication_primary_constructible_only.csv,Avg_Prm,float64,6477,full_file,6477,6471,6,748,349.0,599.0,667.0,758.0,1530.0,693.3891206923196,145.5111707148184,637.0,39
aca_zero_premium_turnover,data/processed/drake_replication_primary_constructible_only.csv,Avg_Prm_Aftr_APTC,float64,6477,full_file,6477,6471,6,275,9.0,73.0,106.0,147.0,376.0,112.81285736362231,53.169191859074175,76.0,63
aca_zero_premium_turnover,data/processed/drake_replication_primary_constructible_only.csv,APTC_Cnsmr_Avg_APTC,float64,6477,full_file,6477,5675,802,680,296.0,509.0,587.0,678.0,1427.0,603.3688105726873,132.69599405451623,565.0,30
aca_zero_premium_turnover,data/processed/drake_replication_primary_constructible_only.csv,APTC_Cnsmr,float64,6477,full_file,6477,5675,802,3386,27.0,595.5,1268.0,3235.0,934017.0,6065.994008810572,29074.742906067015,689.0,9
aca_zero_premium_turnover,data/processed/drake_replication_primary_constructible_only.csv,FPL_LT100,float64,6477,full_file,6477,2970,3507,474,0.0,12.0,26.0,74.0,28873.0,168.7047138047138,957.6740955576298,0.0,630
aca_zero_premium_turnover,data/processed/drake_replication_primary_constructible_only.csv,FPL_100_138,float64,6477,full_file,6477,5550,927,1973,0.0,68.0,260.0,926.25,564034.0,2433.493873873874,16226.574842403112,12.0,60
aca_zero_premium_turnover,data/processed/drake_replication_primary_constructible_only.csv,FPL_100_150,float64,6477,full_file,6477,6327,150,2352,0.0,114.0,379.0,1153.5,696916.0,2824.525367472736,18517.36042731299,38.0,25
aca_zero_premium_turnover,data/processed/drake_replication_primary_constructible_only.csv,FPL_150_200,float64,6477,full_file,6477,6430,47,1709,0.0,94.0,209.0,540.75,116334.0,961.6231726283048,4100.291591783356,71.0,33
aca_zero_premium_turnover,data/processed/drake_replication_primary_constructible_only.csv,FPL_200_250,float64,6477,full_file,6477,6363,114,1459,0.0,69.0,145.0,384.5,56371.0,637.1257268584001,2327.1967822165684,40.0,44
aca_zero_premium_turnover,data/processed/drake_replication_primary_constructible_only.csv,FPL_250_300,float64,6477,full_file,6477,6241,236,1178,0.0,48.0,100.0,268.0,25035.0,409.53420926133634,1316.3224137522411,27.0,58
aca_zero_premium_turnover,data/processed/drake_replication_primary_constructible_only.csv,FPL_300_400,float64,6477,full_file,6477,6219,258,1280,0.0,50.0,109.0,288.0,19668.0,434.4875381894195,1252.2633515895743,16.0,51
aca_zero_premium_turnover,data/processed/drake_replication_primary_constructible_only.csv,FPL_GT400,float64,6477,full_file,6477,5751,726,1158,0.0,36.0,85.0,236.0,19810.0,384.47261345852894,1142.452235853372,11.0,70
aca_zero_premium_turnover,data/processed/drake_replication_primary_constructible_only.csv,FPL_OTHR,float64,6477,full_file,6477,3038,3439,719,0.0,21.0,53.0,201.75,13395.0,281.3252139565504,784.9411934728653,0.0,184
aca_zero_premium_turnover,data/processed/drake_replication_primary_constructible_only.csv,state,object,6477,full_file,6477,6477,0,29,,,,,,,,TX,762
aca_zero_premium_turnover,data/processed/drake_replication_primary_constructible_only.csv,county_fips,int64,6477,full_file,6477,6477,0,2159,1001,18131.0,29161.0,46109.0,56045,30836.663733209818,15267.940582828045,1001,3
aca_zero_premium_turnover,data/processed/drake_replication_primary_constructible_only.csv,county_name,float64,6477,full_file,6477,0,6477,0,,,,,,,,,
aca_zero_premium_turnover,data/processed/drake_replication_primary_constructible_only.csv,Cnsmr_raw,object,6477,full_file,6477,6477,0,3529,21.0,258.0,449.0,676.25,998.0,476.71651193633954,258.71038676122856,208,11
aca_zero_premium_turnover,data/processed/drake_replication_primary_constructible_only.csv,Cnsmr_suppressed_flag,bool,6477,full_file,6477,6477,0,2,0.0,0.0,0.0,0.0,1.0,0.0009263547938860583,0.030424325341045697,False,6471
aca_zero_premium_turnover,data/processed/drake_replication_primary_constructible_only.csv,New_Cnsmr_raw,object,6477,full_file,6477,6477,0,1943,11.0,86.0,189.0,390.0,998.0,271.0557915057915,237.02169970645065,*,66
aca_zero_premium_turnover,data/processed/drake_replication_primary_constructible_only.csv,New_Cnsmr_suppressed_flag,bool,6477,full_file,6477,6477,0,2,0.0,0.0,0.0,0.0,1.0,0.010189902732746642,0.10043717473378597,False,6411
aca_zero_premium_turnover,data/processed/drake_replication_primary_constructible_only.csv,Tot_Renrl_raw,object,6477,full_file,6477,6477,0,3183,18.0,235.0,413.0,651.75,999.0,452.6860465116279,256.17267085262966,*,66
aca_zero_premium_turnover,data/processed/drake_replication_primary_constructible_only.csv,Tot_Renrl_suppressed_flag,bool,6477,full_file,6477,6477,0,2,0.0,0.0,0.0,0.0,1.0,0.010189902732746642,0.10043717473378597,False,6411
aca_zero_premium_turnover,data/processed/drake_replication_primary_constructible_only.csv,Auto_Renrl_raw,object,6477,full_file,6477,6477,0,1974,11.0,105.25,211.0,406.0,999.0,285.35107212475634,233.68885580108366,*,86
aca_zero_premium_turnover,data/processed/drake_replication_primary_constructible_only.csv,Auto_Renrl_suppressed_flag,bool,6477,full_file,6477,6477,0,2,0.0,0.0,0.0,0.0,1.0,0.01327775204570017,0.11447041724544724,False,6391
aca_zero_premium_turnover,data/processed/drake_replication_primary_constructible_only.csv,Actv_Renrl_raw,object,6477,full_file,6477,6477,0,2685,12.0,173.0,321.0,552.0,999.0,381.8857006217121,249.91258235558243,*,86
aca_zero_premium_turnover,data/processed/drake_replication_primary_constructible_only.csv,Actv_Renrl_suppressed_flag,bool,6477,full_file,6477,6477,0,2,0.0,0.0,0.0,0.0,1.0,0.01327775204570017,0.11447041724544724,False,6391
aca_zero_premium_turnover,data/processed/drake_replication_primary_constructible_only.csv,Actv_Renrl_Nsw_raw,object,6477,full_file,6477,6477,0,1982,11.0,111.0,216.0,406.0,999.0,289.7633194692018,231.51990573712848,*,129
aca_zero_premium_turnover,data/processed/drake_replication_primary_constructible_only.csv,Actv_Renrl_Nsw_suppressed_flag,bool,6477,full_file,6477,6477,0,2,0.0,0.0,0.0,0.0,1.0,0.019916628068550254,0.1397246227206729,False,6348
aca_zero_premium_turnover,data/processed/drake_replication_primary_constructible_only.csv,Actv_Renrl_Sw_raw,object,6477,full_file,6477,6477,0,1972,11.0,78.0,175.5,376.0,999.0,262.07762017336483,237.94054786595137,*,129
aca_zero_premium_turnover,data/processed/drake_replication_primary_constructible_only.csv,Actv_Renrl_Sw_suppressed_flag,bool,6477,full_file,6477,6477,0,2,0.0,0.0,0.0,0.0,1.0,0.019916628068550254,0.1397246227206729,False,6348
aca_zero_premium_turnover,data/processed/drake_replication_primary_constructible_only.csv,Avg_Prm_raw,object,6477,full_file,6477,6477,0,749,,,,,,,,$637,39
aca_zero_premium_turnover,data/processed/drake_replication_primary_constructible_only.csv,Avg_Prm_suppressed_flag,bool,6477,full_file,6477,6477,0,2,0.0,0.0,0.0,0.0,1.0,0.0009263547938860583,0.030424325341045697,False,6471
aca_zero_premium_turnover,data/processed/drake_replication_primary_constructible_only.csv,Avg_Prm_Aftr_APTC_raw,object,6477,full_file,6477,6477,0,276,,,,,,,,$76,63
aca_zero_premium_turnover,data/processed/drake_replication_primary_constructible_only.csv,Avg_Prm_Aftr_APTC_suppressed_flag,bool,6477,full_file,6477,6477,0,2,0.0,0.0,0.0,0.0,1.0,0.0009263547938860583,0.030424325341045697,False,6471
aca_zero_premium_turnover,data/processed/drake_replication_primary_constructible_only.csv,APTC_Cnsmr_Avg_APTC_raw,object,6477,full_file,6477,6477,0,681,,,,,,,,*,802
aca_zero_premium_turnover,data/processed/drake_replication_primary_constructible_only.csv,APTC_Cnsmr_Avg_APTC_suppressed_flag,bool,6477,full_file,6477,6477,0,2,0.0,0.0,0.0,0.0,1.0,0.12382275744943647,0.3294046674190767,False,5675
aca_zero_premium_turnover,data/processed/drake_replication_primary_constructible_only.csv,APTC_Cnsmr_raw,object,6477,full_file,6477,6477,0,3387,27.0,356.25,526.0,749.0,999.0,549.1938178780284,239.73718901040615,*,802
aca_zero_premium_turnover,data/processed/drake_replication_primary_constructible_only.csv,APTC_Cnsmr_suppressed_flag,bool,6477,full_file,6477,6477,0,2,0.0,0.0,0.0,0.0,1.0,0.12382275744943647,0.3294046674190767,False,5675
aca_zero_premium_turnover,data/processed/drake_replication_primary_constructible_only.csv,FPL_LT100_raw,object,6477,full_file,6477,6477,0,475,0.0,11.0,24.0,65.0,987.0,70.12083333333334,128.56560563816714,*,3507
aca_zero_premium_turnover,data/processed/drake_replication_primary_constructible_only.csv,FPL_LT100_suppressed_flag,bool,6477,full_file,6477,6477,0,2,0.0,0.0,1.0,1.0,1.0,0.5414543770264011,0.49831704099184465,True,3507
aca_zero_premium_turnover,data/processed/drake_replication_primary_constructible_only.csv,FPL_100_138_raw,object,6477,full_file,6477,6477,0,1974,0.0,45.0,138.0,367.0,998.0,240.0694542877392,248.38701945160278,*,927
aca_zero_premium_turnover,data/processed/drake_replication_primary_constructible_only.csv,FPL_100_138_suppressed_flag,bool,6477,full_file,6477,6477,0,2,0.0,0.0,0.0,0.0,1.0,0.14312181565539603,0.3502240694754423,False,5550
aca_zero_premium_turnover,data/processed/drake_replication_primary_constructible_only.csv,FPL_100_150_raw,object,6477,full_file,6477,6477,0,2353,0.0,79.0,197.0,447.0,998.0,291.2274518388792,259.650484566572,*,150
aca_zero_premium_turnover,data/processed/drake_replication_primary_constructible_only.csv,FPL_100_150_suppressed_flag,bool,6477,full_file,6477,6477,0,2,0.0,0.0,0.0,0.0,1.0,0.02315886984715146,0.15041951297320313,False,6327
aca_zero_premium_turnover,data/processed/drake_replication_primary_constructible_only.csv,FPL_150_200_raw,object,6477,full_file,6477,6477,0,1710,0.0,82.0,167.0,334.0,999.0,245.05378704720087,222.1032466763865,*,47
aca_zero_premium_turnover,data/processed/drake_replication_primary_constructible_only.csv,FPL_150_200_suppressed_flag,bool,6477,full_file,6477,6477,0,2,0.0,0.0,0.0,0.0,1.0,0.00725644588544079,0.08488169567802774,False,6430
aca_zero_premium_turnover,data/processed/drake_replication_primary_constructible_only.csv,FPL_200_250_raw,object,6477,full_file,6477,6477,0,1460,0.0,63.0,123.0,266.0,999.0,203.99506433985545,208.9315065918039,*,114
aca_zero_premium_turnover,data/processed/drake_replication_primary_constructible_only.csv,FPL_200_250_suppressed_flag,bool,6477,full_file,6477,6477,0,2,0.0,0.0,0.0,0.0,1.0,0.01760074108383511,0.13150522804261067,False,6363
aca_zero_premium_turnover,data/processed/drake_replication_primary_constructible_only.csv,FPL_250_300_raw,object,6477,full_file,6477,6477,0,1179,0.0,44.0,88.0,195.0,996.0,159.50454863540938,181.0202943344574,*,236
aca_zero_premium_turnover,data/processed/drake_replication_primary_constructible_only.csv,FPL_250_300_suppressed_flag,bool,6477,full_file,6477,6477,0,2,0.0,0.0,0.0,0.0,1.0,0.03643662189285163,0.18738840913764213,False,6241
aca_zero_premium_turnover,data/processed/drake_replication_primary_constructible_only.csv,FPL_300_400_raw,object,6477,full_file,6477,6477,0,1281,0.0,46.0,96.0,210.0,999.0,172.68315083009537,196.35152711327572,*,258
aca_zero_premium_turnover,data/processed/drake_replication_primary_constructible_only.csv,FPL_300_400_suppressed_flag,bool,6477,full_file,6477,6477,0,2,0.0,0.0,0.0,0.0,1.0,0.03983325613710051,0.19558239628441496,False,6219
aca_zero_premium_turnover,data/processed/drake_replication_primary_constructible_only.csv,FPL_GT400_raw,object,6477,full_file,6477,6477,0,1159,0.0,33.0,73.0,170.0,998.0,148.66281711472928,189.73165878086394,*,726
aca_zero_premium_turnover,data/processed/drake_replication_primary_constructible_only.csv,FPL_GT400_suppressed_flag,bool,6477,full_file,6477,6477,0,2,0.0,0.0,0.0,0.0,1.0,0.11208893006021306,0.31550019033487314,False,5751
aca_zero_premium_turnover,data/processed/drake_replication_primary_constructible_only.csv,FPL_OTHR_raw,object,6477,full_file,6477,6477,0,720,0.0,20.0,47.0,150.0,998.0,127.35957820738138,182.80743054831157,*,3439
aca_zero_premium_turnover,data/processed/drake_replication_primary_constructible_only.csv,FPL_OTHR_suppressed_flag,bool,6477,full_file,6477,6477,0,2,0.0,0.0,1.0,1.0,1.0,0.5309556893623592,0.49907935381313834,True,3439
aca_zero_premium_turnover,data/processed/drake_replication_primary_constructible_only.csv,Avg_Mo_Prem,float64,6477,full_file,6477,6471,6,748,349.0,599.0,667.0,758.0,1530.0,693.3891206923196,145.5111707148184,637.0,39
aca_zero_premium_turnover,data/processed/drake_replication_primary_constructible_only.csv,Avg_Mo_Prem_Aft_APTC,float64,6477,full_file,6477,6471,6,275,9.0,73.0,106.0,147.0,376.0,112.81285736362231,53.169191859074175,76.0,63
aca_zero_premium_turnover,data/processed/drake_replication_primary_constructible_only.csv,Avg_APTC,float64,6477,full_file,6477,5675,802,680,296.0,509.0,587.0,678.0,1427.0,603.3688105726873,132.69599405451623,565.0,30
aca_zero_premium_turnover,data/processed/drake_replication_primary_constructible_only.csv,Consumers_APTC,float64,6477,full_file,6477,5675,802,3386,27.0,595.5,1268.0,3235.0,934017.0,6065.994008810572,29074.742906067015,689.0,9
aca_zero_premium_turnover,data/processed/drake_replication_primary_constructible_only.csv,suppression_or_missing_flag,bool,6477,full_file,6477,6477,0,2,0.0,0.0,0.0,0.0,1.0,0.019916628068550254,0.1397246227206729,False,6348
aca_zero_premium_turnover,data/processed/drake_replication_primary_constructible_only.csv,auto_reenrollment_rate,float64,6477,full_file,6477,6391,86,5885,0.0815709969788519,0.28635042283298096,0.3337226277372263,0.37888543823326426,0.6451612903225806,0.33449547825017006,0.07627472332725063,0.3333333333333333,25
aca_zero_premium_turnover,data/processed/drake_replication_primary_constructible_only.csv,active_reenrollment_rate,float64,6477,full_file,6477,6391,86,5885,0.3548387096774194,0.6211145617667356,0.6662773722627737,0.713649577167019,0.918429003021148,0.6655045217498299,0.07627472332725063,0.6666666666666666,25
aca_zero_premium_turnover,data/processed/drake_replication_primary_constructible_only.csv,active_switch_rate_among_active,float64,6477,full_file,6477,6348,129,5770,0.0951048951048951,0.34076868825666484,0.44617109348051054,0.570179507866075,0.9577384351798972,0.46119708502464457,0.15741244534837434,0.5,22
aca_zero_premium_turnover,data/processed/drake_replication_primary_constructible_only.csv,active_stay_rate_among_active,float64,6477,full_file,6477,6348,129,5770,0.0422615648201028,0.429820492133925,0.5538289065194895,0.659231311743335,0.9048951048951048,0.5388029149753554,0.15741244534837434,0.5,22
aca_zero_premium_turnover,data/processed/drake_replication_primary_constructible_only.csv,new_consumer_share,float64,6477,full_file,6477,6411,66,5934,0.051063829787234,0.19552056977616283,0.2340531149168528,0.2722082635399218,0.7839721254355401,0.23539913314556596,0.058184553748037965,0.25,15
aca_zero_premium_turnover,data/processed/drake_replication_primary_constructible_only.csv,total_reenrollment_share,float64,6477,full_file,6477,6411,66,5934,0.2160278745644599,0.7277917364600781,0.7659468850831472,0.8044794302238372,0.948936170212766,0.7646008668544341,0.058184553748037965,0.75,15
aca_zero_premium_turnover,data/processed/drake_replication_primary_constructible_only.csv,log_Cnsmr,float64,6477,full_file,6477,6471,6,3528,3.044522437723423,6.169610732491456,7.005789019253503,7.986334899443362,13.763771901259751,7.164710344724888,1.45841412769011,5.337538079701318,11
aca_zero_premium_turnover,data/processed/drake_replication_primary_constructible_only.csv,log_Tot_Renrl,float64,6477,full_file,6477,6411,66,3182,2.8903717578961645,5.942799375126701,6.748759547491679,7.727755326290503,13.51589084793945,6.921076778338601,1.427396763299217,5.808142489980444,14
aca_zero_premium_turnover,data/processed/drake_replication_primary_constructible_only.csv,log_Auto_Renrl,float64,6477,full_file,6477,6391,86,1973,2.3978952727983707,4.852030263919617,5.655991810819852,6.6039438246004725,11.75479655607717,5.807454766121038,1.4145060571703463,4.060443010546419,26
aca_zero_premium_turnover,data/processed/drake_replication_primary_constructible_only.csv,log_Actv_Renrl,float64,6477,full_file,6477,6391,86,2684,2.4849066497880004,5.525452939131784,6.3473892096560105,7.337912946802092,13.346434498392746,6.515862495797194,1.4419698070810865,4.68213122712422,19
aca_zero_premium_turnover,data/processed/drake_replication_primary_constructible_only.csv,log_Actv_Renrl_Nsw,float64,6477,full_file,6477,6348,129,1981,2.3978952727983707,4.919980925828125,5.697093486505405,6.654152520183219,12.617619223954206,5.862340432297473,1.3969154429710307,5.010635294096256,22
aca_zero_premium_turnover,data/processed/drake_replication_primary_constructible_only.csv,log_Actv_Renrl_Sw,float64,6477,full_file,6477,6348,129,1971,2.3978952727983707,4.584967478670572,5.545177444479562,6.61338421837956,12.817261117391684,5.698210639941767,1.5585298972427715,3.295836866004329,34
aca_zero_premium_turnover,data/processed/drake_replication_primary_constructible_only.csv,raw_file_name,object,6477,full_file,6477,6477,0,3,,,,,,,,2022-oep-county-level-public-use-file.zip,2159
aca_zero_premium_turnover,data/processed/drake_replication_primary_constructible_only.csv,source_year,int64,6477,full_file,6477,6477,0,3,2022,2022.0,2023.0,2024.0,2024,2023.0,0.8165596186873975,2022,2159
aca_zero_premium_turnover,data/processed/drake_replication_primary_constructible_only.csv,transition,object,6477,full_file,6477,6477,0,3,,,,,,,,2021_to_2022,2159
aca_zero_premium_turnover,data/processed/drake_replication_primary_constructible_only.csv,any_zero_to_positive_turnover,bool,6477,full_file,6477,6477,0,2,0.0,0.0,1.0,1.0,1.0,0.6465956461324688,0.47806380553373745,True,4188
aca_zero_premium_turnover,data/processed/drake_replication_primary_constructible_only.csv,lowest_zero_to_positive_turnover,bool,6477,full_file,6477,6477,0,2,0.0,0.0,0.0,1.0,1.0,0.45036282229427205,0.49756846182960096,False,3560
aca_zero_premium_turnover,data/processed/drake_replication_primary_constructible_only.csv,second_lowest_zero_to_positive_turnover,bool,6477,full_file,6477,6477,0,2,0.0,0.0,1.0,1.0,1.0,0.5868457619268179,0.49243807029450976,True,3801
aca_zero_premium_turnover,data/processed/drake_replication_primary_constructible_only.csv,any_zero_to_positive_turnover_across_issuer,bool,6477,full_file,6477,6477,0,2,0.0,0.0,0.0,0.0,1.0,0.016519993824301374,0.12747388925968117,False,6370
aca_zero_premium_turnover,data/processed/drake_replication_primary_constructible_only.csv,any_zero_to_positive_turnover_within_issuer,bool,6477,full_file,6477,6477,0,2,0.0,0.0,1.0,1.0,1.0,0.6311563995677011,0.48252870034801953,True,4088
aca_zero_premium_turnover,data/processed/drake_replication_primary_constructible_only.csv,any_zero_to_positive_turnover_across_issuer_crosswalk_only,bool,6477,full_file,6477,6477,0,2,0.0,0.0,0.0,0.0,1.0,0.016519993824301374,0.12747388925968117,False,6370
aca_zero_premium_turnover,data/processed/drake_replication_primary_constructible_only.csv,any_zero_to_positive_turnover_across_issuer_plan_panel_only,bool,6477,full_file,6477,6477,0,2,0.0,0.0,0.0,0.0,1.0,0.016519993824301374,0.12747388925968117,False,6370
aca_zero_premium_turnover,data/processed/drake_replication_primary_constructible_only.csv,any_zero_to_positive_turnover_across_issuer_plan_id_prefix,bool,6477,full_file,6477,6477,0,2,0.0,0.0,0.0,0.0,1.0,0.016519993824301374,0.12747388925968117,False,6370
aca_zero_premium_turnover,data/processed/drake_replication_primary_constructible_only.csv,any_zero_to_positive_turnover_within_issuer_crosswalk_only,bool,6477,full_file,6477,6477,0,2,0.0,0.0,1.0,1.0,1.0,0.6311563995677011,0.48252870034801953,True,4088
aca_zero_premium_turnover,data/processed/drake_replication_primary_constructible_only.csv,any_zero_to_positive_turnover_within_issuer_plan_panel_only,bool,6477,full_file,6477,6477,0,2,0.0,0.0,1.0,1.0,1.0,0.6311563995677011,0.48252870034801953,True,4088
aca_zero_premium_turnover,data/processed/drake_replication_primary_constructible_only.csv,any_zero_to_positive_turnover_within_issuer_plan_id_prefix,bool,6477,full_file,6477,6477,0,2,0.0,0.0,1.0,1.0,1.0,0.6311563995677011,0.48252870034801953,True,4088
aca_zero_premium_turnover,data/processed/drake_replication_primary_constructible_only.csv,lowest_zero_to_positive_turnover_across_issuer,bool,6477,full_file,6477,6477,0,2,0.0,0.0,0.0,0.0,1.0,0.014204106839586228,0.11834066241014683,False,6385
aca_zero_premium_turnover,data/processed/drake_replication_primary_constructible_only.csv,second_lowest_zero_to_positive_turnover_across_issuer,bool,6477,full_file,6477,6477,0,2,0.0,0.0,0.0,0.0,1.0,0.016365601358653697,0.1268867771234189,False,6371
aca_zero_premium_turnover,data/processed/drake_replication_primary_constructible_only.csv,lowest_zero_to_positive_turnover_across_issuer_crosswalk_only,bool,6477,full_file,6477,6477,0,2,0.0,0.0,0.0,0.0,1.0,0.014204106839586228,0.11834066241014683,False,6385
aca_zero_premium_turnover,data/processed/drake_replication_primary_constructible_only.csv,second_lowest_zero_to_positive_turnover_across_issuer_crosswalk_only,bool,6477,full_file,6477,6477,0,2,0.0,0.0,0.0,0.0,1.0,0.016365601358653697,0.1268867771234189,False,6371
aca_zero_premium_turnover,data/processed/drake_replication_primary_constructible_only.csv,any_zero_to_positive_turnover_unmapped,bool,6477,full_file,6477,6477,0,1,0.0,0.0,0.0,0.0,0.0,0.0,0.0,False,6477
aca_zero_premium_turnover,data/processed/drake_replication_primary_constructible_only.csv,any_zero_premium_prior_year,bool,6477,full_file,6477,6477,0,2,0.0,1.0,1.0,1.0,1.0,0.8872935000771962,0.31625810188333336,True,5747
aca_zero_premium_turnover,data/processed/drake_replication_primary_constructible_only.csv,any_positive_mapped_current_year,bool,6477,full_file,6477,6477,0,2,0.0,1.0,1.0,1.0,1.0,0.7718079357727343,0.41969946618946175,True,4999
aca_zero_premium_turnover,data/processed/drake_replication_primary_constructible_only.csv,prior_lowest_zero_premium_flag,bool,6477,full_file,6477,6477,0,2,0.0,1.0,1.0,1.0,1.0,0.8815809788482322,0.3231285766057211,True,5710
aca_zero_premium_turnover,data/processed/drake_replication_primary_constructible_only.csv,prior_second_lowest_zero_premium_flag,bool,6477,full_file,6477,6477,0,2,0.0,1.0,1.0,1.0,1.0,0.8588852863980238,0.34816672252239717,True,5563
aca_zero_premium_turnover,data/processed/drake_replication_primary_constructible_only.csv,current_mapped_lowest_positive_premium_flag,bool,6477,full_file,6477,6477,0,2,0.0,0.0,1.0,1.0,1.0,0.556739231125521,0.4968085814569125,True,3606
aca_zero_premium_turnover,data/processed/drake_replication_primary_constructible_only.csv,current_mapped_second_lowest_positive_premium_flag,bool,6477,full_file,6477,6477,0,2,0.0,0.0,1.0,1.0,1.0,0.7244094488188977,0.446845864939865,True,4692
aca_zero_premium_turnover,data/processed/drake_replication_primary_constructible_only.csv,premium_change_lowest,float64,6477,full_file,6477,6477,0,1051,-8.667373999999825,0.0,0.1725529999999366,23.120000000000005,324.51,15.299502736297665,27.089765704401863,0.0,2783
aca_zero_premium_turnover,data/processed/drake_replication_primary_constructible_only.csv,premium_change_second_lowest,float64,6477,full_file,6477,6477,0,1255,-19.69737399999991,0.0,8.370000000000005,33.39999999999998,414.48,23.776365875868457,38.17746475532127,0.0,1758
aca_zero_premium_turnover,data/processed/drake_replication_primary_constructible_only.csv,max_premium_change_among_affected_top_two,float64,6477,full_file,6477,4188,2289,1155,0.0399999999999636,11.04000000000002,28.00999999999999,47.19,414.48,38.67108301026744,42.42513055020839,0.042705000000069,75
aca_zero_premium_turnover,data/processed/drake_replication_primary_constructible_only.csv,mean_premium_change_among_affected_top_two,float64,6477,full_file,6477,4188,2289,1186,0.0399999999999636,9.927499999999997,24.779999999999973,43.74000000000001,369.495,34.51822364135626,37.53138709089032,2.6286880000000394,75
aca_zero_premium_turnover,data/processed/drake_replication_primary_constructible_only.csv,current_mapped_premium_lowest,float64,6477,full_file,6477,6477,0,1021,0.0,0.0,0.4300000000000068,23.245300000000043,324.51,15.511938580206886,27.059191688177485,0.0,2852
aca_zero_premium_turnover,data/processed/drake_replication_primary_constructible_only.csv,current_mapped_premium_second_lowest,float64,6477,full_file,6477,6477,0,1241,0.0,0.0,9.70095600000002,33.39999999999998,414.48,24.476967646286866,37.90730404679183,0.0,1781
aca_zero_premium_turnover,data/processed/drake_replication_primary_constructible_only.csv,prior_premium_lowest,float64,6477,full_file,6477,6477,0,170,0.0,0.0,0.0,0.0,11.669241,0.21243584390921816,0.9587040120066915,0.0,5691
aca_zero_premium_turnover,data/processed/drake_replication_primary_constructible_only.csv,prior_premium_second_lowest,float64,6477,full_file,6477,6477,0,216,0.0,0.0,0.0,0.0,29.275169999999942,0.7006017704184044,2.8522534355241933,0.0,5563
aca_zero_premium_turnover,data/processed/drake_replication_primary_constructible_only.csv,gross_premium_change_lowest,float64,6477,full_file,6477,6477,0,1373,-175.78000000000003,9.579999999999984,28.07,48.88999999999999,293.06000000000006,30.861709124594718,37.70698642464728,14.970000000000027,82
aca_zero_premium_turnover,data/processed/drake_replication_primary_constructible_only.csv,gross_premium_change_second_lowest,float64,6477,full_file,6477,6477,0,1470,-309.80000000000007,9.689999999999998,27.04000000000002,48.79000000000008,305.1400000000001,28.904475837579124,39.800662704158064,16.089999999999918,82
aca_zero_premium_turnover,data/processed/drake_replication_primary_constructible_only.csv,net_premium_proxy_change_lowest,float64,6477,full_file,6477,6477,0,1051,-8.667373999999825,0.0,0.1725529999999366,23.120000000000005,324.51,15.299502736297665,27.089765704401863,0.0,2783
aca_zero_premium_turnover,data/processed/drake_replication_primary_constructible_only.csv,net_premium_proxy_change_second_lowest,float64,6477,full_file,6477,6477,0,1255,-19.69737399999991,0.0,8.370000000000005,33.39999999999998,414.48,23.776365875868457,38.17746475532127,0.0,1758
aca_zero_premium_turnover,data/processed/drake_replication_primary_constructible_only.csv,previous_lowest_plan_id,object,6477,full_file,6477,6477,0,431,,,,,,,,33602TX0460704,229
aca_zero_premium_turnover,data/processed/drake_replication_primary_constructible_only.csv,previous_second_lowest_plan_id,object,6477,full_file,6477,6477,0,544,,,,,,,,50328WV0020021,144
aca_zero_premium_turnover,data/processed/drake_replication_primary_constructible_only.csv,mapped_current_lowest_plan_id,object,6477,full_file,6477,6477,0,406,,,,,,,,25896IA0370003,145
aca_zero_premium_turnover,data/processed/drake_replication_primary_constructible_only.csv,mapped_current_second_lowest_plan_id,object,6477,full_file,6477,6477,0,519,,,,,,,,34368KS0110049,166
aca_zero_premium_turnover,data/processed/drake_replication_primary_constructible_only.csv,previous_lowest_issuer_id,int64,6477,full_file,6477,6477,0,163,10091,32225.0,50328.0,76179.0,99969,53723.21198085533,26095.76093178757,33602,301
aca_zero_premium_turnover,data/processed/drake_replication_primary_constructible_only.csv,previous_second_lowest_issuer_id,int64,6477,full_file,6477,6477,0,166,10091,31195.0,50328.0,76179.0,99969,53847.85101127065,26012.312718172456,29418,266
aca_zero_premium_turnover,data/processed/drake_replication_primary_constructible_only.csv,mapped_current_lowest_issuer_id,float64,6477,full_file,6477,6477,0,160,10091.0,31274.0,46944.0,70893.0,99969.0,52691.90118882198,25838.064053890103,33602.0,301
aca_zero_premium_turnover,data/processed/drake_replication_primary_constructible_only.csv,mapped_current_second_lowest_issuer_id,float64,6477,full_file,6477,6477,0,162,10091.0,31195.0,50305.0,73943.0,99969.0,52895.134167052645,25738.198081390638,29418.0,275
aca_zero_premium_turnover,data/processed/drake_replication_primary_constructible_only.csv,crosswalk_current_lowest_issuer_id,float64,6477,full_file,6477,6477,0,160,10091.0,31274.0,46944.0,70893.0,99969.0,52691.90118882198,25838.064053890103,33602.0,301
aca_zero_premium_turnover,data/processed/drake_replication_primary_constructible_only.csv,crosswalk_current_second_lowest_issuer_id,float64,6477,full_file,6477,6477,0,162,10091.0,31195.0,50305.0,73943.0,99969.0,52895.134167052645,25738.198081390638,29418.0,275
aca_zero_premium_turnover,data/processed/drake_replication_primary_constructible_only.csv,plan_panel_current_lowest_issuer_id,float64,6477,full_file,6477,6477,0,160,10091.0,31274.0,46944.0,70893.0,99969.0,52691.90118882198,25838.064053890103,33602.0,301
aca_zero_premium_turnover,data/processed/drake_replication_primary_constructible_only.csv,plan_panel_current_second_lowest_issuer_id,float64,6477,full_file,6477,6477,0,162,10091.0,31195.0,50305.0,73943.0,99969.0,52895.134167052645,25738.198081390638,29418.0,275
aca_zero_premium_turnover,data/processed/drake_replication_primary_constructible_only.csv,crosswalk_level_lowest,float64,6477,full_file,6477,6477,0,4,0.0,0.0,0.0,0.0,3.0,0.3583449127682569,0.6909010526746338,0.0,4921
aca_zero_premium_turnover,data/processed/drake_replication_primary_constructible_only.csv,crosswalk_level_second_lowest,float64,6477,full_file,6477,6477,0,4,0.0,0.0,0.0,1.0,3.0,0.3577273429056662,0.6435581087182656,0.0,4749
aca_zero_premium_turnover,data/processed/drake_replication_primary_constructible_only.csv,crosswalk_reason_lowest,float64,6477,full_file,6477,6477,0,7,0.0,0.0,0.0,0.0,8.0,0.6898255365138182,1.7509310812993757,0.0,5129
aca_zero_premium_turnover,data/processed/drake_replication_primary_constructible_only.csv,crosswalk_reason_second_lowest,float64,6477,full_file,6477,6477,0,7,0.0,0.0,0.0,0.0,8.0,0.6489115331171839,1.5570093374629947,0.0,4934
aca_zero_premium_turnover,data/processed/drake_replication_primary_constructible_only.csv,same_issuer_lowest,bool,6477,full_file,6477,6477,0,2,0.0,1.0,1.0,1.0,1.0,0.9681951520765787,0.17549374507249532,True,6271
aca_zero_premium_turnover,data/processed/drake_replication_primary_constructible_only.csv,same_issuer_second_lowest,bool,6477,full_file,6477,6477,0,2,0.0,1.0,1.0,1.0,1.0,0.9644897329010345,0.18507991970518772,True,6247
aca_zero_premium_turnover,data/processed/drake_replication_primary_constructible_only.csv,same_issuer_lowest_crosswalk_only,bool,6477,full_file,6477,6477,0,2,0.0,1.0,1.0,1.0,1.0,0.9681951520765787,0.17549374507249532,True,6271
aca_zero_premium_turnover,data/processed/drake_replication_primary_constructible_only.csv,same_issuer_second_lowest_crosswalk_only,bool,6477,full_file,6477,6477,0,2,0.0,1.0,1.0,1.0,1.0,0.9644897329010345,0.18507991970518772,True,6247
aca_zero_premium_turnover,data/processed/drake_replication_primary_constructible_only.csv,same_issuer_lowest_plan_id_prefix,bool,6477,full_file,6477,6477,0,2,0.0,1.0,1.0,1.0,1.0,0.9681951520765787,0.17549374507249532,True,6271
aca_zero_premium_turnover,data/processed/drake_replication_primary_constructible_only.csv,same_issuer_second_lowest_plan_id_prefix,bool,6477,full_file,6477,6477,0,2,0.0,1.0,1.0,1.0,1.0,0.9644897329010345,0.18507991970518772,True,6247
aca_zero_premium_turnover,data/processed/drake_replication_primary_constructible_only.csv,treatment_constructible_flag,bool,6477,full_file,6477,6477,0,1,1.0,1.0,1.0,1.0,1.0,1.0,0.0,True,6477
aca_zero_premium_turnover,data/processed/drake_replication_primary_constructible_only.csv,reason_not_constructible,float64,6477,full_file,6477,0,6477,0,,,,,,,,,
aca_zero_premium_turnover,data/processed/drake_replication_primary_constructible_only.csv,missing_previous_plan_flag,bool,6477,full_file,6477,6477,0,1,0.0,0.0,0.0,0.0,0.0,0.0,0.0,False,6477
aca_zero_premium_turnover,data/processed/drake_replication_primary_constructible_only.csv,missing_crosswalk_flag,bool,6477,full_file,6477,6477,0,1,0.0,0.0,0.0,0.0,0.0,0.0,0.0,False,6477
aca_zero_premium_turnover,data/processed/drake_replication_primary_constructible_only.csv,missing_current_plan_flag,bool,6477,full_file,6477,6477,0,1,0.0,0.0,0.0,0.0,0.0,0.0,0.0,False,6477
aca_zero_premium_turnover,data/processed/drake_replication_primary_constructible_only.csv,missing_premium_flag,bool,6477,full_file,6477,6477,0,1,0.0,0.0,0.0,0.0,0.0,0.0,0.0,False,6477
aca_zero_premium_turnover,data/processed/drake_replication_primary_constructible_only.csv,missing_county_mapping_flag,bool,6477,full_file,6477,6477,0,1,0.0,0.0,0.0,0.0,0.0,0.0,0.0,False,6477
aca_zero_premium_turnover,data/processed/drake_replication_primary_constructible_only.csv,zero_premium_measure_type,object,6477,full_file,6477,6477,0,1,,,,,,,,ehb_adjusted_low_income_proxy,6477
aca_zero_premium_turnover,data/processed/drake_replication_primary_constructible_only.csv,premium_measure_type,object,6477,full_file,6477,6477,0,1,,,,,,,,age_40_individual_premium,6477
aca_zero_premium_turnover,data/processed/drake_replication_primary_constructible_only.csv,has_two_silver_plans,bool,6477,full_file,6477,6477,0,1,1.0,1.0,1.0,1.0,1.0,1.0,0.0,True,6477
aca_zero_premium_turnover,data/processed/drake_replication_primary_constructible_only.csv,lowest_silver_premium,float64,6477,full_file,6477,6477,0,1356,287.63,434.0,491.38,558.45,955.62,505.25596726879735,103.87577449620925,520.12,147
aca_zero_premium_turnover,data/processed/drake_replication_primary_constructible_only.csv,lowest_silver_ehb_premium,float64,6477,full_file,6477,6477,0,1367,287.63,433.84,491.38,558.45,955.62,505.0874746688281,103.74223468279456,520.12,147
aca_zero_premium_turnover,data/processed/drake_replication_primary_constructible_only.csv,lowest_silver_non_ehb_premium,float64,6477,full_file,6477,6477,0,128,0.0,0.0,0.0,0.0,11.669241,0.16849259996912286,0.8700856938508801,0.0,5805
aca_zero_premium_turnover,data/processed/drake_replication_primary_constructible_only.csv,second_lowest_silver_premium,float64,6477,full_file,6477,6477,0,1426,287.72,440.51,501.23,572.17,966.12,515.9104508259996,107.87136214755715,415.54,75
aca_zero_premium_turnover,data/processed/drake_replication_primary_constructible_only.csv,second_lowest_silver_ehb_premium,float64,6477,full_file,6477,6477,0,1432,287.72,439.43,501.23,572.17,966.12,515.4665567193144,107.54185003250119,386.841312,75
aca_zero_premium_turnover,data/processed/drake_replication_primary_constructible_only.csv,second_lowest_silver_non_ehb_premium,float64,6477,full_file,6477,6477,0,209,0.0,0.0,0.0,0.0,17.25236499999994,0.443894106685195,1.6628298592516153,0.0,5559
aca_zero_premium_turnover,data/processed/drake_replication_primary_constructible_only.csv,number_of_plans_tied_lowest,int64,6477,full_file,6477,6477,0,2,1,1.0,1.0,1.0,2,1.0159024239617107,0.1251077672150415,1,6374
aca_zero_premium_turnover,data/processed/drake_replication_primary_constructible_only.csv,number_of_plans_tied_second_lowest,int64,6477,full_file,6477,6477,0,2,1,1.0,1.0,1.0,2,1.0021614945190676,0.046445188222994,1,6463
aca_zero_premium_turnover,data/processed/drake_replication_primary_constructible_only.csv,tie_flag,bool,6477,full_file,6477,6477,0,2,0.0,0.0,0.0,0.0,1.0,0.018063918480778138,0.13319291387544616,False,6360
aca_zero_premium_turnover,data/processed/drake_replication_primary_constructible_only.csv,number_of_silver_plans,int64,6477,full_file,6477,6477,0,83,2,9.0,17.0,26.0,100,19.335186042921105,12.326994932313196,25,407
aca_zero_premium_turnover,data/processed/drake_replication_primary_constructible_only.csv,number_of_insurers,int64,6477,full_file,6477,6477,0,12,1,2.0,3.0,5.0,12,3.6166435077968195,1.6759169509852438,3,1844
aca_zero_premium_turnover,data/processed/drake_replication_primary_constructible_only.csv,min_silver_premium_all_plans,float64,6477,full_file,6477,6477,0,1356,287.63,434.0,491.38,558.45,955.62,505.25596726879735,103.87577449620925,520.12,147
aca_zero_premium_turnover,data/processed/drake_replication_primary_constructible_only.csv,max_silver_premium_all_plans,float64,6477,full_file,6477,6477,0,1130,365.94,588.51,659.43,760.28,1320.71,692.6131604137718,156.56646143653575,597.94,83
aca_zero_premium_turnover,data/processed/drake_replication_primary_constructible_only.csv,premium_spread_among_silver_plans,float64,6477,full_file,6477,6477,0,1142,0.0,1.7000000000000457,5.160000000000025,11.700000000000044,146.64999999999998,10.65448355720241,15.466895204981727,0.0,103
aca_zero_premium_turnover,data/processed/drake_replication_primary_constructible_only.csv,fewer_than_two_silver_plans,bool,6477,full_file,6477,6477,0,1,0.0,0.0,0.0,0.0,0.0,0.0,0.0,False,6477
aca_zero_premium_turnover,data/processed/drake_replication_primary_constructible_only.csv,lowest_bronze_premium,float64,6477,full_file,6477,6477,0,1312,217.51,335.96,374.33,421.43,718.27,386.7214234985333,78.1189896863122,392.64,143
aca_zero_premium_turnover,data/processed/drake_replication_primary_constructible_only.csv,number_of_bronze_plans,int64,6477,full_file,6477,6477,0,75,2,11.0,16.0,23.0,97,18.21784776902887,10.790079749487186,16,439
aca_zero_premium_turnover,data/processed/drake_replication_primary_constructible_only.csv,number_of_bronze_insurers,int64,6477,full_file,6477,6477,0,12,1,2.0,3.0,4.0,12,3.354330708661417,1.5378592156648736,3,2037
aca_zero_premium_turnover,data/processed/drake_replication_primary_constructible_only.csv,bronze_spread,float64,6477,full_file,6477,6477,0,1555,-78.10000000000002,91.78999999999996,128.27000000000004,162.77000000000004,310.79999999999995,129.18902732746642,49.1553613151933,75.75,75
aca_zero_premium_turnover,data/processed/drake_replication_primary_constructible_only.csv,market_control_measure_type,object,6477,full_file,6477,6477,0,1,,,,,,,,age_40_premium_county_year_market_controls,6477
aca_zero_premium_turnover,data/processed/drake_replication_primary_constructible_only.csv,market_control_limitations,object,6477,full_file,6477,6477,0,1,,,,,,,,Number of insurers is based on silver plan issuers in the constructed county-plan panel; bronze spread is SLCSP minus lowest bronze premium.,6477
aca_zero_premium_turnover,data/processed/drake_replication_primary_constructible_only.csv,enrollment_2021_weight,float64,6477,full_file,6477,6471,6,1460,12.0,318.0,709.0,1820.0,509218.0,3500.1024571163653,16963.466277428426,147.0,21
aca_zero_premium_turnover,data/processed/drake_replication_primary_constructible_only.csv,enrollment_2021_weight_raw,object,6477,full_file,6477,6477,0,1461,12.0,206.0,378.0,615.0,997.0,422.250569476082,254.7461093658103,144,21
aca_zero_premium_turnover,data/processed/drake_replication_primary_constructible_only.csv,enrollment_2021_weight_suppressed_flag,bool,6477,full_file,6477,6477,0,2,0.0,0.0,0.0,0.0,1.0,0.0009263547938860583,0.030424325341045697,False,6471
aca_zero_premium_turnover,data/processed/drake_replication_primary_constructible_only.csv,enrollment_2021_weight_source,object,6477,full_file,6477,6477,0,1,,,,,,,,data\raw\oep_puf\2021\2021-oep-county-level-public-use-file.zip,6477
aca_zero_premium_turnover,data/processed/drake_replication_primary_constructible_only.csv,any_zero_to_positive_turnover_nullable_when_not_constructible,bool,6477,full_file,6477,6477,0,2,0.0,0.0,1.0,1.0,1.0,0.6465956461324688,0.47806380553373745,True,4188
aca_zero_premium_turnover,data/processed/drake_replication_primary_constructible_only.csv,any_zero_to_positive_turnover_across_issuer_nullable_when_not_constructible,bool,6477,full_file,6477,6477,0,2,0.0,0.0,0.0,0.0,1.0,0.016519993824301374,0.12747388925968117,False,6370
aca_zero_premium_turnover,data/processed/drake_replication_primary_constructible_only.csv,any_zero_to_positive_turnover_within_issuer_nullable_when_not_constructible,bool,6477,full_file,6477,6477,0,2,0.0,0.0,1.0,1.0,1.0,0.6311563995677011,0.48252870034801953,True,4088
aca_zero_premium_turnover,data/processed/drake_replication_primary_constructible_only.csv,included_primary_sample,bool,6477,full_file,6477,6477,0,1,1.0,1.0,1.0,1.0,1.0,1.0,0.0,True,6477
aca_zero_premium_turnover,data/processed/drake_replication_primary_constructible_only.csv,sample_exclusion_reason,float64,6477,full_file,6477,0,6477,0,,,,,,,,,
aca_zero_premium_turnover,data/processed/drake_replication_primary_constructible_only.csv,continuous_hcgov_2022_2024,bool,6477,full_file,6477,6477,0,1,1.0,1.0,1.0,1.0,1.0,1.0,0.0,True,6477
aca_zero_premium_turnover,data/processed/drake_replication_primary_constructible_only.csv,drake_supplement_etable3_exclusion_reason,float64,6477,full_file,6477,0,6477,0,,,,,,,,,
aca_zero_premium_turnover,data/processed/drake_replication_primary_constructible_only.csv,drake_supplement_etable3_exclusion,bool,6477,full_file,6477,6477,0,1,0.0,0.0,0.0,0.0,0.0,0.0,0.0,False,6477
aca_zero_premium_turnover,data/processed/drake_replication_primary_constructible_only.csv,included_drake_harmonized_sample,bool,6477,full_file,6477,6477,0,1,1.0,1.0,1.0,1.0,1.0,1.0,0.0,True,6477
aca_zero_premium_turnover,data/processed/drake_replication_primary_constructible_only.csv,drake_table2_complete_case_core_flag,bool,6477,full_file,6477,6477,0,2,0.0,1.0,1.0,1.0,1.0,0.999073645206114,0.030424325341045694,True,6471
aca_zero_premium_turnover,data/processed/drake_replication_primary_constructible_only.csv,drake_table2_complete_case_all_outcomes_flag,bool,6477,full_file,6477,6477,0,2,0.0,1.0,1.0,1.0,1.0,0.9800833719314498,0.13972462272067288,True,6348
aca_zero_premium_turnover,data/processed/drake_replication_primary_constructible_only.csv,drake_table2_complete_case_missing_reason,object,6477,full_file,6477,129,6348,4,,,,,,,,missing_or_invalid_Tot_Renrl;missing_or_invalid_Auto_Renrl;missing_or_invalid_Actv_Renrl;missing_or_invalid_Actv_Renrl_Nsw;missing_or_invalid_Actv_Renrl_Sw,60
aca_zero_premium_turnover,data/processed/drake_replication_primary_constructible_only.csv,source_file_references,object,6477,full_file,6477,6477,0,3,,,,,,,,2022-oep-county-level-public-use-file.zip; transition=2021_to_2022,2159
aca_zero_premium_turnover,data/processed/drake_replication_primary_constructible_only.csv,any_zero_to_positive_turnover_bool,bool,6477,full_file,6477,6477,0,2,0.0,0.0,1.0,1.0,1.0,0.6465956461324688,0.47806380553373745,True,4188
aca_zero_premium_turnover,data/processed/drake_replication_primary_constructible_only.csv,lowest_zero_to_positive_turnover_bool,bool,6477,full_file,6477,6477,0,2,0.0,0.0,0.0,1.0,1.0,0.45036282229427205,0.49756846182960096,False,3560
aca_zero_premium_turnover,data/processed/drake_replication_primary_constructible_only.csv,second_lowest_zero_to_positive_turnover_bool,bool,6477,full_file,6477,6477,0,2,0.0,0.0,1.0,1.0,1.0,0.5868457619268179,0.49243807029450976,True,3801
aca_zero_premium_turnover,data/processed/drake_replication_primary_constructible_only.csv,any_zero_to_positive_turnover_across_issuer_bool,bool,6477,full_file,6477,6477,0,2,0.0,0.0,0.0,0.0,1.0,0.016519993824301374,0.12747388925968117,False,6370
aca_zero_premium_turnover,data/processed/drake_replication_primary_constructible_only.csv,lowest_zero_to_positive_turnover_across_issuer_bool,bool,6477,full_file,6477,6477,0,2,0.0,0.0,0.0,0.0,1.0,0.014204106839586228,0.11834066241014683,False,6385
aca_zero_premium_turnover,data/processed/drake_replication_primary_constructible_only.csv,second_lowest_zero_to_positive_turnover_across_issuer_bool,bool,6477,full_file,6477,6477,0,2,0.0,0.0,0.0,0.0,1.0,0.016365601358653697,0.1268867771234189,False,6371
aca_zero_premium_turnover,data/processed/drake_replication_primary_constructible_only.csv,any_zero_to_positive_turnover_across_issuer_crosswalk_only_bool,bool,6477,full_file,6477,6477,0,2,0.0,0.0,0.0,0.0,1.0,0.016519993824301374,0.12747388925968117,False,6370
aca_zero_premium_turnover,data/processed/drake_replication_primary_constructible_only.csv,any_zero_to_positive_turnover_across_issuer_plan_panel_only_bool,bool,6477,full_file,6477,6477,0,2,0.0,0.0,0.0,0.0,1.0,0.016519993824301374,0.12747388925968117,False,6370
aca_zero_premium_turnover,data/processed/drake_replication_primary_constructible_only.csv,any_zero_to_positive_turnover_across_issuer_plan_id_prefix_bool,bool,6477,full_file,6477,6477,0,2,0.0,0.0,0.0,0.0,1.0,0.016519993824301374,0.12747388925968117,False,6370
aca_zero_premium_turnover,data/processed/drake_replication_primary_constructible_only.csv,any_zero_to_positive_turnover_within_issuer_bool,bool,6477,full_file,6477,6477,0,2,0.0,0.0,1.0,1.0,1.0,0.6311563995677011,0.48252870034801953,True,4088
aca_zero_premium_turnover,data/processed/drake_replication_primary_constructible_only.csv,any_zero_to_positive_turnover_within_issuer_crosswalk_only_bool,bool,6477,full_file,6477,6477,0,2,0.0,0.0,1.0,1.0,1.0,0.6311563995677011,0.48252870034801953,True,4088
aca_zero_premium_turnover,data/processed/drake_replication_primary_constructible_only.csv,any_zero_to_positive_turnover_within_issuer_plan_panel_only_bool,bool,6477,full_file,6477,6477,0,2,0.0,0.0,1.0,1.0,1.0,0.6311563995677011,0.48252870034801953,True,4088
aca_zero_premium_turnover,data/processed/drake_replication_primary_constructible_only.csv,any_zero_to_positive_turnover_within_issuer_plan_id_prefix_bool,bool,6477,full_file,6477,6477,0,2,0.0,0.0,1.0,1.0,1.0,0.6311563995677011,0.48252870034801953,True,4088
aca_zero_premium_turnover,data/processed/drake_replication_primary_constructible_only.csv,treatment_constructible_flag_bool,bool,6477,full_file,6477,6477,0,1,1.0,1.0,1.0,1.0,1.0,1.0,0.0,True,6477
aca_zero_premium_turnover,data/processed/drake_replication_primary_constructible_only.csv,drake_table2_complete_case_core_flag_bool,bool,6477,full_file,6477,6477,0,2,0.0,1.0,1.0,1.0,1.0,0.999073645206114,0.030424325341045694,True,6471
aca_zero_premium_turnover,data/processed/drake_replication_primary_constructible_only.csv,drake_table2_complete_case_all_outcomes_flag_bool,bool,6477,full_file,6477,6477,0,2,0.0,1.0,1.0,1.0,1.0,0.9800833719314498,0.13972462272067288,True,6348
aca_zero_premium_turnover,data/processed/drake_replication_primary_constructible_only.csv,included_primary_sample_bool,bool,6477,full_file,6477,6477,0,1,1.0,1.0,1.0,1.0,1.0,1.0,0.0,True,6477
aca_zero_premium_turnover,data/processed/drake_replication_primary_constructible_only.csv,continuous_hcgov_2022_2024_bool,bool,6477,full_file,6477,6477,0,1,1.0,1.0,1.0,1.0,1.0,1.0,0.0,True,6477
aca_zero_premium_turnover,data/processed/drake_replication_primary_constructible_only.csv,suppression_or_missing_flag_bool,bool,6477,full_file,6477,6477,0,2,0.0,0.0,0.0,0.0,1.0,0.019916628068550254,0.1397246227206729,False,6348
aca_zero_premium_turnover,data/processed/drake_replication_primary_constructible_only.csv,missing_previous_plan_flag_bool,bool,6477,full_file,6477,6477,0,1,0.0,0.0,0.0,0.0,0.0,0.0,0.0,False,6477
aca_zero_premium_turnover,data/processed/drake_replication_primary_constructible_only.csv,missing_crosswalk_flag_bool,bool,6477,full_file,6477,6477,0,1,0.0,0.0,0.0,0.0,0.0,0.0,0.0,False,6477
aca_zero_premium_turnover,data/processed/drake_replication_primary_constructible_only.csv,missing_current_plan_flag_bool,bool,6477,full_file,6477,6477,0,1,0.0,0.0,0.0,0.0,0.0,0.0,0.0,False,6477
aca_zero_premium_turnover,data/processed/drake_replication_primary_constructible_only.csv,missing_premium_flag_bool,bool,6477,full_file,6477,6477,0,1,0.0,0.0,0.0,0.0,0.0,0.0,0.0,False,6477
aca_zero_premium_turnover,data/processed/drake_replication_primary_constructible_only.csv,missing_county_mapping_flag_bool,bool,6477,full_file,6477,6477,0,1,0.0,0.0,0.0,0.0,0.0,0.0,0.0,False,6477
aca_zero_premium_turnover,data/processed/drake_replication_primary_constructible_only.csv,any_zero_to_positive_turnover_unmapped_bool,bool,6477,full_file,6477,6477,0,1,0.0,0.0,0.0,0.0,0.0,0.0,0.0,False,6477
aca_zero_premium_turnover,data/processed/drake_replication_primary_constructible_only.csv,overall_reenrollment_share,float64,6477,full_file,6477,6411,66,5934,0.2160278745644599,0.7277917364600781,0.7659468850831472,0.8044794302238372,0.948936170212766,0.7646008668544341,0.058184553748037965,0.75,15
aca_zero_premium_turnover,data/processed/drake_replication_primary_constructible_only.csv,automatic_passive_share,float64,6477,full_file,6477,6391,86,5951,0.0511033681765389,0.2169811320754717,0.2513416815742397,0.28798595258999116,0.5882352941176471,0.25489126387633204,0.05852684272534129,0.25,23
aca_zero_premium_turnover,data/processed/drake_replication_primary_constructible_only.csv,active_share,float64,6477,full_file,6477,6391,86,6026,0.164924506387921,0.463740939621768,0.5061005852593988,0.5549281943680198,0.8275,0.5097755901494609,0.07630072530837208,0.5,33
aca_zero_premium_turnover,data/processed/drake_replication_primary_constructible_only.csv,active_stay_share,float64,6477,full_file,6477,6348,129,6047,0.0267324944307303,0.20388330603183238,0.2727272727272727,0.342264032759611,0.7275,0.276066358267292,0.09644875313664943,0.1666666666666666,10
aca_zero_premium_turnover,data/processed/drake_replication_primary_constructible_only.csv,active_switch_share,float64,6477,full_file,6477,6348,129,6015,0.0446428571428571,0.16983094555825187,0.22337103333630182,0.2869594119375258,0.729381443298969,0.23409831520574692,0.08644979983734438,0.25,13
aca_zero_premium_turnover,data/processed/drake_replication_primary_constructible_only.csv,automatic_passive_share_of_reenrollment,float64,6477,full_file,6477,6391,86,5885,0.0815709969788519,0.28635042283298096,0.3337226277372263,0.37888543823326426,0.6451612903225806,0.33449547825017006,0.07627472332725063,0.3333333333333333,25
aca_zero_premium_turnover,data/processed/drake_replication_primary_constructible_only.csv,active_share_of_reenrollment,float64,6477,full_file,6477,6391,86,5885,0.3548387096774194,0.6211145617667356,0.6662773722627737,0.713649577167019,0.918429003021148,0.6655045217498299,0.07627472332725063,0.6666666666666666,25
aca_zero_premium_turnover,data/processed/drake_replication_primary_constructible_only.csv,active_stay_share_of_reenrollment,float64,6477,full_file,6477,6348,129,5959,0.0337976707010733,0.2766148715526162,0.35978737413163636,0.43582227367318527,0.8150943396226416,0.35779126226943,0.11207435968193906,0.5,17
aca_zero_premium_turnover,data/processed/drake_replication_primary_constructible_only.csv,active_switch_share_of_reenrollment,float64,6477,full_file,6477,6348,129,5920,0.0591304347826086,0.2202254403684312,0.2941176470588235,0.38217722187497427,0.8573634959571182,0.30812393181136205,0.11549528974761133,0.3333333333333333,9
aca_zero_premium_turnover,data/processed/drake_replication_primary_constructible_only.csv,table1_outcome_missing_flag,bool,6477,full_file,6477,6477,0,2,0.0,0.0,0.0,0.0,1.0,0.019916628068550254,0.1397246227206729,False,6348
aca_zero_premium_turnover,data/processed/drake_replication_primary_constructible_only.csv,drake_supplement_exclusion_flag,bool,6477,full_file,6477,6477,0,1,0.0,0.0,0.0,0.0,0.0,0.0,0.0,False,6477
aca_zero_premium_turnover,data/processed/drake_replication_primary_constructible_only.csv,drake_supplement_exclusion_reason,float64,6477,full_file,6477,0,6477,0,,,,,,,,,
aca_zero_premium_turnover,data/processed/drake_replication_primary_drake_harmonized_2022_2024.csv,year,int64,6477,full_file,6477,6477,0,3,2022,2022.0,2023.0,2024.0,2024,2023.0,0.8165596186873975,2022,2159
aca_zero_premium_turnover,data/processed/drake_replication_primary_drake_harmonized_2022_2024.csv,State_Abrvtn,object,6477,full_file,6477,6477,0,29,,,,,,,,TX,762
aca_zero_premium_turnover,data/processed/drake_replication_primary_drake_harmonized_2022_2024.csv,County_FIPS_Cd,int64,6477,full_file,6477,6477,0,2159,1001,18131.0,29161.0,46109.0,56045,30836.663733209818,15267.940582828045,1001,3
aca_zero_premium_turnover,data/processed/drake_replication_primary_drake_harmonized_2022_2024.csv,Cnsmr,float64,6477,full_file,6477,6471,6,3528,21.0,478.0,1103.0,2940.5,949577.0,5724.138463915932,28317.492847531637,208.0,11
aca_zero_premium_turnover,data/processed/drake_replication_primary_drake_harmonized_2022_2024.csv,New_Cnsmr,float64,6477,full_file,6477,6411,66,1942,11.0,106.0,266.0,722.0,208477.0,1434.267976914678,6980.317715096082,48.0,28
aca_zero_premium_turnover,data/processed/drake_replication_primary_drake_harmonized_2022_2024.csv,Tot_Renrl,float64,6477,full_file,6477,6411,66,3182,18.0,381.0,853.0,2270.5,741100.0,4342.764935267509,21565.55186449183,333.0,14
aca_zero_premium_turnover,data/processed/drake_replication_primary_drake_harmonized_2022_2024.csv,Auto_Renrl,float64,6477,full_file,6477,6391,86,1973,11.0,128.0,286.0,738.0,127363.0,1246.1372242215616,4735.957656983527,58.0,26
aca_zero_premium_turnover,data/processed/drake_replication_primary_drake_harmonized_2022_2024.csv,Actv_Renrl,float64,6477,full_file,6477,6391,86,2684,12.0,251.0,571.0,1537.5,625580.0,3109.97465185417,17192.71755883538,108.0,19
aca_zero_premium_turnover,data/processed/drake_replication_primary_drake_harmonized_2022_2024.csv,Actv_Renrl_Nsw,float64,6477,full_file,6477,6348,129,1981,11.0,137.0,298.0,776.0,301830.0,1367.3286074354128,6537.544395750601,150.0,22
aca_zero_premium_turnover,data/processed/drake_replication_primary_drake_harmonized_2022_2024.csv,Actv_Renrl_Sw,float64,6477,full_file,6477,6348,129,1971,11.0,98.0,256.0,745.0,368524.0,1763.3539697542533,11169.874328050071,27.0,34
aca_zero_premium_turnover,data/processed/drake_replication_primary_drake_harmonized_2022_2024.csv,Avg_Prm,float64,6477,full_file,6477,6471,6,748,349.0,599.0,667.0,758.0,1530.0,693.3891206923196,145.5111707148184,637.0,39
aca_zero_premium_turnover,data/processed/drake_replication_primary_drake_harmonized_2022_2024.csv,Avg_Prm_Aftr_APTC,float64,6477,full_file,6477,6471,6,275,9.0,73.0,106.0,147.0,376.0,112.81285736362231,53.169191859074175,76.0,63
aca_zero_premium_turnover,data/processed/drake_replication_primary_drake_harmonized_2022_2024.csv,APTC_Cnsmr_Avg_APTC,float64,6477,full_file,6477,5675,802,680,296.0,509.0,587.0,678.0,1427.0,603.3688105726873,132.69599405451623,565.0,30
aca_zero_premium_turnover,data/processed/drake_replication_primary_drake_harmonized_2022_2024.csv,APTC_Cnsmr,float64,6477,full_file,6477,5675,802,3386,27.0,595.5,1268.0,3235.0,934017.0,6065.994008810572,29074.742906067015,689.0,9
aca_zero_premium_turnover,data/processed/drake_replication_primary_drake_harmonized_2022_2024.csv,FPL_LT100,float64,6477,full_file,6477,2970,3507,474,0.0,12.0,26.0,74.0,28873.0,168.7047138047138,957.6740955576298,0.0,630
aca_zero_premium_turnover,data/processed/drake_replication_primary_drake_harmonized_2022_2024.csv,FPL_100_138,float64,6477,full_file,6477,5550,927,1973,0.0,68.0,260.0,926.25,564034.0,2433.493873873874,16226.574842403112,12.0,60
aca_zero_premium_turnover,data/processed/drake_replication_primary_drake_harmonized_2022_2024.csv,FPL_100_150,float64,6477,full_file,6477,6327,150,2352,0.0,114.0,379.0,1153.5,696916.0,2824.525367472736,18517.36042731299,38.0,25
aca_zero_premium_turnover,data/processed/drake_replication_primary_drake_harmonized_2022_2024.csv,FPL_150_200,float64,6477,full_file,6477,6430,47,1709,0.0,94.0,209.0,540.75,116334.0,961.6231726283048,4100.291591783356,71.0,33
aca_zero_premium_turnover,data/processed/drake_replication_primary_drake_harmonized_2022_2024.csv,FPL_200_250,float64,6477,full_file,6477,6363,114,1459,0.0,69.0,145.0,384.5,56371.0,637.1257268584001,2327.1967822165684,40.0,44
aca_zero_premium_turnover,data/processed/drake_replication_primary_drake_harmonized_2022_2024.csv,FPL_250_300,float64,6477,full_file,6477,6241,236,1178,0.0,48.0,100.0,268.0,25035.0,409.53420926133634,1316.3224137522411,27.0,58
aca_zero_premium_turnover,data/processed/drake_replication_primary_drake_harmonized_2022_2024.csv,FPL_300_400,float64,6477,full_file,6477,6219,258,1280,0.0,50.0,109.0,288.0,19668.0,434.4875381894195,1252.2633515895743,16.0,51
aca_zero_premium_turnover,data/processed/drake_replication_primary_drake_harmonized_2022_2024.csv,FPL_GT400,float64,6477,full_file,6477,5751,726,1158,0.0,36.0,85.0,236.0,19810.0,384.47261345852894,1142.452235853372,11.0,70
aca_zero_premium_turnover,data/processed/drake_replication_primary_drake_harmonized_2022_2024.csv,FPL_OTHR,float64,6477,full_file,6477,3038,3439,719,0.0,21.0,53.0,201.75,13395.0,281.3252139565504,784.9411934728653,0.0,184
aca_zero_premium_turnover,data/processed/drake_replication_primary_drake_harmonized_2022_2024.csv,state,object,6477,full_file,6477,6477,0,29,,,,,,,,TX,762
aca_zero_premium_turnover,data/processed/drake_replication_primary_drake_harmonized_2022_2024.csv,county_fips,int64,6477,full_file,6477,6477,0,2159,1001,18131.0,29161.0,46109.0,56045,30836.663733209818,15267.940582828045,1001,3
aca_zero_premium_turnover,data/processed/drake_replication_primary_drake_harmonized_2022_2024.csv,county_name,float64,6477,full_file,6477,0,6477,0,,,,,,,,,
aca_zero_premium_turnover,data/processed/drake_replication_primary_drake_harmonized_2022_2024.csv,Cnsmr_raw,object,6477,full_file,6477,6477,0,3529,21.0,258.0,449.0,676.25,998.0,476.71651193633954,258.71038676122856,208,11
aca_zero_premium_turnover,data/processed/drake_replication_primary_drake_harmonized_2022_2024.csv,Cnsmr_suppressed_flag,bool,6477,full_file,6477,6477,0,2,0.0,0.0,0.0,0.0,1.0,0.0009263547938860583,0.030424325341045697,False,6471
aca_zero_premium_turnover,data/processed/drake_replication_primary_drake_harmonized_2022_2024.csv,New_Cnsmr_raw,object,6477,full_file,6477,6477,0,1943,11.0,86.0,189.0,390.0,998.0,271.0557915057915,237.02169970645065,*,66
aca_zero_premium_turnover,data/processed/drake_replication_primary_drake_harmonized_2022_2024.csv,New_Cnsmr_suppressed_flag,bool,6477,full_file,6477,6477,0,2,0.0,0.0,0.0,0.0,1.0,0.010189902732746642,0.10043717473378597,False,6411
aca_zero_premium_turnover,data/processed/drake_replication_primary_drake_harmonized_2022_2024.csv,Tot_Renrl_raw,object,6477,full_file,6477,6477,0,3183,18.0,235.0,413.0,651.75,999.0,452.6860465116279,256.17267085262966,*,66
aca_zero_premium_turnover,data/processed/drake_replication_primary_drake_harmonized_2022_2024.csv,Tot_Renrl_suppressed_flag,bool,6477,full_file,6477,6477,0,2,0.0,0.0,0.0,0.0,1.0,0.010189902732746642,0.10043717473378597,False,6411
aca_zero_premium_turnover,data/processed/drake_replication_primary_drake_harmonized_2022_2024.csv,Auto_Renrl_raw,object,6477,full_file,6477,6477,0,1974,11.0,105.25,211.0,406.0,999.0,285.35107212475634,233.68885580108366,*,86
aca_zero_premium_turnover,data/processed/drake_replication_primary_drake_harmonized_2022_2024.csv,Auto_Renrl_suppressed_flag,bool,6477,full_file,6477,6477,0,2,0.0,0.0,0.0,0.0,1.0,0.01327775204570017,0.11447041724544724,False,6391
aca_zero_premium_turnover,data/processed/drake_replication_primary_drake_harmonized_2022_2024.csv,Actv_Renrl_raw,object,6477,full_file,6477,6477,0,2685,12.0,173.0,321.0,552.0,999.0,381.8857006217121,249.91258235558243,*,86
aca_zero_premium_turnover,data/processed/drake_replication_primary_drake_harmonized_2022_2024.csv,Actv_Renrl_suppressed_flag,bool,6477,full_file,6477,6477,0,2,0.0,0.0,0.0,0.0,1.0,0.01327775204570017,0.11447041724544724,False,6391
aca_zero_premium_turnover,data/processed/drake_replication_primary_drake_harmonized_2022_2024.csv,Actv_Renrl_Nsw_raw,object,6477,full_file,6477,6477,0,1982,11.0,111.0,216.0,406.0,999.0,289.7633194692018,231.51990573712848,*,129
aca_zero_premium_turnover,data/processed/drake_replication_primary_drake_harmonized_2022_2024.csv,Actv_Renrl_Nsw_suppressed_flag,bool,6477,full_file,6477,6477,0,2,0.0,0.0,0.0,0.0,1.0,0.019916628068550254,0.1397246227206729,False,6348
aca_zero_premium_turnover,data/processed/drake_replication_primary_drake_harmonized_2022_2024.csv,Actv_Renrl_Sw_raw,object,6477,full_file,6477,6477,0,1972,11.0,78.0,175.5,376.0,999.0,262.07762017336483,237.94054786595137,*,129
aca_zero_premium_turnover,data/processed/drake_replication_primary_drake_harmonized_2022_2024.csv,Actv_Renrl_Sw_suppressed_flag,bool,6477,full_file,6477,6477,0,2,0.0,0.0,0.0,0.0,1.0,0.019916628068550254,0.1397246227206729,False,6348
aca_zero_premium_turnover,data/processed/drake_replication_primary_drake_harmonized_2022_2024.csv,Avg_Prm_raw,object,6477,full_file,6477,6477,0,749,,,,,,,,$637,39
aca_zero_premium_turnover,data/processed/drake_replication_primary_drake_harmonized_2022_2024.csv,Avg_Prm_suppressed_flag,bool,6477,full_file,6477,6477,0,2,0.0,0.0,0.0,0.0,1.0,0.0009263547938860583,0.030424325341045697,False,6471
aca_zero_premium_turnover,data/processed/drake_replication_primary_drake_harmonized_2022_2024.csv,Avg_Prm_Aftr_APTC_raw,object,6477,full_file,6477,6477,0,276,,,,,,,,$76,63
aca_zero_premium_turnover,data/processed/drake_replication_primary_drake_harmonized_2022_2024.csv,Avg_Prm_Aftr_APTC_suppressed_flag,bool,6477,full_file,6477,6477,0,2,0.0,0.0,0.0,0.0,1.0,0.0009263547938860583,0.030424325341045697,False,6471
aca_zero_premium_turnover,data/processed/drake_replication_primary_drake_harmonized_2022_2024.csv,APTC_Cnsmr_Avg_APTC_raw,object,6477,full_file,6477,6477,0,681,,,,,,,,*,802
aca_zero_premium_turnover,data/processed/drake_replication_primary_drake_harmonized_2022_2024.csv,APTC_Cnsmr_Avg_APTC_suppressed_flag,bool,6477,full_file,6477,6477,0,2,0.0,0.0,0.0,0.0,1.0,0.12382275744943647,0.3294046674190767,False,5675
aca_zero_premium_turnover,data/processed/drake_replication_primary_drake_harmonized_2022_2024.csv,APTC_Cnsmr_raw,object,6477,full_file,6477,6477,0,3387,27.0,356.25,526.0,749.0,999.0,549.1938178780284,239.73718901040615,*,802
aca_zero_premium_turnover,data/processed/drake_replication_primary_drake_harmonized_2022_2024.csv,APTC_Cnsmr_suppressed_flag,bool,6477,full_file,6477,6477,0,2,0.0,0.0,0.0,0.0,1.0,0.12382275744943647,0.3294046674190767,False,5675
aca_zero_premium_turnover,data/processed/drake_replication_primary_drake_harmonized_2022_2024.csv,FPL_LT100_raw,object,6477,full_file,6477,6477,0,475,0.0,11.0,24.0,65.0,987.0,70.12083333333334,128.56560563816714,*,3507
aca_zero_premium_turnover,data/processed/drake_replication_primary_drake_harmonized_2022_2024.csv,FPL_LT100_suppressed_flag,bool,6477,full_file,6477,6477,0,2,0.0,0.0,1.0,1.0,1.0,0.5414543770264011,0.49831704099184465,True,3507
aca_zero_premium_turnover,data/processed/drake_replication_primary_drake_harmonized_2022_2024.csv,FPL_100_138_raw,object,6477,full_file,6477,6477,0,1974,0.0,45.0,138.0,367.0,998.0,240.0694542877392,248.38701945160278,*,927
aca_zero_premium_turnover,data/processed/drake_replication_primary_drake_harmonized_2022_2024.csv,FPL_100_138_suppressed_flag,bool,6477,full_file,6477,6477,0,2,0.0,0.0,0.0,0.0,1.0,0.14312181565539603,0.3502240694754423,False,5550
aca_zero_premium_turnover,data/processed/drake_replication_primary_drake_harmonized_2022_2024.csv,FPL_100_150_raw,object,6477,full_file,6477,6477,0,2353,0.0,79.0,197.0,447.0,998.0,291.2274518388792,259.650484566572,*,150
aca_zero_premium_turnover,data/processed/drake_replication_primary_drake_harmonized_2022_2024.csv,FPL_100_150_suppressed_flag,bool,6477,full_file,6477,6477,0,2,0.0,0.0,0.0,0.0,1.0,0.02315886984715146,0.15041951297320313,False,6327
aca_zero_premium_turnover,data/processed/drake_replication_primary_drake_harmonized_2022_2024.csv,FPL_150_200_raw,object,6477,full_file,6477,6477,0,1710,0.0,82.0,167.0,334.0,999.0,245.05378704720087,222.1032466763865,*,47
aca_zero_premium_turnover,data/processed/drake_replication_primary_drake_harmonized_2022_2024.csv,FPL_150_200_suppressed_flag,bool,6477,full_file,6477,6477,0,2,0.0,0.0,0.0,0.0,1.0,0.00725644588544079,0.08488169567802774,False,6430
aca_zero_premium_turnover,data/processed/drake_replication_primary_drake_harmonized_2022_2024.csv,FPL_200_250_raw,object,6477,full_file,6477,6477,0,1460,0.0,63.0,123.0,266.0,999.0,203.99506433985545,208.9315065918039,*,114
aca_zero_premium_turnover,data/processed/drake_replication_primary_drake_harmonized_2022_2024.csv,FPL_200_250_suppressed_flag,bool,6477,full_file,6477,6477,0,2,0.0,0.0,0.0,0.0,1.0,0.01760074108383511,0.13150522804261067,False,6363
aca_zero_premium_turnover,data/processed/drake_replication_primary_drake_harmonized_2022_2024.csv,FPL_250_300_raw,object,6477,full_file,6477,6477,0,1179,0.0,44.0,88.0,195.0,996.0,159.50454863540938,181.0202943344574,*,236
aca_zero_premium_turnover,data/processed/drake_replication_primary_drake_harmonized_2022_2024.csv,FPL_250_300_suppressed_flag,bool,6477,full_file,6477,6477,0,2,0.0,0.0,0.0,0.0,1.0,0.03643662189285163,0.18738840913764213,False,6241
aca_zero_premium_turnover,data/processed/drake_replication_primary_drake_harmonized_2022_2024.csv,FPL_300_400_raw,object,6477,full_file,6477,6477,0,1281,0.0,46.0,96.0,210.0,999.0,172.68315083009537,196.35152711327572,*,258
aca_zero_premium_turnover,data/processed/drake_replication_primary_drake_harmonized_2022_2024.csv,FPL_300_400_suppressed_flag,bool,6477,full_file,6477,6477,0,2,0.0,0.0,0.0,0.0,1.0,0.03983325613710051,0.19558239628441496,False,6219
aca_zero_premium_turnover,data/processed/drake_replication_primary_drake_harmonized_2022_2024.csv,FPL_GT400_raw,object,6477,full_file,6477,6477,0,1159,0.0,33.0,73.0,170.0,998.0,148.66281711472928,189.73165878086394,*,726
aca_zero_premium_turnover,data/processed/drake_replication_primary_drake_harmonized_2022_2024.csv,FPL_GT400_suppressed_flag,bool,6477,full_file,6477,6477,0,2,0.0,0.0,0.0,0.0,1.0,0.11208893006021306,0.31550019033487314,False,5751
aca_zero_premium_turnover,data/processed/drake_replication_primary_drake_harmonized_2022_2024.csv,FPL_OTHR_raw,object,6477,full_file,6477,6477,0,720,0.0,20.0,47.0,150.0,998.0,127.35957820738138,182.80743054831157,*,3439
aca_zero_premium_turnover,data/processed/drake_replication_primary_drake_harmonized_2022_2024.csv,FPL_OTHR_suppressed_flag,bool,6477,full_file,6477,6477,0,2,0.0,0.0,1.0,1.0,1.0,0.5309556893623592,0.49907935381313834,True,3439
aca_zero_premium_turnover,data/processed/drake_replication_primary_drake_harmonized_2022_2024.csv,Avg_Mo_Prem,float64,6477,full_file,6477,6471,6,748,349.0,599.0,667.0,758.0,1530.0,693.3891206923196,145.5111707148184,637.0,39
aca_zero_premium_turnover,data/processed/drake_replication_primary_drake_harmonized_2022_2024.csv,Avg_Mo_Prem_Aft_APTC,float64,6477,full_file,6477,6471,6,275,9.0,73.0,106.0,147.0,376.0,112.81285736362231,53.169191859074175,76.0,63
aca_zero_premium_turnover,data/processed/drake_replication_primary_drake_harmonized_2022_2024.csv,Avg_APTC,float64,6477,full_file,6477,5675,802,680,296.0,509.0,587.0,678.0,1427.0,603.3688105726873,132.69599405451623,565.0,30
aca_zero_premium_turnover,data/processed/drake_replication_primary_drake_harmonized_2022_2024.csv,Consumers_APTC,float64,6477,full_file,6477,5675,802,3386,27.0,595.5,1268.0,3235.0,934017.0,6065.994008810572,29074.742906067015,689.0,9
aca_zero_premium_turnover,data/processed/drake_replication_primary_drake_harmonized_2022_2024.csv,suppression_or_missing_flag,bool,6477,full_file,6477,6477,0,2,0.0,0.0,0.0,0.0,1.0,0.019916628068550254,0.1397246227206729,False,6348
aca_zero_premium_turnover,data/processed/drake_replication_primary_drake_harmonized_2022_2024.csv,auto_reenrollment_rate,float64,6477,full_file,6477,6391,86,5885,0.0815709969788519,0.28635042283298096,0.3337226277372263,0.37888543823326426,0.6451612903225806,0.33449547825017006,0.07627472332725063,0.3333333333333333,25
aca_zero_premium_turnover,data/processed/drake_replication_primary_drake_harmonized_2022_2024.csv,active_reenrollment_rate,float64,6477,full_file,6477,6391,86,5885,0.3548387096774194,0.6211145617667356,0.6662773722627737,0.713649577167019,0.918429003021148,0.6655045217498299,0.07627472332725063,0.6666666666666666,25
aca_zero_premium_turnover,data/processed/drake_replication_primary_drake_harmonized_2022_2024.csv,active_switch_rate_among_active,float64,6477,full_file,6477,6348,129,5770,0.0951048951048951,0.34076868825666484,0.44617109348051054,0.570179507866075,0.9577384351798972,0.46119708502464457,0.15741244534837434,0.5,22
aca_zero_premium_turnover,data/processed/drake_replication_primary_drake_harmonized_2022_2024.csv,active_stay_rate_among_active,float64,6477,full_file,6477,6348,129,5770,0.0422615648201028,0.429820492133925,0.5538289065194895,0.659231311743335,0.9048951048951048,0.5388029149753554,0.15741244534837434,0.5,22
aca_zero_premium_turnover,data/processed/drake_replication_primary_drake_harmonized_2022_2024.csv,new_consumer_share,float64,6477,full_file,6477,6411,66,5934,0.051063829787234,0.19552056977616283,0.2340531149168528,0.2722082635399218,0.7839721254355401,0.23539913314556596,0.058184553748037965,0.25,15
aca_zero_premium_turnover,data/processed/drake_replication_primary_drake_harmonized_2022_2024.csv,total_reenrollment_share,float64,6477,full_file,6477,6411,66,5934,0.2160278745644599,0.7277917364600781,0.7659468850831472,0.8044794302238372,0.948936170212766,0.7646008668544341,0.058184553748037965,0.75,15
aca_zero_premium_turnover,data/processed/drake_replication_primary_drake_harmonized_2022_2024.csv,log_Cnsmr,float64,6477,full_file,6477,6471,6,3528,3.044522437723423,6.169610732491456,7.005789019253503,7.986334899443362,13.763771901259751,7.164710344724888,1.45841412769011,5.337538079701318,11
aca_zero_premium_turnover,data/processed/drake_replication_primary_drake_harmonized_2022_2024.csv,log_Tot_Renrl,float64,6477,full_file,6477,6411,66,3182,2.8903717578961645,5.942799375126701,6.748759547491679,7.727755326290503,13.51589084793945,6.921076778338601,1.427396763299217,5.808142489980444,14
aca_zero_premium_turnover,data/processed/drake_replication_primary_drake_harmonized_2022_2024.csv,log_Auto_Renrl,float64,6477,full_file,6477,6391,86,1973,2.3978952727983707,4.852030263919617,5.655991810819852,6.6039438246004725,11.75479655607717,5.807454766121038,1.4145060571703463,4.060443010546419,26
aca_zero_premium_turnover,data/processed/drake_replication_primary_drake_harmonized_2022_2024.csv,log_Actv_Renrl,float64,6477,full_file,6477,6391,86,2684,2.4849066497880004,5.525452939131784,6.3473892096560105,7.337912946802092,13.346434498392746,6.515862495797194,1.4419698070810865,4.68213122712422,19
aca_zero_premium_turnover,data/processed/drake_replication_primary_drake_harmonized_2022_2024.csv,log_Actv_Renrl_Nsw,float64,6477,full_file,6477,6348,129,1981,2.3978952727983707,4.919980925828125,5.697093486505405,6.654152520183219,12.617619223954206,5.862340432297473,1.3969154429710307,5.010635294096256,22
aca_zero_premium_turnover,data/processed/drake_replication_primary_drake_harmonized_2022_2024.csv,log_Actv_Renrl_Sw,float64,6477,full_file,6477,6348,129,1971,2.3978952727983707,4.584967478670572,5.545177444479562,6.61338421837956,12.817261117391684,5.698210639941767,1.5585298972427715,3.295836866004329,34
aca_zero_premium_turnover,data/processed/drake_replication_primary_drake_harmonized_2022_2024.csv,raw_file_name,object,6477,full_file,6477,6477,0,3,,,,,,,,2022-oep-county-level-public-use-file.zip,2159
aca_zero_premium_turnover,data/processed/drake_replication_primary_drake_harmonized_2022_2024.csv,source_year,int64,6477,full_file,6477,6477,0,3,2022,2022.0,2023.0,2024.0,2024,2023.0,0.8165596186873975,2022,2159
aca_zero_premium_turnover,data/processed/drake_replication_primary_drake_harmonized_2022_2024.csv,transition,object,6477,full_file,6477,6477,0,3,,,,,,,,2021_to_2022,2159
aca_zero_premium_turnover,data/processed/drake_replication_primary_drake_harmonized_2022_2024.csv,any_zero_to_positive_turnover,bool,6477,full_file,6477,6477,0,2,0.0,0.0,1.0,1.0,1.0,0.6465956461324688,0.47806380553373745,True,4188
aca_zero_premium_turnover,data/processed/drake_replication_primary_drake_harmonized_2022_2024.csv,lowest_zero_to_positive_turnover,bool,6477,full_file,6477,6477,0,2,0.0,0.0,0.0,1.0,1.0,0.45036282229427205,0.49756846182960096,False,3560
aca_zero_premium_turnover,data/processed/drake_replication_primary_drake_harmonized_2022_2024.csv,second_lowest_zero_to_positive_turnover,bool,6477,full_file,6477,6477,0,2,0.0,0.0,1.0,1.0,1.0,0.5868457619268179,0.49243807029450976,True,3801
aca_zero_premium_turnover,data/processed/drake_replication_primary_drake_harmonized_2022_2024.csv,any_zero_to_positive_turnover_across_issuer,bool,6477,full_file,6477,6477,0,2,0.0,0.0,0.0,0.0,1.0,0.016519993824301374,0.12747388925968117,False,6370
aca_zero_premium_turnover,data/processed/drake_replication_primary_drake_harmonized_2022_2024.csv,any_zero_to_positive_turnover_within_issuer,bool,6477,full_file,6477,6477,0,2,0.0,0.0,1.0,1.0,1.0,0.6311563995677011,0.48252870034801953,True,4088
aca_zero_premium_turnover,data/processed/drake_replication_primary_drake_harmonized_2022_2024.csv,any_zero_to_positive_turnover_across_issuer_crosswalk_only,bool,6477,full_file,6477,6477,0,2,0.0,0.0,0.0,0.0,1.0,0.016519993824301374,0.12747388925968117,False,6370
aca_zero_premium_turnover,data/processed/drake_replication_primary_drake_harmonized_2022_2024.csv,any_zero_to_positive_turnover_across_issuer_plan_panel_only,bool,6477,full_file,6477,6477,0,2,0.0,0.0,0.0,0.0,1.0,0.016519993824301374,0.12747388925968117,False,6370
aca_zero_premium_turnover,data/processed/drake_replication_primary_drake_harmonized_2022_2024.csv,any_zero_to_positive_turnover_across_issuer_plan_id_prefix,bool,6477,full_file,6477,6477,0,2,0.0,0.0,0.0,0.0,1.0,0.016519993824301374,0.12747388925968117,False,6370
aca_zero_premium_turnover,data/processed/drake_replication_primary_drake_harmonized_2022_2024.csv,any_zero_to_positive_turnover_within_issuer_crosswalk_only,bool,6477,full_file,6477,6477,0,2,0.0,0.0,1.0,1.0,1.0,0.6311563995677011,0.48252870034801953,True,4088
aca_zero_premium_turnover,data/processed/drake_replication_primary_drake_harmonized_2022_2024.csv,any_zero_to_positive_turnover_within_issuer_plan_panel_only,bool,6477,full_file,6477,6477,0,2,0.0,0.0,1.0,1.0,1.0,0.6311563995677011,0.48252870034801953,True,4088
aca_zero_premium_turnover,data/processed/drake_replication_primary_drake_harmonized_2022_2024.csv,any_zero_to_positive_turnover_within_issuer_plan_id_prefix,bool,6477,full_file,6477,6477,0,2,0.0,0.0,1.0,1.0,1.0,0.6311563995677011,0.48252870034801953,True,4088
aca_zero_premium_turnover,data/processed/drake_replication_primary_drake_harmonized_2022_2024.csv,lowest_zero_to_positive_turnover_across_issuer,bool,6477,full_file,6477,6477,0,2,0.0,0.0,0.0,0.0,1.0,0.014204106839586228,0.11834066241014683,False,6385
aca_zero_premium_turnover,data/processed/drake_replication_primary_drake_harmonized_2022_2024.csv,second_lowest_zero_to_positive_turnover_across_issuer,bool,6477,full_file,6477,6477,0,2,0.0,0.0,0.0,0.0,1.0,0.016365601358653697,0.1268867771234189,False,6371
aca_zero_premium_turnover,data/processed/drake_replication_primary_drake_harmonized_2022_2024.csv,lowest_zero_to_positive_turnover_across_issuer_crosswalk_only,bool,6477,full_file,6477,6477,0,2,0.0,0.0,0.0,0.0,1.0,0.014204106839586228,0.11834066241014683,False,6385
aca_zero_premium_turnover,data/processed/drake_replication_primary_drake_harmonized_2022_2024.csv,second_lowest_zero_to_positive_turnover_across_issuer_crosswalk_only,bool,6477,full_file,6477,6477,0,2,0.0,0.0,0.0,0.0,1.0,0.016365601358653697,0.1268867771234189,False,6371
aca_zero_premium_turnover,data/processed/drake_replication_primary_drake_harmonized_2022_2024.csv,any_zero_to_positive_turnover_unmapped,bool,6477,full_file,6477,6477,0,1,0.0,0.0,0.0,0.0,0.0,0.0,0.0,False,6477
aca_zero_premium_turnover,data/processed/drake_replication_primary_drake_harmonized_2022_2024.csv,any_zero_premium_prior_year,bool,6477,full_file,6477,6477,0,2,0.0,1.0,1.0,1.0,1.0,0.8872935000771962,0.31625810188333336,True,5747
aca_zero_premium_turnover,data/processed/drake_replication_primary_drake_harmonized_2022_2024.csv,any_positive_mapped_current_year,bool,6477,full_file,6477,6477,0,2,0.0,1.0,1.0,1.0,1.0,0.7718079357727343,0.41969946618946175,True,4999
aca_zero_premium_turnover,data/processed/drake_replication_primary_drake_harmonized_2022_2024.csv,prior_lowest_zero_premium_flag,bool,6477,full_file,6477,6477,0,2,0.0,1.0,1.0,1.0,1.0,0.8815809788482322,0.3231285766057211,True,5710
aca_zero_premium_turnover,data/processed/drake_replication_primary_drake_harmonized_2022_2024.csv,prior_second_lowest_zero_premium_flag,bool,6477,full_file,6477,6477,0,2,0.0,1.0,1.0,1.0,1.0,0.8588852863980238,0.34816672252239717,True,5563
aca_zero_premium_turnover,data/processed/drake_replication_primary_drake_harmonized_2022_2024.csv,current_mapped_lowest_positive_premium_flag,bool,6477,full_file,6477,6477,0,2,0.0,0.0,1.0,1.0,1.0,0.556739231125521,0.4968085814569125,True,3606
aca_zero_premium_turnover,data/processed/drake_replication_primary_drake_harmonized_2022_2024.csv,current_mapped_second_lowest_positive_premium_flag,bool,6477,full_file,6477,6477,0,2,0.0,0.0,1.0,1.0,1.0,0.7244094488188977,0.446845864939865,True,4692
aca_zero_premium_turnover,data/processed/drake_replication_primary_drake_harmonized_2022_2024.csv,premium_change_lowest,float64,6477,full_file,6477,6477,0,1051,-8.667373999999825,0.0,0.1725529999999366,23.120000000000005,324.51,15.299502736297665,27.089765704401863,0.0,2783
aca_zero_premium_turnover,data/processed/drake_replication_primary_drake_harmonized_2022_2024.csv,premium_change_second_lowest,float64,6477,full_file,6477,6477,0,1255,-19.69737399999991,0.0,8.370000000000005,33.39999999999998,414.48,23.776365875868457,38.17746475532127,0.0,1758
aca_zero_premium_turnover,data/processed/drake_replication_primary_drake_harmonized_2022_2024.csv,max_premium_change_among_affected_top_two,float64,6477,full_file,6477,4188,2289,1155,0.0399999999999636,11.04000000000002,28.00999999999999,47.19,414.48,38.67108301026744,42.42513055020839,0.042705000000069,75
aca_zero_premium_turnover,data/processed/drake_replication_primary_drake_harmonized_2022_2024.csv,mean_premium_change_among_affected_top_two,float64,6477,full_file,6477,4188,2289,1186,0.0399999999999636,9.927499999999997,24.779999999999973,43.74000000000001,369.495,34.51822364135626,37.53138709089032,2.6286880000000394,75
aca_zero_premium_turnover,data/processed/drake_replication_primary_drake_harmonized_2022_2024.csv,current_mapped_premium_lowest,float64,6477,full_file,6477,6477,0,1021,0.0,0.0,0.4300000000000068,23.245300000000043,324.51,15.511938580206886,27.059191688177485,0.0,2852
aca_zero_premium_turnover,data/processed/drake_replication_primary_drake_harmonized_2022_2024.csv,current_mapped_premium_second_lowest,float64,6477,full_file,6477,6477,0,1241,0.0,0.0,9.70095600000002,33.39999999999998,414.48,24.476967646286866,37.90730404679183,0.0,1781
aca_zero_premium_turnover,data/processed/drake_replication_primary_drake_harmonized_2022_2024.csv,prior_premium_lowest,float64,6477,full_file,6477,6477,0,170,0.0,0.0,0.0,0.0,11.669241,0.21243584390921816,0.9587040120066915,0.0,5691
aca_zero_premium_turnover,data/processed/drake_replication_primary_drake_harmonized_2022_2024.csv,prior_premium_second_lowest,float64,6477,full_file,6477,6477,0,216,0.0,0.0,0.0,0.0,29.275169999999942,0.7006017704184044,2.8522534355241933,0.0,5563
aca_zero_premium_turnover,data/processed/drake_replication_primary_drake_harmonized_2022_2024.csv,gross_premium_change_lowest,float64,6477,full_file,6477,6477,0,1373,-175.78000000000003,9.579999999999984,28.07,48.88999999999999,293.06000000000006,30.861709124594718,37.70698642464728,14.970000000000027,82
aca_zero_premium_turnover,data/processed/drake_replication_primary_drake_harmonized_2022_2024.csv,gross_premium_change_second_lowest,float64,6477,full_file,6477,6477,0,1470,-309.80000000000007,9.689999999999998,27.04000000000002,48.79000000000008,305.1400000000001,28.904475837579124,39.800662704158064,16.089999999999918,82
aca_zero_premium_turnover,data/processed/drake_replication_primary_drake_harmonized_2022_2024.csv,net_premium_proxy_change_lowest,float64,6477,full_file,6477,6477,0,1051,-8.667373999999825,0.0,0.1725529999999366,23.120000000000005,324.51,15.299502736297665,27.089765704401863,0.0,2783
aca_zero_premium_turnover,data/processed/drake_replication_primary_drake_harmonized_2022_2024.csv,net_premium_proxy_change_second_lowest,float64,6477,full_file,6477,6477,0,1255,-19.69737399999991,0.0,8.370000000000005,33.39999999999998,414.48,23.776365875868457,38.17746475532127,0.0,1758
aca_zero_premium_turnover,data/processed/drake_replication_primary_drake_harmonized_2022_2024.csv,previous_lowest_plan_id,object,6477,full_file,6477,6477,0,431,,,,,,,,33602TX0460704,229
aca_zero_premium_turnover,data/processed/drake_replication_primary_drake_harmonized_2022_2024.csv,previous_second_lowest_plan_id,object,6477,full_file,6477,6477,0,544,,,,,,,,50328WV0020021,144
aca_zero_premium_turnover,data/processed/drake_replication_primary_drake_harmonized_2022_2024.csv,mapped_current_lowest_plan_id,object,6477,full_file,6477,6477,0,406,,,,,,,,25896IA0370003,145
aca_zero_premium_turnover,data/processed/drake_replication_primary_drake_harmonized_2022_2024.csv,mapped_current_second_lowest_plan_id,object,6477,full_file,6477,6477,0,519,,,,,,,,34368KS0110049,166
aca_zero_premium_turnover,data/processed/drake_replication_primary_drake_harmonized_2022_2024.csv,previous_lowest_issuer_id,int64,6477,full_file,6477,6477,0,163,10091,32225.0,50328.0,76179.0,99969,53723.21198085533,26095.76093178757,33602,301
aca_zero_premium_turnover,data/processed/drake_replication_primary_drake_harmonized_2022_2024.csv,previous_second_lowest_issuer_id,int64,6477,full_file,6477,6477,0,166,10091,31195.0,50328.0,76179.0,99969,53847.85101127065,26012.312718172456,29418,266
aca_zero_premium_turnover,data/processed/drake_replication_primary_drake_harmonized_2022_2024.csv,mapped_current_lowest_issuer_id,float64,6477,full_file,6477,6477,0,160,10091.0,31274.0,46944.0,70893.0,99969.0,52691.90118882198,25838.064053890103,33602.0,301
aca_zero_premium_turnover,data/processed/drake_replication_primary_drake_harmonized_2022_2024.csv,mapped_current_second_lowest_issuer_id,float64,6477,full_file,6477,6477,0,162,10091.0,31195.0,50305.0,73943.0,99969.0,52895.134167052645,25738.198081390638,29418.0,275
aca_zero_premium_turnover,data/processed/drake_replication_primary_drake_harmonized_2022_2024.csv,crosswalk_current_lowest_issuer_id,float64,6477,full_file,6477,6477,0,160,10091.0,31274.0,46944.0,70893.0,99969.0,52691.90118882198,25838.064053890103,33602.0,301
aca_zero_premium_turnover,data/processed/drake_replication_primary_drake_harmonized_2022_2024.csv,crosswalk_current_second_lowest_issuer_id,float64,6477,full_file,6477,6477,0,162,10091.0,31195.0,50305.0,73943.0,99969.0,52895.134167052645,25738.198081390638,29418.0,275
aca_zero_premium_turnover,data/processed/drake_replication_primary_drake_harmonized_2022_2024.csv,plan_panel_current_lowest_issuer_id,float64,6477,full_file,6477,6477,0,160,10091.0,31274.0,46944.0,70893.0,99969.0,52691.90118882198,25838.064053890103,33602.0,301
aca_zero_premium_turnover,data/processed/drake_replication_primary_drake_harmonized_2022_2024.csv,plan_panel_current_second_lowest_issuer_id,float64,6477,full_file,6477,6477,0,162,10091.0,31195.0,50305.0,73943.0,99969.0,52895.134167052645,25738.198081390638,29418.0,275
aca_zero_premium_turnover,data/processed/drake_replication_primary_drake_harmonized_2022_2024.csv,crosswalk_level_lowest,float64,6477,full_file,6477,6477,0,4,0.0,0.0,0.0,0.0,3.0,0.3583449127682569,0.6909010526746338,0.0,4921
aca_zero_premium_turnover,data/processed/drake_replication_primary_drake_harmonized_2022_2024.csv,crosswalk_level_second_lowest,float64,6477,full_file,6477,6477,0,4,0.0,0.0,0.0,1.0,3.0,0.3577273429056662,0.6435581087182656,0.0,4749
aca_zero_premium_turnover,data/processed/drake_replication_primary_drake_harmonized_2022_2024.csv,crosswalk_reason_lowest,float64,6477,full_file,6477,6477,0,7,0.0,0.0,0.0,0.0,8.0,0.6898255365138182,1.7509310812993757,0.0,5129
aca_zero_premium_turnover,data/processed/drake_replication_primary_drake_harmonized_2022_2024.csv,crosswalk_reason_second_lowest,float64,6477,full_file,6477,6477,0,7,0.0,0.0,0.0,0.0,8.0,0.6489115331171839,1.5570093374629947,0.0,4934
aca_zero_premium_turnover,data/processed/drake_replication_primary_drake_harmonized_2022_2024.csv,same_issuer_lowest,bool,6477,full_file,6477,6477,0,2,0.0,1.0,1.0,1.0,1.0,0.9681951520765787,0.17549374507249532,True,6271
aca_zero_premium_turnover,data/processed/drake_replication_primary_drake_harmonized_2022_2024.csv,same_issuer_second_lowest,bool,6477,full_file,6477,6477,0,2,0.0,1.0,1.0,1.0,1.0,0.9644897329010345,0.18507991970518772,True,6247
aca_zero_premium_turnover,data/processed/drake_replication_primary_drake_harmonized_2022_2024.csv,same_issuer_lowest_crosswalk_only,bool,6477,full_file,6477,6477,0,2,0.0,1.0,1.0,1.0,1.0,0.9681951520765787,0.17549374507249532,True,6271
aca_zero_premium_turnover,data/processed/drake_replication_primary_drake_harmonized_2022_2024.csv,same_issuer_second_lowest_crosswalk_only,bool,6477,full_file,6477,6477,0,2,0.0,1.0,1.0,1.0,1.0,0.9644897329010345,0.18507991970518772,True,6247
aca_zero_premium_turnover,data/processed/drake_replication_primary_drake_harmonized_2022_2024.csv,same_issuer_lowest_plan_id_prefix,bool,6477,full_file,6477,6477,0,2,0.0,1.0,1.0,1.0,1.0,0.9681951520765787,0.17549374507249532,True,6271
aca_zero_premium_turnover,data/processed/drake_replication_primary_drake_harmonized_2022_2024.csv,same_issuer_second_lowest_plan_id_prefix,bool,6477,full_file,6477,6477,0,2,0.0,1.0,1.0,1.0,1.0,0.9644897329010345,0.18507991970518772,True,6247
aca_zero_premium_turnover,data/processed/drake_replication_primary_drake_harmonized_2022_2024.csv,treatment_constructible_flag,bool,6477,full_file,6477,6477,0,1,1.0,1.0,1.0,1.0,1.0,1.0,0.0,True,6477
aca_zero_premium_turnover,data/processed/drake_replication_primary_drake_harmonized_2022_2024.csv,reason_not_constructible,float64,6477,full_file,6477,0,6477,0,,,,,,,,,
aca_zero_premium_turnover,data/processed/drake_replication_primary_drake_harmonized_2022_2024.csv,missing_previous_plan_flag,bool,6477,full_file,6477,6477,0,1,0.0,0.0,0.0,0.0,0.0,0.0,0.0,False,6477
aca_zero_premium_turnover,data/processed/drake_replication_primary_drake_harmonized_2022_2024.csv,missing_crosswalk_flag,bool,6477,full_file,6477,6477,0,1,0.0,0.0,0.0,0.0,0.0,0.0,0.0,False,6477
aca_zero_premium_turnover,data/processed/drake_replication_primary_drake_harmonized_2022_2024.csv,missing_current_plan_flag,bool,6477,full_file,6477,6477,0,1,0.0,0.0,0.0,0.0,0.0,0.0,0.0,False,6477
aca_zero_premium_turnover,data/processed/drake_replication_primary_drake_harmonized_2022_2024.csv,missing_premium_flag,bool,6477,full_file,6477,6477,0,1,0.0,0.0,0.0,0.0,0.0,0.0,0.0,False,6477
aca_zero_premium_turnover,data/processed/drake_replication_primary_drake_harmonized_2022_2024.csv,missing_county_mapping_flag,bool,6477,full_file,6477,6477,0,1,0.0,0.0,0.0,0.0,0.0,0.0,0.0,False,6477
aca_zero_premium_turnover,data/processed/drake_replication_primary_drake_harmonized_2022_2024.csv,zero_premium_measure_type,object,6477,full_file,6477,6477,0,1,,,,,,,,ehb_adjusted_low_income_proxy,6477
aca_zero_premium_turnover,data/processed/drake_replication_primary_drake_harmonized_2022_2024.csv,premium_measure_type,object,6477,full_file,6477,6477,0,1,,,,,,,,age_40_individual_premium,6477
aca_zero_premium_turnover,data/processed/drake_replication_primary_drake_harmonized_2022_2024.csv,has_two_silver_plans,bool,6477,full_file,6477,6477,0,1,1.0,1.0,1.0,1.0,1.0,1.0,0.0,True,6477
aca_zero_premium_turnover,data/processed/drake_replication_primary_drake_harmonized_2022_2024.csv,lowest_silver_premium,float64,6477,full_file,6477,6477,0,1356,287.63,434.0,491.38,558.45,955.62,505.25596726879735,103.87577449620925,520.12,147
aca_zero_premium_turnover,data/processed/drake_replication_primary_drake_harmonized_2022_2024.csv,lowest_silver_ehb_premium,float64,6477,full_file,6477,6477,0,1367,287.63,433.84,491.38,558.45,955.62,505.0874746688281,103.74223468279456,520.12,147
aca_zero_premium_turnover,data/processed/drake_replication_primary_drake_harmonized_2022_2024.csv,lowest_silver_non_ehb_premium,float64,6477,full_file,6477,6477,0,128,0.0,0.0,0.0,0.0,11.669241,0.16849259996912286,0.8700856938508801,0.0,5805
aca_zero_premium_turnover,data/processed/drake_replication_primary_drake_harmonized_2022_2024.csv,second_lowest_silver_premium,float64,6477,full_file,6477,6477,0,1426,287.72,440.51,501.23,572.17,966.12,515.9104508259996,107.87136214755715,415.54,75
aca_zero_premium_turnover,data/processed/drake_replication_primary_drake_harmonized_2022_2024.csv,second_lowest_silver_ehb_premium,float64,6477,full_file,6477,6477,0,1432,287.72,439.43,501.23,572.17,966.12,515.4665567193144,107.54185003250119,386.841312,75
aca_zero_premium_turnover,data/processed/drake_replication_primary_drake_harmonized_2022_2024.csv,second_lowest_silver_non_ehb_premium,float64,6477,full_file,6477,6477,0,209,0.0,0.0,0.0,0.0,17.25236499999994,0.443894106685195,1.6628298592516153,0.0,5559
aca_zero_premium_turnover,data/processed/drake_replication_primary_drake_harmonized_2022_2024.csv,number_of_plans_tied_lowest,int64,6477,full_file,6477,6477,0,2,1,1.0,1.0,1.0,2,1.0159024239617107,0.1251077672150415,1,6374
aca_zero_premium_turnover,data/processed/drake_replication_primary_drake_harmonized_2022_2024.csv,number_of_plans_tied_second_lowest,int64,6477,full_file,6477,6477,0,2,1,1.0,1.0,1.0,2,1.0021614945190676,0.046445188222994,1,6463
aca_zero_premium_turnover,data/processed/drake_replication_primary_drake_harmonized_2022_2024.csv,tie_flag,bool,6477,full_file,6477,6477,0,2,0.0,0.0,0.0,0.0,1.0,0.018063918480778138,0.13319291387544616,False,6360
aca_zero_premium_turnover,data/processed/drake_replication_primary_drake_harmonized_2022_2024.csv,number_of_silver_plans,int64,6477,full_file,6477,6477,0,83,2,9.0,17.0,26.0,100,19.335186042921105,12.326994932313196,25,407
aca_zero_premium_turnover,data/processed/drake_replication_primary_drake_harmonized_2022_2024.csv,number_of_insurers,int64,6477,full_file,6477,6477,0,12,1,2.0,3.0,5.0,12,3.6166435077968195,1.6759169509852438,3,1844
aca_zero_premium_turnover,data/processed/drake_replication_primary_drake_harmonized_2022_2024.csv,min_silver_premium_all_plans,float64,6477,full_file,6477,6477,0,1356,287.63,434.0,491.38,558.45,955.62,505.25596726879735,103.87577449620925,520.12,147
aca_zero_premium_turnover,data/processed/drake_replication_primary_drake_harmonized_2022_2024.csv,max_silver_premium_all_plans,float64,6477,full_file,6477,6477,0,1130,365.94,588.51,659.43,760.28,1320.71,692.6131604137718,156.56646143653575,597.94,83
aca_zero_premium_turnover,data/processed/drake_replication_primary_drake_harmonized_2022_2024.csv,premium_spread_among_silver_plans,float64,6477,full_file,6477,6477,0,1142,0.0,1.7000000000000457,5.160000000000025,11.700000000000044,146.64999999999998,10.65448355720241,15.466895204981727,0.0,103
aca_zero_premium_turnover,data/processed/drake_replication_primary_drake_harmonized_2022_2024.csv,fewer_than_two_silver_plans,bool,6477,full_file,6477,6477,0,1,0.0,0.0,0.0,0.0,0.0,0.0,0.0,False,6477
aca_zero_premium_turnover,data/processed/drake_replication_primary_drake_harmonized_2022_2024.csv,lowest_bronze_premium,float64,6477,full_file,6477,6477,0,1312,217.51,335.96,374.33,421.43,718.27,386.7214234985333,78.1189896863122,392.64,143
aca_zero_premium_turnover,data/processed/drake_replication_primary_drake_harmonized_2022_2024.csv,number_of_bronze_plans,int64,6477,full_file,6477,6477,0,75,2,11.0,16.0,23.0,97,18.21784776902887,10.790079749487186,16,439
aca_zero_premium_turnover,data/processed/drake_replication_primary_drake_harmonized_2022_2024.csv,number_of_bronze_insurers,int64,6477,full_file,6477,6477,0,12,1,2.0,3.0,4.0,12,3.354330708661417,1.5378592156648736,3,2037
aca_zero_premium_turnover,data/processed/drake_replication_primary_drake_harmonized_2022_2024.csv,bronze_spread,float64,6477,full_file,6477,6477,0,1555,-78.10000000000002,91.78999999999996,128.27000000000004,162.77000000000004,310.79999999999995,129.18902732746642,49.1553613151933,75.75,75
aca_zero_premium_turnover,data/processed/drake_replication_primary_drake_harmonized_2022_2024.csv,market_control_measure_type,object,6477,full_file,6477,6477,0,1,,,,,,,,age_40_premium_county_year_market_controls,6477
aca_zero_premium_turnover,data/processed/drake_replication_primary_drake_harmonized_2022_2024.csv,market_control_limitations,object,6477,full_file,6477,6477,0,1,,,,,,,,Number of insurers is based on silver plan issuers in the constructed county-plan panel; bronze spread is SLCSP minus lowest bronze premium.,6477
aca_zero_premium_turnover,data/processed/drake_replication_primary_drake_harmonized_2022_2024.csv,enrollment_2021_weight,float64,6477,full_file,6477,6471,6,1460,12.0,318.0,709.0,1820.0,509218.0,3500.1024571163653,16963.466277428426,147.0,21
aca_zero_premium_turnover,data/processed/drake_replication_primary_drake_harmonized_2022_2024.csv,enrollment_2021_weight_raw,object,6477,full_file,6477,6477,0,1461,12.0,206.0,378.0,615.0,997.0,422.250569476082,254.7461093658103,144,21
aca_zero_premium_turnover,data/processed/drake_replication_primary_drake_harmonized_2022_2024.csv,enrollment_2021_weight_suppressed_flag,bool,6477,full_file,6477,6477,0,2,0.0,0.0,0.0,0.0,1.0,0.0009263547938860583,0.030424325341045697,False,6471
aca_zero_premium_turnover,data/processed/drake_replication_primary_drake_harmonized_2022_2024.csv,enrollment_2021_weight_source,object,6477,full_file,6477,6477,0,1,,,,,,,,data\raw\oep_puf\2021\2021-oep-county-level-public-use-file.zip,6477
aca_zero_premium_turnover,data/processed/drake_replication_primary_drake_harmonized_2022_2024.csv,any_zero_to_positive_turnover_nullable_when_not_constructible,bool,6477,full_file,6477,6477,0,2,0.0,0.0,1.0,1.0,1.0,0.6465956461324688,0.47806380553373745,True,4188
aca_zero_premium_turnover,data/processed/drake_replication_primary_drake_harmonized_2022_2024.csv,any_zero_to_positive_turnover_across_issuer_nullable_when_not_constructible,bool,6477,full_file,6477,6477,0,2,0.0,0.0,0.0,0.0,1.0,0.016519993824301374,0.12747388925968117,False,6370
aca_zero_premium_turnover,data/processed/drake_replication_primary_drake_harmonized_2022_2024.csv,any_zero_to_positive_turnover_within_issuer_nullable_when_not_constructible,bool,6477,full_file,6477,6477,0,2,0.0,0.0,1.0,1.0,1.0,0.6311563995677011,0.48252870034801953,True,4088
aca_zero_premium_turnover,data/processed/drake_replication_primary_drake_harmonized_2022_2024.csv,included_primary_sample,bool,6477,full_file,6477,6477,0,1,1.0,1.0,1.0,1.0,1.0,1.0,0.0,True,6477
aca_zero_premium_turnover,data/processed/drake_replication_primary_drake_harmonized_2022_2024.csv,sample_exclusion_reason,float64,6477,full_file,6477,0,6477,0,,,,,,,,,
aca_zero_premium_turnover,data/processed/drake_replication_primary_drake_harmonized_2022_2024.csv,continuous_hcgov_2022_2024,bool,6477,full_file,6477,6477,0,1,1.0,1.0,1.0,1.0,1.0,1.0,0.0,True,6477
aca_zero_premium_turnover,data/processed/drake_replication_primary_drake_harmonized_2022_2024.csv,drake_supplement_etable3_exclusion_reason,float64,6477,full_file,6477,0,6477,0,,,,,,,,,
aca_zero_premium_turnover,data/processed/drake_replication_primary_drake_harmonized_2022_2024.csv,drake_supplement_etable3_exclusion,bool,6477,full_file,6477,6477,0,1,0.0,0.0,0.0,0.0,0.0,0.0,0.0,False,6477
aca_zero_premium_turnover,data/processed/drake_replication_primary_drake_harmonized_2022_2024.csv,included_drake_harmonized_sample,bool,6477,full_file,6477,6477,0,1,1.0,1.0,1.0,1.0,1.0,1.0,0.0,True,6477
aca_zero_premium_turnover,data/processed/drake_replication_primary_drake_harmonized_2022_2024.csv,drake_table2_complete_case_core_flag,bool,6477,full_file,6477,6477,0,2,0.0,1.0,1.0,1.0,1.0,0.999073645206114,0.030424325341045694,True,6471
aca_zero_premium_turnover,data/processed/drake_replication_primary_drake_harmonized_2022_2024.csv,drake_table2_complete_case_all_outcomes_flag,bool,6477,full_file,6477,6477,0,2,0.0,1.0,1.0,1.0,1.0,0.9800833719314498,0.13972462272067288,True,6348
aca_zero_premium_turnover,data/processed/drake_replication_primary_drake_harmonized_2022_2024.csv,drake_table2_complete_case_missing_reason,object,6477,full_file,6477,129,6348,4,,,,,,,,missing_or_invalid_Tot_Renrl;missing_or_invalid_Auto_Renrl;missing_or_invalid_Actv_Renrl;missing_or_invalid_Actv_Renrl_Nsw;missing_or_invalid_Actv_Renrl_Sw,60
aca_zero_premium_turnover,data/processed/drake_replication_primary_drake_harmonized_2022_2024.csv,source_file_references,object,6477,full_file,6477,6477,0,3,,,,,,,,2022-oep-county-level-public-use-file.zip; transition=2021_to_2022,2159
aca_zero_premium_turnover,data/processed/drake_replication_primary_drake_harmonized_2022_2024.csv,any_zero_to_positive_turnover_bool,bool,6477,full_file,6477,6477,0,2,0.0,0.0,1.0,1.0,1.0,0.6465956461324688,0.47806380553373745,True,4188
aca_zero_premium_turnover,data/processed/drake_replication_primary_drake_harmonized_2022_2024.csv,lowest_zero_to_positive_turnover_bool,bool,6477,full_file,6477,6477,0,2,0.0,0.0,0.0,1.0,1.0,0.45036282229427205,0.49756846182960096,False,3560
aca_zero_premium_turnover,data/processed/drake_replication_primary_drake_harmonized_2022_2024.csv,second_lowest_zero_to_positive_turnover_bool,bool,6477,full_file,6477,6477,0,2,0.0,0.0,1.0,1.0,1.0,0.5868457619268179,0.49243807029450976,True,3801
aca_zero_premium_turnover,data/processed/drake_replication_primary_drake_harmonized_2022_2024.csv,any_zero_to_positive_turnover_across_issuer_bool,bool,6477,full_file,6477,6477,0,2,0.0,0.0,0.0,0.0,1.0,0.016519993824301374,0.12747388925968117,False,6370
aca_zero_premium_turnover,data/processed/drake_replication_primary_drake_harmonized_2022_2024.csv,lowest_zero_to_positive_turnover_across_issuer_bool,bool,6477,full_file,6477,6477,0,2,0.0,0.0,0.0,0.0,1.0,0.014204106839586228,0.11834066241014683,False,6385
aca_zero_premium_turnover,data/processed/drake_replication_primary_drake_harmonized_2022_2024.csv,second_lowest_zero_to_positive_turnover_across_issuer_bool,bool,6477,full_file,6477,6477,0,2,0.0,0.0,0.0,0.0,1.0,0.016365601358653697,0.1268867771234189,False,6371
aca_zero_premium_turnover,data/processed/drake_replication_primary_drake_harmonized_2022_2024.csv,any_zero_to_positive_turnover_across_issuer_crosswalk_only_bool,bool,6477,full_file,6477,6477,0,2,0.0,0.0,0.0,0.0,1.0,0.016519993824301374,0.12747388925968117,False,6370
aca_zero_premium_turnover,data/processed/drake_replication_primary_drake_harmonized_2022_2024.csv,any_zero_to_positive_turnover_across_issuer_plan_panel_only_bool,bool,6477,full_file,6477,6477,0,2,0.0,0.0,0.0,0.0,1.0,0.016519993824301374,0.12747388925968117,False,6370
aca_zero_premium_turnover,data/processed/drake_replication_primary_drake_harmonized_2022_2024.csv,any_zero_to_positive_turnover_across_issuer_plan_id_prefix_bool,bool,6477,full_file,6477,6477,0,2,0.0,0.0,0.0,0.0,1.0,0.016519993824301374,0.12747388925968117,False,6370
aca_zero_premium_turnover,data/processed/drake_replication_primary_drake_harmonized_2022_2024.csv,any_zero_to_positive_turnover_within_issuer_bool,bool,6477,full_file,6477,6477,0,2,0.0,0.0,1.0,1.0,1.0,0.6311563995677011,0.48252870034801953,True,4088
aca_zero_premium_turnover,data/processed/drake_replication_primary_drake_harmonized_2022_2024.csv,any_zero_to_positive_turnover_within_issuer_crosswalk_only_bool,bool,6477,full_file,6477,6477,0,2,0.0,0.0,1.0,1.0,1.0,0.6311563995677011,0.48252870034801953,True,4088
aca_zero_premium_turnover,data/processed/drake_replication_primary_drake_harmonized_2022_2024.csv,any_zero_to_positive_turnover_within_issuer_plan_panel_only_bool,bool,6477,full_file,6477,6477,0,2,0.0,0.0,1.0,1.0,1.0,0.6311563995677011,0.48252870034801953,True,4088
aca_zero_premium_turnover,data/processed/drake_replication_primary_drake_harmonized_2022_2024.csv,any_zero_to_positive_turnover_within_issuer_plan_id_prefix_bool,bool,6477,full_file,6477,6477,0,2,0.0,0.0,1.0,1.0,1.0,0.6311563995677011,0.48252870034801953,True,4088
aca_zero_premium_turnover,data/processed/drake_replication_primary_drake_harmonized_2022_2024.csv,treatment_constructible_flag_bool,bool,6477,full_file,6477,6477,0,1,1.0,1.0,1.0,1.0,1.0,1.0,0.0,True,6477
aca_zero_premium_turnover,data/processed/drake_replication_primary_drake_harmonized_2022_2024.csv,drake_table2_complete_case_core_flag_bool,bool,6477,full_file,6477,6477,0,2,0.0,1.0,1.0,1.0,1.0,0.999073645206114,0.030424325341045694,True,6471
aca_zero_premium_turnover,data/processed/drake_replication_primary_drake_harmonized_2022_2024.csv,drake_table2_complete_case_all_outcomes_flag_bool,bool,6477,full_file,6477,6477,0,2,0.0,1.0,1.0,1.0,1.0,0.9800833719314498,0.13972462272067288,True,6348
aca_zero_premium_turnover,data/processed/drake_replication_primary_drake_harmonized_2022_2024.csv,included_primary_sample_bool,bool,6477,full_file,6477,6477,0,1,1.0,1.0,1.0,1.0,1.0,1.0,0.0,True,6477
aca_zero_premium_turnover,data/processed/drake_replication_primary_drake_harmonized_2022_2024.csv,continuous_hcgov_2022_2024_bool,bool,6477,full_file,6477,6477,0,1,1.0,1.0,1.0,1.0,1.0,1.0,0.0,True,6477
aca_zero_premium_turnover,data/processed/drake_replication_primary_drake_harmonized_2022_2024.csv,suppression_or_missing_flag_bool,bool,6477,full_file,6477,6477,0,2,0.0,0.0,0.0,0.0,1.0,0.019916628068550254,0.1397246227206729,False,6348
aca_zero_premium_turnover,data/processed/drake_replication_primary_drake_harmonized_2022_2024.csv,missing_previous_plan_flag_bool,bool,6477,full_file,6477,6477,0,1,0.0,0.0,0.0,0.0,0.0,0.0,0.0,False,6477
aca_zero_premium_turnover,data/processed/drake_replication_primary_drake_harmonized_2022_2024.csv,missing_crosswalk_flag_bool,bool,6477,full_file,6477,6477,0,1,0.0,0.0,0.0,0.0,0.0,0.0,0.0,False,6477
aca_zero_premium_turnover,data/processed/drake_replication_primary_drake_harmonized_2022_2024.csv,missing_current_plan_flag_bool,bool,6477,full_file,6477,6477,0,1,0.0,0.0,0.0,0.0,0.0,0.0,0.0,False,6477
aca_zero_premium_turnover,data/processed/drake_replication_primary_drake_harmonized_2022_2024.csv,missing_premium_flag_bool,bool,6477,full_file,6477,6477,0,1,0.0,0.0,0.0,0.0,0.0,0.0,0.0,False,6477
aca_zero_premium_turnover,data/processed/drake_replication_primary_drake_harmonized_2022_2024.csv,missing_county_mapping_flag_bool,bool,6477,full_file,6477,6477,0,1,0.0,0.0,0.0,0.0,0.0,0.0,0.0,False,6477
aca_zero_premium_turnover,data/processed/drake_replication_primary_drake_harmonized_2022_2024.csv,any_zero_to_positive_turnover_unmapped_bool,bool,6477,full_file,6477,6477,0,1,0.0,0.0,0.0,0.0,0.0,0.0,0.0,False,6477
aca_zero_premium_turnover,data/processed/drake_replication_primary_drake_harmonized_2022_2024.csv,overall_reenrollment_share,float64,6477,full_file,6477,6411,66,5934,0.2160278745644599,0.7277917364600781,0.7659468850831472,0.8044794302238372,0.948936170212766,0.7646008668544341,0.058184553748037965,0.75,15
aca_zero_premium_turnover,data/processed/drake_replication_primary_drake_harmonized_2022_2024.csv,automatic_passive_share,float64,6477,full_file,6477,6391,86,5951,0.0511033681765389,0.2169811320754717,0.2513416815742397,0.28798595258999116,0.5882352941176471,0.25489126387633204,0.05852684272534129,0.25,23
aca_zero_premium_turnover,data/processed/drake_replication_primary_drake_harmonized_2022_2024.csv,active_share,float64,6477,full_file,6477,6391,86,6026,0.164924506387921,0.463740939621768,0.5061005852593988,0.5549281943680198,0.8275,0.5097755901494609,0.07630072530837208,0.5,33
aca_zero_premium_turnover,data/processed/drake_replication_primary_drake_harmonized_2022_2024.csv,active_stay_share,float64,6477,full_file,6477,6348,129,6047,0.0267324944307303,0.20388330603183238,0.2727272727272727,0.342264032759611,0.7275,0.276066358267292,0.09644875313664943,0.1666666666666666,10
aca_zero_premium_turnover,data/processed/drake_replication_primary_drake_harmonized_2022_2024.csv,active_switch_share,float64,6477,full_file,6477,6348,129,6015,0.0446428571428571,0.16983094555825187,0.22337103333630182,0.2869594119375258,0.729381443298969,0.23409831520574692,0.08644979983734438,0.25,13
aca_zero_premium_turnover,data/processed/drake_replication_primary_drake_harmonized_2022_2024.csv,automatic_passive_share_of_reenrollment,float64,6477,full_file,6477,6391,86,5885,0.0815709969788519,0.28635042283298096,0.3337226277372263,0.37888543823326426,0.6451612903225806,0.33449547825017006,0.07627472332725063,0.3333333333333333,25
aca_zero_premium_turnover,data/processed/drake_replication_primary_drake_harmonized_2022_2024.csv,active_share_of_reenrollment,float64,6477,full_file,6477,6391,86,5885,0.3548387096774194,0.6211145617667356,0.6662773722627737,0.713649577167019,0.918429003021148,0.6655045217498299,0.07627472332725063,0.6666666666666666,25
aca_zero_premium_turnover,data/processed/drake_replication_primary_drake_harmonized_2022_2024.csv,active_stay_share_of_reenrollment,float64,6477,full_file,6477,6348,129,5959,0.0337976707010733,0.2766148715526162,0.35978737413163636,0.43582227367318527,0.8150943396226416,0.35779126226943,0.11207435968193906,0.5,17
aca_zero_premium_turnover,data/processed/drake_replication_primary_drake_harmonized_2022_2024.csv,active_switch_share_of_reenrollment,float64,6477,full_file,6477,6348,129,5920,0.0591304347826086,0.2202254403684312,0.2941176470588235,0.38217722187497427,0.8573634959571182,0.30812393181136205,0.11549528974761133,0.3333333333333333,9
aca_zero_premium_turnover,data/processed/drake_replication_primary_drake_harmonized_2022_2024.csv,table1_outcome_missing_flag,bool,6477,full_file,6477,6477,0,2,0.0,0.0,0.0,0.0,1.0,0.019916628068550254,0.1397246227206729,False,6348
aca_zero_premium_turnover,data/processed/drake_replication_primary_drake_harmonized_2022_2024.csv,drake_supplement_exclusion_flag,bool,6477,full_file,6477,6477,0,1,0.0,0.0,0.0,0.0,0.0,0.0,0.0,False,6477
aca_zero_premium_turnover,data/processed/drake_replication_primary_drake_harmonized_2022_2024.csv,drake_supplement_exclusion_reason,float64,6477,full_file,6477,0,6477,0,,,,,,,,,
aca_zero_premium_turnover,data/raw/health_plan_finder/2019/2019q4-hios.xlsx,HIOS_ISSUER_ID,int64,7823,full_file,7823,7823,0,6879,10011,32530.0,55440.0,78264.0,99990,55214.464399846605,26180.570674358103,31195,3
aca_zero_premium_turnover,data/raw/health_plan_finder/2019/2019q4-hios.xlsx,ISSR_LGL_NAME,object,7823,full_file,7823,7823,0,1533,,,,,,,,Principal Life Insurance Company,102
aca_zero_premium_turnover,data/raw/health_plan_finder/2019/2019q4-hios.xlsx,MarketingName,object,7823,full_file,7823,3084,4739,707,,,,,,,,UnitedHealthcare,171
aca_zero_premium_turnover,data/raw/health_plan_finder/2019/2019q4-hios.xlsx,State,object,7823,full_file,7823,7823,0,56,,,,,,,,TX,276
aca_zero_premium_turnover,data/raw/health_plan_finder/2019/2019q4-hios.xlsx,IndividualMarket,object,7823,full_file,7823,7823,0,2,,,,,,,,YES,5386
aca_zero_premium_turnover,data/raw/health_plan_finder/2019/2019q4-hios.xlsx,SmallGroupMarket,object,7823,full_file,7823,7823,0,2,,,,,,,,NO,4236
aca_zero_premium_turnover,data/raw/health_plan_finder/2019/2019q4-hios.xlsx,UnknownMarket,object,7823,full_file,7823,7823,0,2,,,,,,,,NO,6846
aca_zero_premium_turnover,data/raw/health_plan_finder/2019/2019q4-hios.xlsx,LargeMarket,object,7823,full_file,7823,7823,0,1,,,,,,,,NO,7823
aca_zero_premium_turnover,data/raw/health_plan_finder/2019/2019q4-hios.xlsx,FEDERAL_EIN,float64,7823,full_file,7823,7820,3,1320,0.0,350704243.5,420127290.0,630124600.0,999999999.0,469155300.5826087,242820673.25411433,420127290.0,102
aca_zero_premium_turnover,data/raw/health_plan_finder/2019/2019q4-hios.xlsx,Active,object,7823,full_file,7823,7823,0,2,,,,,,,,YES,7289
aca_zero_premium_turnover,data/raw/health_plan_finder/2019/2019q4-hios.xlsx,DateCreated,datetime64[ns],7823,full_file,7823,7823,0,612,1274400000000000000,1.2790656e+18,1.3371264e+18,1.3673664e+18,1581033600000000000,1.3393902279943754e+18,5.612162508584469e+16,2010-05-26,573
aca_zero_premium_turnover,data/raw/health_plan_finder/2019/2019q4-hios.xlsx,LastModifiedDate,datetime64[ns],7823,full_file,7823,2655,5168,236,-9223372036854775808,-9.223372036854776e+18,-9.223372036854776e+18,1.3721184e+18,1580947200000000000,-5.621635552405149e+18,5.025430891409026e+18,2013-09-27,172
aca_zero_premium_turnover,data/raw/health_plan_finder/2019/2019q4-hios.xlsx,DatabaseCompanyID,float64,7823,full_file,7823,7820,3,1320,1.0,249.0,397.0,610.0,91104.0,5313.129667519182,19423.11586656596,320.0,102
aca_zero_premium_turnover,data/raw/health_plan_finder/2019/2019q4-hios.xlsx,ORG_ADR1,object,7823,full_file,7823,7697,126,1415,123.0,345.0,567.0,789.0,1011.0,567.0,627.9108216936542,501 W. Michigan St.,178
aca_zero_premium_turnover,data/raw/health_plan_finder/2019/2019q4-hios.xlsx,ORG_ADR2,object,7823,full_file,7823,1772,6051,304,300.0,548601710.0,731187572.0,731187572.0,731187572.0,548496232.0,338278704.4273586,Wortham Tower,88
aca_zero_premium_turnover,data/raw/health_plan_finder/2019/2019q4-hios.xlsx,ORG_CITY,object,7823,full_file,7823,7702,121,567,98205.0,98205.0,98205.0,98205.0,98205.0,98205.0,0.0,Indianapolis,367
aca_zero_premium_turnover,data/raw/health_plan_finder/2019/2019q4-hios.xlsx,ORG_STATE,object,7823,full_file,7823,7746,77,54,,,,,,,,TX,879
aca_zero_premium_turnover,data/raw/health_plan_finder/2019/2019q4-hios.xlsx,ORG_ZIP,float64,7823,full_file,7823,7702,121,933,680.0,30348.0,53583.0,73106.0,99999.0,51056.256946247726,26539.35870677257,68114.0,181
aca_zero_premium_turnover,data/raw/health_plan_finder/2019/2019q4-hios.xlsx,ORG_ZIP4,float64,7823,full_file,7823,1847,5976,322,0.0,1454.0,3132.0,5666.0,9997.0,3550.600433134813,2482.121943177157,2748.0,90
aca_zero_premium_turnover,data/raw/health_plan_finder/2020/2020q4-hios.xlsx,HIOS_ISSUER_ID,int64,7909,full_file,7909,7909,0,6940,10011,32363.0,55260.0,78124.0,99990,55138.88671134151,26180.901729337278,31070,3
aca_zero_premium_turnover,data/raw/health_plan_finder/2020/2020q4-hios.xlsx,ISSR_LGL_NAME,object,7909,full_file,7909,7909,0,1560,,,,,,,,Principal Life Insurance Company,102
aca_zero_premium_turnover,data/raw/health_plan_finder/2020/2020q4-hios.xlsx,MarketingName,object,7909,full_file,7909,3169,4740,738,,,,,,,,UnitedHealthcare,177
aca_zero_premium_turnover,data/raw/health_plan_finder/2020/2020q4-hios.xlsx,State,object,7909,full_file,7909,7909,0,56,,,,,,,,TX,283
aca_zero_premium_turnover,data/raw/health_plan_finder/2020/2020q4-hios.xlsx,IndividualMarket,object,7909,full_file,7909,7909,0,2,,,,,,,,YES,5415
aca_zero_premium_turnover,data/raw/health_plan_finder/2020/2020q4-hios.xlsx,SmallGroupMarket,object,7909,full_file,7909,7909,0,2,,,,,,,,NO,4267
aca_zero_premium_turnover,data/raw/health_plan_finder/2020/2020q4-hios.xlsx,UnknownMarket,object,7909,full_file,7909,7909,0,2,,,,,,,,NO,6934
aca_zero_premium_turnover,data/raw/health_plan_finder/2020/2020q4-hios.xlsx,LargeMarket,object,7909,full_file,7909,7909,0,1,,,,,,,,NO,7909
aca_zero_premium_turnover,data/raw/health_plan_finder/2020/2020q4-hios.xlsx,FEDERAL_EIN,float64,7909,full_file,7909,7906,3,1348,0.0,350781558.0,420127290.0,630782739.0,999999999.0,470470812.3669365,243550867.04174,420127290.0,102
aca_zero_premium_turnover,data/raw/health_plan_finder/2020/2020q4-hios.xlsx,Active,object,7909,full_file,7909,7909,0,2,,,,,,,,YES,7355
aca_zero_premium_turnover,data/raw/health_plan_finder/2020/2020q4-hios.xlsx,DateCreated,datetime64[ns],7909,full_file,7909,7909,0,649,1274400000000000000,1.2790656e+18,1.3371264e+18,1.3675392e+18,1613088000000000000,1.3418047704640282e+18,6.107094545450852e+16,2010-05-26,575
aca_zero_premium_turnover,data/raw/health_plan_finder/2020/2020q4-hios.xlsx,LastModifiedDate,datetime64[ns],7909,full_file,7909,2760,5149,242,-9223372036854775808,-9.223372036854776e+18,-9.223372036854776e+18,1.3745376e+18,1611100800000000000,-5.516115608264666e+18,5.064045807616563e+18,2013-09-27,173
aca_zero_premium_turnover,data/raw/health_plan_finder/2020/2020q4-hios.xlsx,DatabaseCompanyID,float64,7909,full_file,7909,7906,3,1348,1.0,249.0,406.5,612.0,91140.0,5949.050594485201,20699.087829956497,320.0,102
aca_zero_premium_turnover,data/raw/health_plan_finder/2020/2020q4-hios.xlsx,ORG_ADR1,object,7909,full_file,7909,7782,127,1449,123.0,345.0,567.0,789.0,1011.0,567.0,627.9108216936542,501 W. Michigan St.,178
aca_zero_premium_turnover,data/raw/health_plan_finder/2020/2020q4-hios.xlsx,ORG_ADR2,object,7909,full_file,7909,1798,6111,312,300.0,548601710.0,731187572.0,731187572.0,731187572.0,548496232.0,338278704.4273586,Wortham Tower,88
aca_zero_premium_turnover,data/raw/health_plan_finder/2020/2020q4-hios.xlsx,ORG_CITY,object,7909,full_file,7909,7787,122,574,98205.0,98205.0,98205.0,98205.0,98205.0,98205.0,0.0,Indianapolis,368
aca_zero_premium_turnover,data/raw/health_plan_finder/2020/2020q4-hios.xlsx,ORG_STATE,object,7909,full_file,7909,7834,75,54,,,,,,,,TX,881
aca_zero_premium_turnover,data/raw/health_plan_finder/2020/2020q4-hios.xlsx,ORG_ZIP,float64,7909,full_file,7909,7787,122,946,680.0,30348.0,53583.0,73106.0,99999.0,50888.762681392065,26671.389190576116,68114.0,181
aca_zero_premium_turnover,data/raw/health_plan_finder/2020/2020q4-hios.xlsx,ORG_ZIP4,float64,7909,full_file,7909,1868,6041,336,0.0,1423.0,3132.0,5666.0,9997.0,3556.585653104925,2499.2122931821696,2748.0,90
aca_zero_premium_turnover,data/raw/health_plan_finder/metadata/metadata-report-for-puf.xlsx,Unnamed: 0,object,171,full_file,171,13,158,13,,,,,,,,File Name,1
aca_zero_premium_turnover,data/raw/health_plan_finder/metadata/metadata-report-for-puf.xlsx,Unnamed: 1,object,171,full_file,171,171,0,154,,,,,,,,HIOS Plan ID,4
aca_zero_premium_turnover,data/raw/health_plan_finder/metadata/metadata-report-for-puf.xlsx,Fields Provided for RBIS Interim Files and Added by IMPAQ for Thursday Report Files,object,171,full_file,171,164,7,24,,,,,,,,NUMBER,42
aca_zero_premium_turnover,data/raw/health_plan_finder/metadata/metadata-report-for-puf.xlsx,Unnamed: 3,object,171,full_file,171,167,4,133,,,,,,,,A specific value conveying an understanding of identification of an insurance plan within the RBIS database.,8
aca_zero_premium_turnover,data/raw/health_plan_finder/metadata/metadata-report-for-puf.xlsx,Additional Fields Added by IMPAQ for both RBIS Interim and Thursday Report Files,object,171,full_file,171,170,1,4,,,,,,,,Yes,163
aca_zero_premium_turnover,data/raw/health_plan_finder/metadata/metadata-report-for-puf.xlsx,Unnamed: 5,object,171,full_file,171,166,5,24,,,,,,,,RBIS_INSURANCE_PLAN,41
aca_zero_premium_turnover,data/raw/health_plan_finder/metadata/metadata-report-for-puf.xlsx,Unnamed: 6,object,171,full_file,171,166,5,136,,,,,,,,INSRNC_PLAN_ID,8
aca_zero_premium_turnover,data/raw/health_plan_finder/metadata/metadata-report-for-puf.xlsx,Unnamed: 7,object,171,full_file,171,166,5,134,,,,,,,,Insurance Plan Identifier,8
aca_zero_premium_turnover,data/raw/health_plan_finder/metadata/metadata-report-for-puf.xlsx,Unnamed: 8,object,171,full_file,171,166,5,6,,,,,,,,Optional,98
aca_zero_premium_turnover,data/raw/health_plan_finder/metadata/metadata-report-for-puf.xlsx,Unnamed: 9,object,171,full_file,171,80,91,36,,,,,,,,"1 Yes
2 No",22
aca_zero_premium_turnover,data/raw/health_plan_finder/metadata/metadata-report-for-puf.xlsx,Unnamed: 10,object,171,full_file,171,166,5,13,,,,,,,,Straight Move,128
aca_zero_premium_turnover,data/raw/health_plan_finder/metadata/metadata-report-for-puf.xlsx,Unnamed: 11,object,171,full_file,171,166,5,3,,,,,,,,none,164
