year,constructible_rate
2022,0.9991830065359477
2023,1.0
2024,0.9874730021598273
