year,county_years,counties,states,enrollment,treatment_constructibility_rate,missing_treatment_rate,not_constructible_count,any_share_all_county_years,any_share_constructible,any_enrollment_weighted_share_all,any_enrollment_weighted_share_constructible,across_issuer_share_all_county_years,across_issuer_share_constructible,across_issuer_enrollment_weighted_share_all,across_issuer_enrollment_weighted_share_constructible,within_issuer_share_all_county_years,within_issuer_share_constructible,within_issuer_enrollment_weighted_share_all,within_issuer_enrollment_weighted_share_constructible
2022,2159,2159,29,9636366.0,1.0,0.0,0,0.7522000926354794,0.7522000926354794,0.8893321403524939,0.8893321403524939,0.04075961093098657,0.04075961093098657,0.010832921871170107,0.010832921871170107,0.7123668364983788,0.7123668364983788,0.8818870101031862,0.8818870101031862
2023,2159,2159,29,11503884.0,1.0,0.0,0,0.5826771653543307,0.5826771653543307,0.6133436324636097,0.6133436324636097,0.002315886984715146,0.002315886984715146,0.0007021976229941122,0.0007021976229941122,0.5808244557665586,0.5808244557665586,0.6130053119450787,0.6130053119450787
2024,2159,2159,29,15900650.0,1.0,0.0,0,0.6049096804075961,0.6049096804075961,0.7822945602852713,0.7822945602852713,0.006484483557202408,0.006484483557202408,0.02590623653750004,0.02590623653750004,0.6002779064381658,0.6002779064381658,0.7816060978639238,0.7816060978639238
