{
  "rows": 437168,
  "unique_persons": 36915,
  "duplicate_person_month_keys": 0,
  "weight_missing": 0,
  "weight_nonpos": 1285,
  "weight_min": 0.0,
  "weight_max": 101077.12454,
  "weight_mean": 9065.724462906575,
  "missing_counts": {
    "SSUID": 0,
    "PNUM": 0,
    "MONTHCODE": 0,
    "SPANEL": 0,
    "SWAVE": 0,
    "TEHC_ST": 0,
    "TST_INTV": 5153,
    "TMOVER": 16891,
    "WPFINWGT": 0,
    "RHLTHMTH": 0,
    "RPRIMTH": 0,
    "RPUBMTH": 0,
    "RPUBTYPE1": 0,
    "RPUBTYPE2": 0,
    "EMDMTH": 0,
    "EMD_BMONTH": 348452,
    "EMD_EMONTH": 348452,
    "RMD_CFLG": 353132
  },
  "top_counts": {
    "MONTHCODE": [
      [
        "1",
        36677
      ],
      [
        "2",
        36670
      ],
      [
        "3",
        36610
      ],
      [
        "4",
        36533
      ],
      [
        "5",
        36483
      ],
      [
        "6",
        36430
      ],
      [
        "7",
        36388
      ],
      [
        "8",
        36336
      ],
      [
        "9",
        36301
      ],
      [
        "10",
        36280
      ],
      [
        "11",
        36246
      ],
      [
        "12",
        36214
      ]
    ],
    "SPANEL": [
      [
        "2022",
        139584
      ],
      [
        "2024",
        139044
      ],
      [
        "2023",
        90973
      ],
      [
        "2021",
        67567
      ]
    ],
    "SWAVE": [
      [
        "3",
        139584
      ],
      [
        "1",
        139044
      ],
      [
        "2",
        90973
      ],
      [
        "4",
        67567
      ]
    ],
    "TEHC_ST": [
      [
        "06",
        61129
      ],
      [
        "48",
        39523
      ],
      [
        "12",
        24462
      ],
      [
        "36",
        22046
      ],
      [
        "17",
        14812
      ],
      [
        "42",
        14093
      ],
      [
        "13",
        13778
      ],
      [
        "26",
        12294
      ],
      [
        "53",
        12180
      ],
      [
        "39",
        11890
      ],
      [
        "37",
        11381
      ],
      [
        "51",
        10114
      ]
    ],
    "TST_INTV": [
      [
        "06",
        60296
      ],
      [
        "48",
        39216
      ],
      [
        "12",
        24331
      ],
      [
        "36",
        21830
      ],
      [
        "17",
        14818
      ],
      [
        "42",
        13926
      ],
      [
        "13",
        13623
      ],
      [
        "26",
        12062
      ],
      [
        "53",
        11938
      ],
      [
        "39",
        11788
      ],
      [
        "37",
        11233
      ],
      [
        "51",
        10074
      ]
    ],
    "TMOVER": [
      [
        "1",
        416774
      ],
      [
        "",
        16891
      ],
      [
        "2",
        1923
      ],
      [
        "3",
        791
      ],
      [
        "6",
        351
      ],
      [
        "7",
        204
      ],
      [
        "5",
        135
      ],
      [
        "4",
        99
      ]
    ],
    "RHLTHMTH": [
      [
        "1",
        399457
      ],
      [
        "2",
        37711
      ]
    ],
    "RPRIMTH": [
      [
        "1",
        282421
      ],
      [
        "2",
        154747
      ]
    ],
    "RPUBMTH": [
      [
        "2",
        241927
      ],
      [
        "1",
        195241
      ]
    ],
    "RPUBTYPE1": [
      [
        "2",
        318705
      ],
      [
        "1",
        118463
      ]
    ],
    "RPUBTYPE2": [
      [
        "2",
        343345
      ],
      [
        "1",
        93823
      ]
    ],
    "EMDMTH": [
      [
        "2",
        348452
      ],
      [
        "1",
        88716
      ]
    ],
    "EMD_BMONTH": [
      [
        "",
        348452
      ],
      [
        "1",
        85871
      ],
      [
        "2",
        790
      ],
      [
        "3",
        428
      ],
      [
        "5",
        327
      ],
      [
        "4",
        294
      ],
      [
        "7",
        236
      ],
      [
        "8",
        235
      ],
      [
        "6",
        177
      ],
      [
        "9",
        161
      ],
      [
        "10",
        101
      ],
      [
        "11",
        65
      ]
    ],
    "EMD_EMONTH": [
      [
        "",
        348452
      ],
      [
        "12",
        84036
      ],
      [
        "11",
        756
      ],
      [
        "10",
        673
      ],
      [
        "6",
        545
      ],
      [
        "9",
        523
      ],
      [
        "8",
        490
      ],
      [
        "7",
        405
      ],
      [
        "5",
        369
      ],
      [
        "4",
        367
      ],
      [
        "3",
        276
      ],
      [
        "2",
        163
      ]
    ],
    "RMD_CFLG": [
      [
        "",
        353132
      ],
      [
        "3",
        74121
      ],
      [
        "2",
        8732
      ],
      [
        "1",
        1183
      ]
    ]
  },
  "consistency": {
    "rpubtype2_yes_but_emdmth_not_yes_or_missing": 5107
  }
}