outcome,model,auc,pr_auc,brier,top_decile_capture,rows_test,weight_sum_test
medicaid_exit_next,baseline_state,0.4245447899648783,0.006904030980255999,0.00756503644756585,0.0859,29060,276929544.37
medicaid_exit_next,logistic,0.6755631752769694,0.012677548628717766,0.007540658154552164,0.1884,29060,276929544.37
medicaid_exit_next,tree,0.6437867987145756,0.011441013823246523,0.007547882587537108,0.1629,29060,276929544.37
medicaid_exit_to_uninsured_next,baseline_state,0.45666331420784034,0.0031752688638742627,0.003384989200203883,0.0427,29060,276929544.37
medicaid_exit_to_uninsured_next,logistic,0.6482873170225224,0.005805923458241018,0.0033805314550065407,0.1077,29060,276929544.37
medicaid_exit_to_uninsured_next,tree,0.599401824592497,0.005139525608339782,0.0033811770512698932,0.0917,29060,276929544.37
