poor_health,mean_cate,se,n
FALSE,-71.7879295123747,0.737186826578848,16574
TRUE,-123.708762715474,1.67420606086846,4675
