outcome,mean_cate,sd_cate,min_cate,max_cate,pct_negative
TOTSLF,-88.7138783584857,320.239698734097,-5387.43993566652,2554.3626389914,62.2946962209986
